Input Reddit Subreddit URL,Extract Limit,Sort,SubReddit Name,SubReddit ID,SubReddit Prefix,SubReddit URL,SubReddit Type,Subscribers Count,Post URL,Post Slug,Post Content,Post Title,Post Tag,Post Date,Post Thumbnail,Reddit Domain,Profile Handle,Profile URL,Comments Count,Edited,Saved,Clicked,Archived,Pinned,Hidden,Locked,Visited,Original Content,NSFW,Awards Count,Views Count,Upvotes Count,Downvotes Count,Upvote Ratio,No Upvotes,Premium Author,Media Author URL,Media Author Name,Live Comments,Video,Crossposts Count,Crosspostable,Reports Count,OP Notification,Sticky Post,Spoiler,Skipped Due to Filter,Skipped Due to Deduplication,Skipped Due to Input Validation Failure,Skipped Due to Required Input Missing,Failed Status,Timestamp,Error Message
https://www.reddit.com/r/uichicago/,1000,,uichicago,t5_2shzc,r/uichicago,https://www.reddit.com/r/uichicago,public,29115,https://www.reddit.com/r/uichicago/comments/1nf5ohm/the_ceiling_on_the_renovated_sce_market/,the_ceiling_on_the_renovated_sce_market,glad i was sober when i walked in i wouldve been tweaking thinking i was in 1984,the ceiling on the renovated sce market,null,2025-09-12T15:05:39.000Z,https://b.thumbs.redditmedia.com/Hz6WCeBYCV4sUSM-Iv17wWXFedGSxLJG7ZZoMJfex0M.jpg,true,justalittlecreture,https://www.reddit.com/user/justalittlecreture,14,false,false,false,false,false,false,false,false,false,false,0,,64,0,1,false,false,,,false,false,0,false,,true,false,false,,,,,,2025-09-12T18:51:45.341Z,
https://www.reddit.com/r/uichicago/,1000,,uichicago,t5_2shzc,r/uichicago,https://www.reddit.com/r/uichicago,public,29115,https://www.reddit.com/r/uichicago/comments/1nf3fc6/participate_in_uic_stress_study_quick_survey_23/,participate_in_uic_stress_study_quick_survey_23,"Hi everyone!  

I’m an undergrad here at UIC working on an **independent research project** for BIOS 391. My study looks at **stress levels across different class years (Freshman → Senior)** using a short survey.

  Completely anonymous  
  Takes about **2–3 minutes**  
  Your input will directly support a UIC student research project

If you have a moment, I’d really appreciate your participation:  
  \[https://docs.google.com/forms/d/e/1FAIpQLScQ8wfbdKzq6egaDVnfgh\_jWodIW8Spk\_Dr9lOHhHwu94hhxg/viewform?usp=header\]

Thank you so much for helping out!","Participate in UIC Stress Study (Quick Survey, 2–3 min)",null,2025-09-12T13:35:16.000Z,self,false,Antique_Art4857,https://www.reddit.com/user/Antique_Art4857,2,false,false,false,false,false,false,false,false,false,false,0,,2,0,1,true,false,,,false,false,0,false,,true,false,false,,,,,,2025-09-12T18:51:45.341Z,
https://www.reddit.com/r/uichicago/,1000,,uichicago,t5_2shzc,r/uichicago,https://www.reddit.com/r/uichicago,public,29115,https://www.reddit.com/r/uichicago/comments/1nexnaq/walk_with_purpose_ffs/,walk_with_purpose_ffs,"On the way back from ARC to SCE, It always gets clogged up near the lecture halls because people don’t know how to fucking walk with purpose. People have places to be, so don’t be the reason that they get to places late because you lack SPATIAL AWARENESS and URGENCY. I’m sick and tired of these numb brained people walking like zombies around all the lecture halls. Some of Yall genuinely need to pick up the pace. Wtf happened to the bustling pace of the city. How come all of a sudden people make themselves retarded and slow down? Never thought i would have to cut up through foot traffic it’s FUCKING INSANE.

Also some of you people walk like LITERAL SHEEP when it comes to getting to your next class. Just because everyone around is SLOW doesn’t meant you have to MATCH THEIR LACK OF URGENCY. PAVE YOUR OWN PATH AND STOP BEING THE REASON THAT YOU FUCK UP SOMEONES FLOW STATE.",WALK WITH PURPOSE FFS,News,2025-09-12T08:25:51.000Z,self,false,Basic-Assumption-202,https://www.reddit.com/user/Basic-Assumption-202,18,false,false,false,false,false,false,false,false,false,false,0,,44,0,0.82,false,false,,,false,false,0,false,,true,false,false,,,,,,2025-09-12T18:51:45.341Z,
https://www.reddit.com/r/uichicago/,1000,,uichicago,t5_2shzc,r/uichicago,https://www.reddit.com/r/uichicago,public,29115,https://www.reddit.com/r/uichicago/comments/1neuobv/uic_aspire_grant_does_it_cover_minors/,uic_aspire_grant_does_it_cover_minors,"Hey everyone. I am going to be a transfer student at UIC, and I will be receiving the Aspire Grant (my brother got it as well). I am planning on finishing my Psychology major; however, I want to minor in Biology. I am not sure if this will be covered or not. If it is, I will pursue a minor; however, if it isn’t, I will change my major and start with those Biology classes at my local community college. Does the aspire grant cover concurrent degrees? Joint ones? Dual degrees? 

I am planning on getting a graduate degree ( not sure what though ) I have varies options such as BCBA, Physician Assistant, Occupational Therapist, Physical Therapist, LCSW, MSW, etc. I know most of these programs dont care about your undergrad, just the pre reqs, extracurriculars, gpa ( in science classes),  jobs. However, I want to improve my chances of getting into one of these programs. I already have my associares in psychology ( finished in 2 semesters )- summer and fall. So time is not really an issue. Another important factor too is finishing my undergrad degree 1 year early, essentially, under 3yrs. 

So are any of yall in the aspire grant with a minor? What are the chances of me getting into one of these programs with a psych major? Should I switch my major? And will I finish my undergrad in 3yrs? All my general education is done, and electives as well ( I kinda went crazy in HS)",UIC Aspire Grant- does it cover minors?,Question,2025-09-12T05:15:00.000Z,self,false,Antique-Maximum4310,https://www.reddit.com/user/Antique-Maximum4310,1,false,false,false,false,false,false,false,false,false,false,0,,0,0,0.5,true,false,,,false,false,0,false,,true,false,false,,,,,,2025-09-12T18:51:45.341Z,
https://www.reddit.com/r/uichicago/,1000,,uichicago,t5_2shzc,r/uichicago,https://www.reddit.com/r/uichicago,public,29115,https://www.reddit.com/r/uichicago/comments/1nettid/im_offering_some_work_help_in_case_you_may_need/,im_offering_some_work_help_in_case_you_may_need,"Hello everyone, should you be struggling with online classes or work tasks that may need my input, feel free to reach out and work it out with me. I'm available, just hit my inbox and I'll be glad to help.","I'm offering some work help, in case you may need any.",Question,2025-09-12T04:24:54.000Z,self,false,Beautiful_River_9709,https://www.reddit.com/user/Beautiful_River_9709,0,false,false,false,false,false,false,false,false,false,false,0,,0,0,0.5,true,false,,,false,false,0,false,,true,false,false,,,,,,2025-09-12T18:51:45.341Z,
https://www.reddit.com/r/uichicago/,1000,,uichicago,t5_2shzc,r/uichicago,https://www.reddit.com/r/uichicago,public,29115,https://www.reddit.com/r/uichicago/comments/1nesk1t/organizations_and_clubs/,organizations_and_clubs,"Honestly, is any of the organizations or clubs at UIC free? every time I go to the club or organization they continue talking about dues and I’m confused I thought joining those things were free",Organizations and clubs?,Question,2025-09-12T03:17:33.000Z,self,false,Wonderful-Eye2369,https://www.reddit.com/user/Wonderful-Eye2369,1,false,false,false,false,false,false,false,false,false,false,0,,3,0,0.8,false,false,,,false,false,0,false,,true,false,false,,,,,,2025-09-12T18:51:45.342Z,
https://www.reddit.com/r/uichicago/,1000,,uichicago,t5_2shzc,r/uichicago,https://www.reddit.com/r/uichicago,public,29115,https://www.reddit.com/r/uichicago/comments/1nes1xr/orgo_1_group_me/,orgo_1_group_me,Is there a Group Me for Orgo?,Orgo 1 Group Me?,Question,2025-09-12T02:51:32.000Z,self,false,According-Ice7513,https://www.reddit.com/user/According-Ice7513,3,false,false,false,false,false,false,false,false,false,false,0,,0,0,0.33,true,false,,,false,false,0,false,,true,false,false,,,,,,2025-09-12T18:51:45.342Z,
https://www.reddit.com/r/uichicago/,1000,,uichicago,t5_2shzc,r/uichicago,https://www.reddit.com/r/uichicago,public,29115,https://www.reddit.com/r/uichicago/comments/1neri84/rankrate_the_cs_courses_by_difficulty/,rankrate_the_cs_courses_by_difficulty,"Hi!! If you’ve ever taken a CS class (shout out to the CS majors!), how would you rank its difficulty? I’m interested in making a difficulty tier list!",Rank/rate the CS courses by difficulty,Discussion,2025-09-12T02:24:23.000Z,self,false,Glum_Clerk5558,https://www.reddit.com/user/Glum_Clerk5558,7,false,false,false,false,false,false,false,false,false,false,0,,0,0,0.25,true,false,,,false,false,0,false,,true,false,false,,,,,,2025-09-12T18:51:45.342Z,
https://www.reddit.com/r/uichicago/,1000,,uichicago,t5_2shzc,r/uichicago,https://www.reddit.com/r/uichicago,public,29115,https://www.reddit.com/r/uichicago/comments/1neo9q5/helicopters_over_campus_640_pm/,helicopters_over_campus_640_pm,What were the helicopters over campus around 6:40 tonight??,Helicopters over campus 6:40 pm,null,2025-09-11T23:46:15.000Z,self,false,Aromatic-Warthog8142,https://www.reddit.com/user/Aromatic-Warthog8142,13,false,false,false,false,false,false,false,false,false,false,0,,25,0,0.86,false,false,,,false,false,0,false,,true,false,false,,,,,,2025-09-12T18:51:45.342Z,
https://www.reddit.com/r/uichicago/,1000,,uichicago,t5_2shzc,r/uichicago,https://www.reddit.com/r/uichicago,public,29115,https://www.reddit.com/r/uichicago/comments/1nenjyp/how_are_yall_managing_and_choosing_your_clubsorgs/,how_are_yall_managing_and_choosing_your_clubsorgs,"I’m freshman and struggling with choosing and attending my clubs and organizations that I want to join. They’re not interfering with my classes, maybe just AIAA and chem (ends @ 4:50PM, club starts @ 5:00PM) 

Most things happen at 5-7PM around the same time, on the same day. My questions is:
- How are you choosing which clubs?
- How many clubs are you in? 
- Are you going to one every other day?",How are y’all managing and choosing your clubs/orgs,Question,2025-09-11T23:12:27.000Z,self,false,SlowDownKy,https://www.reddit.com/user/SlowDownKy,2,false,false,false,false,false,false,false,false,false,false,0,,8,0,0.84,false,false,,,false,false,0,false,,true,false,false,,,,,,2025-09-12T18:51:45.342Z,
https://www.reddit.com/r/uichicago/,1000,,uichicago,t5_2shzc,r/uichicago,https://www.reddit.com/r/uichicago,public,29115,https://www.reddit.com/r/uichicago/comments/1nenh3y/create_a_post_and_respond_to_2_classmates/,create_a_post_and_respond_to_2_classmates,"Bruh i thought being in engineering would mean we didn’t have to do this type of stuff🫩

I was a business graduate before coming to UIC and i hated this so much",Create a post and respond to 2 classmates…,null,2025-09-11T23:08:47.000Z,self,false,WolfonStateStreet,https://www.reddit.com/user/WolfonStateStreet,9,true,false,false,false,false,false,false,false,false,false,0,,3,0,0.61,false,false,,,false,false,0,false,,true,false,false,,,,,,2025-09-12T18:51:45.342Z,
https://www.reddit.com/r/uichicago/,1000,,uichicago,t5_2shzc,r/uichicago,https://www.reddit.com/r/uichicago,public,29115,https://www.reddit.com/r/uichicago/comments/1nen9dy/do_i_need_to_pay_my_parking_ticket/,do_i_need_to_pay_my_parking_ticket,I got a uic parking ticket at the 2hr lot by SCE today as i forgot to pay. I heard you dont actually need to pay it and thy arent going to do anything about it bc my car isnt registered with the school. It is from the UIC parking office not the police.,Do i need to pay my parking ticket,null,2025-09-11T22:59:04.000Z,self,false,SupportNo1790,https://www.reddit.com/user/SupportNo1790,6,false,false,false,false,false,false,false,false,false,false,0,,1,0,0.55,true,false,,,false,false,0,false,,true,false,false,,,,,,2025-09-12T18:51:45.342Z,
https://www.reddit.com/r/uichicago/,1000,,uichicago,t5_2shzc,r/uichicago,https://www.reddit.com/r/uichicago,public,29115,https://www.reddit.com/r/uichicago/comments/1nelg52/out_of_state_merit_scholarships/,out_of_state_merit_scholarships,"Hey guys, I’m from out of state and looking to apply. I can only really come to the college if I get a huge scholarship so I wanted to ask you guys how they work. I’m looking to get a merit scholarship because I have a 4.25 gpa and an act in the 30s. What can I expect in merit scholarships? Anybody that got a scholarship, what did you get and were you out of state?",Out of state merit scholarships,Question,2025-09-11T21:40:30.000Z,self,false,Zealousideal-Fox-653,https://www.reddit.com/user/Zealousideal-Fox-653,0,false,false,false,false,false,false,false,false,false,false,0,,0,0,0.5,true,false,,,false,false,0,false,,true,false,false,,,,,,2025-09-12T18:51:45.342Z,
https://www.reddit.com/r/uichicago/,1000,,uichicago,t5_2shzc,r/uichicago,https://www.reddit.com/r/uichicago,public,29115,https://www.reddit.com/r/uichicago/comments/1nelabc/ducks_around_campus/,ducks_around_campus,To whoever is leaving those tiny plastic ducks around SCE: they made me and my friend’s day lol,Ducks around campus,null,2025-09-11T21:33:42.000Z,self,false,lazy_dreamer_05,https://www.reddit.com/user/lazy_dreamer_05,3,false,false,false,false,false,false,false,false,false,false,0,,25,0,0.91,false,false,,,false,false,0,false,,true,false,false,,,,,,2025-09-12T18:51:45.343Z,
https://www.reddit.com/r/uichicago/,1000,,uichicago,t5_2shzc,r/uichicago,https://www.reddit.com/r/uichicago,public,29115,https://www.reddit.com/r/uichicago/comments/1nekf18/does_the_uic_bsn_nursing_program_do_white_coat/,does_the_uic_bsn_nursing_program_do_white_coat,and uhhhh… if so… when,does the uic bsn (nursing) program do white coat ceremonies?,Question,2025-09-11T20:58:11.000Z,self,false,Ancient_Effect_4114,https://www.reddit.com/user/Ancient_Effect_4114,0,false,false,false,false,false,false,false,false,false,false,0,,0,0,0.33,true,false,,,false,false,0,false,,true,false,false,,,,,,2025-09-12T18:51:45.343Z,
https://www.reddit.com/r/uichicago/,1000,,uichicago,t5_2shzc,r/uichicago,https://www.reddit.com/r/uichicago,public,29115,https://www.reddit.com/r/uichicago/comments/1nejimy/anyone_else_get_free_pom_poms/,anyone_else_get_free_pom_poms,I'm sitting in SCE and these random girls gave me blue jeopardy pom poms on campus. Anyone know what club they're associated with?,Anyone else get free pom poms??,Question,2025-09-11T20:22:59.000Z,self,false,cubic_zirconia,https://www.reddit.com/user/cubic_zirconia,3,false,false,false,false,false,false,false,false,false,false,0,,3,0,0.72,false,false,,,false,false,0,false,,true,false,false,,,,,,2025-09-12T18:51:45.343Z,
https://www.reddit.com/r/uichicago/,1000,,uichicago,t5_2shzc,r/uichicago,https://www.reddit.com/r/uichicago,public,29115,https://www.reddit.com/r/uichicago/comments/1neji0i/transfer_process_to_uiuc/,transfer_process_to_uiuc,"Hey! I have a question regarding transferring..

So, I know it's only been about 3 weeks into the semester however I really don't feel like this is the best place for me. I am a first-year Neuroscience/Pre-Med major. I was looking into the Urbana-Champaign location to transfer to as I feel like that campus might fit me better. I think I was expecting to make friends easier, which I don't know what I expected as this is a commuter school, but I do attend all of the events, Im rushing a sorority, I dorm and Im doing my best to stay involved but I still find little to know luck meeting people. I know that UIUC is a bigger social school which is originally what I was looking for in my college experience, but there were many personal factors that played into why I couldn't apply to UIUC the first time around. Don't get me wrong, UIC is a great school academically but I just feel like this isn't the best place for me. I looked into the transfer process though for UIUC and some of the required courses are CHEM123/122, CHEM124/125, and MCB 150. Is that possible to do by fall of 2026? I know next to nothing about transfer processes.",Transfer Process to UIUC,null,2025-09-11T20:22:19.000Z,self,false,Only-Hall9190,https://www.reddit.com/user/Only-Hall9190,10,false,false,false,false,false,false,false,false,false,false,0,,2,0,0.6,false,false,,,false,false,0,false,,true,false,false,,,,,,2025-09-12T18:51:45.343Z,
https://www.reddit.com/r/uichicago/,1000,,uichicago,t5_2shzc,r/uichicago,https://www.reddit.com/r/uichicago,public,29115,https://www.reddit.com/r/uichicago/comments/1nejenp/private_bedroom_1_bed_available_for_the_academic/,private_bedroom_1_bed_available_for_the_academic,"Hi everyone, I’m looking for someone to take over my lease at **The Letterman Chicago**. It's a private bedroom in a 4bed 2bath apartment and the 3 other roommates are quiet, respectful males. I am looking for someone who would take over my lease as I am no longer in need of it. It's a 5 min walk from campus and other locations such as the Blue Line, and Target. Rent would be 1,190 per month, and is a 10 month lease so it's perfect for someone who needs an apartment for the academic year. You also get a $500 gift-card which you can use for rent purposes.  
  
Spots here don’t stay open for long, so message me if you or somebody you know is interested or for more details.",Private Bedroom / 1 bed available for the academic year,Other,2025-09-11T20:18:43.000Z,self,false,MostDull3673,https://www.reddit.com/user/MostDull3673,1,false,false,false,false,false,false,false,false,false,false,0,,0,0,0.5,true,false,,,false,false,4,false,,true,false,false,,,,,,2025-09-12T18:51:45.343Z,
https://www.reddit.com/r/uichicago/,1000,,uichicago,t5_2shzc,r/uichicago,https://www.reddit.com/r/uichicago,public,29115,https://www.reddit.com/r/uichicago/comments/1nei6jz/where_to_get_tdap/,where_to_get_tdap,Does anyone know where to get the TDaP vaccine at an affordable price? UIC is requiring me to get it.,Where to get TDaP?,Question,2025-09-11T19:31:11.000Z,self,false,Angel23g,https://www.reddit.com/user/Angel23g,5,false,false,false,false,false,false,false,false,false,false,0,,0,0,0.33,true,false,,,false,false,0,false,,true,false,false,,,,,,2025-09-12T18:51:45.343Z,
https://www.reddit.com/r/uichicago/,1000,,uichicago,t5_2shzc,r/uichicago,https://www.reddit.com/r/uichicago,public,29115,https://www.reddit.com/r/uichicago/comments/1negtz1/are_the_panhellenic_sororities_worth_it/,are_the_panhellenic_sororities_worth_it,"I’m thinking about rushing a Panhellenic sorority, but I’m not sure what to expect. Do people actually make real friendships, or is it more surface-level? Also, I’ve noticed a lot of the girls seem kind of whitewashed?",are the panhellenic sororities worth it?,Question,2025-09-11T18:39:20.000Z,self,false,Long_Ad_9195,https://www.reddit.com/user/Long_Ad_9195,1,false,false,false,false,false,false,false,false,false,false,0,,4,0,0.75,false,false,,,false,false,0,false,,true,false,false,,,,,,2025-09-12T18:51:45.343Z,
https://www.reddit.com/r/uichicago/,1000,,uichicago,t5_2shzc,r/uichicago,https://www.reddit.com/r/uichicago,public,29115,https://www.reddit.com/r/uichicago/comments/1nea67q/i_thought_you_guys_were_joking_about_lectures/,i_thought_you_guys_were_joking_about_lectures,"Why does it smell like literal shit from a butt in my 9:30 lecture rn    

I have never had a classroom/lecture hall/anywhere smell this bad without a cs class here directly before me",I thought you guys were joking about lectures smelling bad,Discussion,2025-09-11T14:24:10.000Z,self,false,exo-Skelton,https://www.reddit.com/user/exo-Skelton,30,false,false,false,false,false,false,false,false,false,false,0,,110,0,0.97,false,false,,,false,false,0,false,,true,false,false,,,,,,2025-09-12T18:51:45.343Z,
https://www.reddit.com/r/uichicago/,1000,,uichicago,t5_2shzc,r/uichicago,https://www.reddit.com/r/uichicago,public,29115,https://www.reddit.com/r/uichicago/comments/1ne9hit/student_financial_aid_and_scholarships_going_to/,student_financial_aid_and_scholarships_going_to,"I initially submitted a change in financial situation(CFS) appeal in July, it’s been two months and I still haven’t received word on whether or not my appeal has been approved, despite numerous email back and forth’s with my financial aid counselor. I was wondering if anyone has had any luck getting appeals resolved sooner by going in person to the office.",Student Financial Aid and Scholarships - Going to the office in person?,Question,2025-09-11T13:56:15.000Z,self,false,Opening_Programmer56,https://www.reddit.com/user/Opening_Programmer56,4,false,false,false,false,false,false,false,false,false,false,0,,5,0,0.78,false,false,,,false,false,0,false,,true,false,false,,,,,,2025-09-12T18:51:45.343Z,
https://www.reddit.com/r/uichicago/,1000,,uichicago,t5_2shzc,r/uichicago,https://www.reddit.com/r/uichicago,public,29115,https://www.reddit.com/r/uichicago/comments/1ne4n89/fall_25_bank_mobile_disbursements/,fall_25_bank_mobile_disbursements,"so usually I always use my bank account, but I just had to get it a day early and did the bank mobile thing. I thought everybody got their disbursements a day before they usually do. I usually get mine the day after the due date but I just woke up and it’s not there. Any ideas for anybody that uses bank mobile",Fall 25 bank mobile disbursements,null,2025-09-11T09:54:25.000Z,self,false,Living_Increase1333,https://www.reddit.com/user/Living_Increase1333,1,false,false,false,false,false,false,false,false,false,false,0,,3,0,0.72,false,false,,,false,false,0,false,,true,false,false,,,,,,2025-09-12T18:51:45.344Z,
https://www.reddit.com/r/uichicago/,1000,,uichicago,t5_2shzc,r/uichicago,https://www.reddit.com/r/uichicago,public,29115,https://www.reddit.com/r/uichicago/comments/1ndwmnb/people_laughing_at_charlie_kirk/,people_laughing_at_charlie_kirk,I just want to say that the amount of people I saw today openly making fun and laughing about the Charlie Kirk situation is absolutely disgusting. It’s actually pathetic and sad to see.,People laughing at Charlie Kirk,Discussion,2025-09-11T01:55:48.000Z,self,false,Waste_Raise2381,https://www.reddit.com/user/Waste_Raise2381,28,false,false,false,false,false,false,false,false,false,false,0,,0,0,0.29,true,false,,,false,false,0,false,,true,false,false,,,,,,2025-09-12T18:51:45.344Z,
https://www.reddit.com/r/uichicago/,1000,,uichicago,t5_2shzc,r/uichicago,https://www.reddit.com/r/uichicago,public,29115,https://www.reddit.com/r/uichicago/comments/1ndvnzd/looking_for_a_study_buddy/,looking_for_a_study_buddy,"NOT A UIC STUDENT but I graduated from NIU, moved to the city for work; studying for the CPA but don’t have anyone to study with… any takers? We could meet at any public library or UIC- doesn’t matter what you’re majoring in",Looking for a study buddy,null,2025-09-11T01:08:17.000Z,self,false,Content-Ad-1828,https://www.reddit.com/user/Content-Ad-1828,13,false,false,false,false,false,false,false,false,false,false,0,,6,0,0.65,false,false,,,false,false,0,false,,true,false,false,,,,,,2025-09-12T18:51:45.344Z,
https://www.reddit.com/r/uichicago/,1000,,uichicago,t5_2shzc,r/uichicago,https://www.reddit.com/r/uichicago,public,29115,https://www.reddit.com/r/uichicago/comments/1ndvm90/cme_260_notes/,cme_260_notes,"Anybody take CME 260 with Matthew Daly in the past? Taking it rn and would appreciate past notes. 
Or anyone in the class right now and want to work together?",CME 260 notes,Question,2025-09-11T01:05:56.000Z,self,false,biakratos,https://www.reddit.com/user/biakratos,0,false,false,false,false,false,false,false,false,false,false,0,,0,0,0.5,true,false,,,false,false,0,false,,true,false,false,,,,,,2025-09-12T18:51:45.344Z,
https://www.reddit.com/r/uichicago/,1000,,uichicago,t5_2shzc,r/uichicago,https://www.reddit.com/r/uichicago,public,29115,https://www.reddit.com/r/uichicago/comments/1ndt68r/is_anyone_selling_a_guest_spark_ticket/,is_anyone_selling_a_guest_spark_ticket,Looking for a friend out of school. Leave a comment or send me a DM!,Is anyone selling a guest Spark ticket?,Question,2025-09-10T23:09:06.000Z,self,false,UpstairsJacket6141,https://www.reddit.com/user/UpstairsJacket6141,0,false,false,false,false,false,false,false,false,false,false,0,,2,0,0.75,false,false,,,false,false,0,false,,true,false,false,,,,,,2025-09-12T18:51:45.348Z,
https://www.reddit.com/r/uichicago/,1000,,uichicago,t5_2shzc,r/uichicago,https://www.reddit.com/r/uichicago,public,29115,https://www.reddit.com/r/uichicago/comments/1ndrz7h/charlie_kirk_just_got_killed/,charlie_kirk_just_got_killed,"insane, i mean i didnt agree with alot of his takes but my god dude just got shot",Charlie Kirk just got killed. . .,null,2025-09-10T22:16:52.000Z,self,false,kunndata,https://www.reddit.com/user/kunndata,618,true,false,false,false,false,false,false,false,false,false,0,,178,0,0.65,false,false,,,false,false,0,false,,true,false,false,,,,,,2025-09-12T18:51:45.348Z,
https://www.reddit.com/r/uichicago/,1000,,uichicago,t5_2shzc,r/uichicago,https://www.reddit.com/r/uichicago,public,29115,https://www.reddit.com/r/uichicago/comments/1ndn436/is_tuition_more_expensive_for_anyone_else/,is_tuition_more_expensive_for_anyone_else,"Does anyone's tuition seem like it's more expensive this year. I'm in my final year of my masters, and Ive never had to pay more than 7.5K (which is crazy but ight), but now it is 8.5k. And looking at the charges, they charged me twice for Library &amp; IT Assessment and Acad Facility Maint Fund Assmt. Is this normal because this and in previous years, even in Fall 2024 didnt have these extra charges. Advice? Aside from emailing 

(Is this a better title??    )",Is tuition more expensive for anyone else?,Question,2025-09-10T18:59:59.000Z,self,false,Ok_Stretch_8608,https://www.reddit.com/user/Ok_Stretch_8608,3,false,false,false,false,false,false,false,false,false,false,0,,2,0,0.63,false,false,,,false,false,0,false,,true,false,false,,,,,,2025-09-12T18:51:45.349Z,
https://www.reddit.com/r/uichicago/,1000,,uichicago,t5_2shzc,r/uichicago,https://www.reddit.com/r/uichicago,public,29115,https://www.reddit.com/r/uichicago/comments/1ndl00p/question_for_fellow_autistic_and_sensory/,question_for_fellow_autistic_and_sensory,"I am a first year student and just started at UIC this fall semester. I haven’t had much of a chance to explore campus, and when I do I get very overwhelmed by the sheer amount of sensory information. 
My question is: Does anyone have any recommendations for a good place that is a more sensory reduced environment to go for a bit? I tried looking at resources but didn’t find anything. Obviously if anyone is hesitant or doesn’t want to share I understand, as sometimes sharing things on the internet means they lose their anonymity or value. I don’t want to “take” anyone’s quiet area or intrude, I want to explore more and find what I like, I just am seeking an area where I can go briefly to reset while I’m still discovering where I can go. 

Outside is currently my favorite place, but I detest the feeling of bugs crawling on me and there are a lot of them here that do so!",Question for fellow autistic and sensory sensitive individuals,Question,2025-09-10T17:41:30.000Z,self,false,plsgodletmeseenessie,https://www.reddit.com/user/plsgodletmeseenessie,36,false,false,false,false,false,false,false,false,false,false,0,,16,0,0.9,false,false,,,false,false,0,false,,true,false,false,,,,,,2025-09-12T18:51:45.349Z,
https://www.reddit.com/r/uichicago/,1000,,uichicago,t5_2shzc,r/uichicago,https://www.reddit.com/r/uichicago,public,29115,https://www.reddit.com/r/uichicago/comments/1ndgua5/why_is_uic_wifi_just_so_unbearable/,why_is_uic_wifi_just_so_unbearable,"Everyone knows that the UIC WiFi yesterday just completely terminated with all functionality and I, among my peers, were just letting rotting with contempt while staring at a annoying zyBooks screen that just refused to load. But this morning, the WiFi is exceptionally slower then usual. Don't get me wrong I'm very aware of just how third-rate (this may be too generous even) the campus WiFi really is, but this week has been a utter headache, and I can't do it right now. Don't get me started on the beacon of evil that is Richard J. Daley Library. Ever since that imbecile was caught watching p\*rn on that computer in that library, God has decided that Richard J. Daley is the modern-day Sodom and Gomorrah and instead of sending a mighty meteor to decimate the place, he sent an event much more severe: Eternally slow/non-existent WiFi. What a curse, truly! If you want to know what the average WiFi strength, speed, and connection of a third-rate underdeveloped country with corrupt officials in government feels like, I assure you, please make your way to Richard J. Daley Library, your lips will start crusting with malnutrition and poverty the moment you step foot in that loathsome asylum. They need to fix this issue, I'm trying to feed my family, I'm trying to get to work, but this campus WiFi is just egregious, here I am, on Reddit crying about it. I have never done this in my life, but these events have pushed me to a new fit of rage, and hence this post. Thank you for listening to my unorthodox Ted Talk.",Why is UIC WiFI just so unbearable?,Question,2025-09-10T15:10:22.000Z,self,false,kunndata,https://www.reddit.com/user/kunndata,9,false,false,false,false,false,false,false,false,false,false,0,,52,0,0.96,false,false,,,false,false,0,false,,true,false,false,,,,,,2025-09-12T18:51:45.349Z,
https://www.reddit.com/r/uichicago/,1000,,uichicago,t5_2shzc,r/uichicago,https://www.reddit.com/r/uichicago,public,29115,https://www.reddit.com/r/uichicago/comments/1ndflv0/has_anyone_taken_cs_109/,has_anyone_taken_cs_109,"Hello! I'm planning on taking CS 109 soon, and the issue is that I have little to no coding experience, and I am really worried about taking the class. I'm a Civil E major. I was wondering if someone can lmk how the class is like and what I gotta look out for.",Has anyone taken CS 109?,Question,2025-09-10T14:23:16.000Z,self,false,Ok_Plantain964,https://www.reddit.com/user/Ok_Plantain964,1,false,false,false,false,false,false,false,false,false,false,0,,2,0,1,false,false,,,false,false,0,false,,true,false,false,,,,,,2025-09-12T18:51:45.349Z,
https://www.reddit.com/r/uichicago/,1000,,uichicago,t5_2shzc,r/uichicago,https://www.reddit.com/r/uichicago,public,29115,https://www.reddit.com/r/uichicago/comments/1ndfj00/angry_bus_driver/,angry_bus_driver,"For the commuters, have anyone been in the bus either 60/7/157 with this bus driver that would literally yell at students for “blocking the doors”. Today he got out of his seat just to tell someone to move.

Which hasn’t happened with other drivers, if someone needs to get out people would just move when the bus stops right?

idk it just seems like a crazy way to start the morning with the driver yelling at someone",angry bus driver,null,2025-09-10T14:20:13.000Z,self,false,Weird_Blacksmith9690,https://www.reddit.com/user/Weird_Blacksmith9690,11,false,false,false,false,false,false,false,false,false,false,0,,0,0,0.44,true,false,,,false,false,0,false,,true,false,false,,,,,,2025-09-12T18:51:45.349Z,
https://www.reddit.com/r/uichicago/,1000,,uichicago,t5_2shzc,r/uichicago,https://www.reddit.com/r/uichicago,public,29115,https://www.reddit.com/r/uichicago/comments/1ndd57x/looking_for_sublease_female/,looking_for_sublease_female,"Hi! Looking for a female roommate to sublease for our 2 bed/1 bath apartment in Little Village. Rent is $750/mo, utilities not included. Message me for more info!",Looking for Sublease (Female),null,2025-09-10T12:42:41.000Z,https://b.thumbs.redditmedia.com/ATgA9n0uyn0rUtcbJ647BQAcZyWHWlxZjsty3WYKXLM.jpg,false,PriorNeedleworker551,https://www.reddit.com/user/PriorNeedleworker551,0,false,false,false,false,false,false,false,false,false,false,0,,0,0,0.33,true,false,,,false,false,0,false,,true,false,false,,,,,,2025-09-12T18:51:45.349Z,
https://www.reddit.com/r/uichicago/,1000,,uichicago,t5_2shzc,r/uichicago,https://www.reddit.com/r/uichicago,public,29115,https://www.reddit.com/r/uichicago/comments/1nd52r1/canceling_meal_plan/,canceling_meal_plan,"If i were to cancel my meal plan right now, Can i get refunded?",Canceling meal plan,null,2025-09-10T04:45:04.000Z,self,false,Money_Special_3342,https://www.reddit.com/user/Money_Special_3342,4,false,false,false,false,false,false,false,false,false,false,0,,0,0,0.25,true,false,,,false,false,0,false,,true,false,false,,,,,,2025-09-12T18:51:45.350Z,
https://www.reddit.com/r/uichicago/,1000,,uichicago,t5_2shzc,r/uichicago,https://www.reddit.com/r/uichicago,public,29115,https://www.reddit.com/r/uichicago/comments/1nd3xlh/how_do_i_meet_other_polish_people_at_school/,how_do_i_meet_other_polish_people_at_school,I’m first gen born here and want to meet more Polish people. Is there a club or something?,How do I meet other Polish people at school?,Question,2025-09-10T03:43:07.000Z,self,false,61745,https://www.reddit.com/user/61745,4,false,false,false,false,false,false,false,false,false,false,0,,0,0,0.17,true,false,,,false,false,0,false,,true,false,false,,,,,,2025-09-12T18:51:45.350Z,
https://www.reddit.com/r/uichicago/,1000,,uichicago,t5_2shzc,r/uichicago,https://www.reddit.com/r/uichicago,public,29115,https://www.reddit.com/r/uichicago/comments/1nd3vfs/why_dont_ppl_answer_basic_questions_in_class/,why_dont_ppl_answer_basic_questions_in_class,"Does anyone else experience awkward silences after the teacher asks a question to the class? I mean completely easy questions with one-word answers. Yet the teacher is clearly waiting for 10+ seconds while ppl awkwardly stare. Why dont yall just shout smth out??   Yall are in a 300-400+ level class and dont answer basic, EASY questions. Why bother spending THOUSANDS a semester, if u cant even speak in class and just sit their like a mannequin? Its so strange.",why dont ppl answer basic questions in class???,Question,2025-09-10T03:39:58.000Z,self,false,darkspark0,https://www.reddit.com/user/darkspark0,37,false,false,false,false,false,false,false,false,false,false,0,,97,0,0.88,false,false,,,false,false,0,false,,true,false,false,,,,,,2025-09-12T18:51:45.350Z,
https://www.reddit.com/r/uichicago/,1000,,uichicago,t5_2shzc,r/uichicago,https://www.reddit.com/r/uichicago,public,29115,https://www.reddit.com/r/uichicago/comments/1nd1zjn/brain_fcked_at_lab_class/,brain_fcked_at_lab_class,"I had a 3-hour lab. Normally, it’s just me and this one person who’s been my friend since freshman year—we’ve taken most of the same classes, so we usually end up as lab partners. But this time, this person came up to us and asked if they could join. I was polite and said yes. But then the whole 3 fcking hour lab class they was bossing us around and making us feel like we were fools who don’t know shit. When i told them that we can do the experiment this certain way they wouldnt take heed to my words and went around asking other people as if my words weighed nothing. What frustrated me the most was that since we had to submit the experiment as a team, I specifically told them what to write for one of the answers—and they just completely disregarded me. Instead of writing anything at all, they left the question blank and RAN to submit the lab work, not giving us a chance to even look at it!!! That honestly annoyed me more than anything else. (sorry just ranting)",Brain fcked at lab class,null,2025-09-10T02:06:21.000Z,self,false,i_hate_being_social,https://www.reddit.com/user/i_hate_being_social,4,false,false,false,false,false,false,false,false,false,false,0,,46,0,0.98,false,false,,,false,false,0,false,,true,false,false,,,,,,2025-09-12T18:51:45.350Z,
https://www.reddit.com/r/uichicago/,1000,,uichicago,t5_2shzc,r/uichicago,https://www.reddit.com/r/uichicago,public,29115,https://www.reddit.com/r/uichicago/comments/1nd1rcq/chem_labs_have_bad_ta/,chem_labs_have_bad_ta,Anyone having any issues with their Chem Lab TA or is it just me. Discussions is fine but fr labs are a total mess especially General Chemistry. TA don’t seem to know anything. Cant teach. Has anyone had any luck getting a fix from Chem department. Is there any nice and actually responsive people in that department who will listen to you and try to help?,Chem labs have bad TA,null,2025-09-10T01:55:41.000Z,self,false,Thin-Emu-7392,https://www.reddit.com/user/Thin-Emu-7392,2,false,false,false,false,false,false,false,false,false,false,0,,5,0,0.78,false,false,,,false,false,0,false,,true,false,false,,,,,,2025-09-12T18:51:45.350Z,
https://www.reddit.com/r/uichicago/,1000,,uichicago,t5_2shzc,r/uichicago,https://www.reddit.com/r/uichicago,public,29115,https://www.reddit.com/r/uichicago/comments/1nd1mj8/chem_101_schroeder_quiz_and_exams/,chem_101_schroeder_quiz_and_exams,"Hello all, can someone who took Chemistry 101 with Schroeder explain whether the quizzes and exams are multiple choice?  I am doomed if I have to spell for some of the answers. 

https://preview.redd.it/0d8pgw04t8of1.jpg?width=736&amp;format=pjpg&amp;auto=webp&amp;s=fb231319589c7a8c4d8c52ffeb26face0cb44207",Chem 101 Schroeder quiz and exams,null,2025-09-10T01:49:22.000Z,https://b.thumbs.redditmedia.com/1FVDoHOqMndK4YDWXi0g6_hY1mFmGSFcYhhH5DarOPQ.jpg,false,Medium-Classic-2487,https://www.reddit.com/user/Medium-Classic-2487,8,false,false,false,false,false,false,false,false,false,false,0,,0,0,0.5,true,false,,,false,false,0,false,,true,false,false,,,,,,2025-09-12T18:51:45.350Z,
https://www.reddit.com/r/uichicago/,1000,,uichicago,t5_2shzc,r/uichicago,https://www.reddit.com/r/uichicago,public,29115,https://www.reddit.com/r/uichicago/comments/1nd131k/if_someone_lost_something_in_the_library_3rd/,if_someone_lost_something_in_the_library_3rd,"I won't be specific on what it is, but if you lost it it doesn't hurt to ask. 

These things are kind of expensive and I'd hate to buy another one if I were you.

I found it this morning in the first pod chair on the 3rd floor around 7am. DM me if you know what I'm talking about and I'll give it back to you.","If someone lost something in the library 3rd floor pod chairs, lmk",null,2025-09-10T01:23:37.000Z,self,false,Atacoz,https://www.reddit.com/user/Atacoz,2,false,false,false,false,false,false,false,false,false,false,0,,5,0,0.86,false,false,,,false,false,0,false,,true,false,false,,,,,,2025-09-12T18:51:45.350Z,
https://www.reddit.com/r/uichicago/,1000,,uichicago,t5_2shzc,r/uichicago,https://www.reddit.com/r/uichicago,public,29115,https://www.reddit.com/r/uichicago/comments/1nczo5o/got_a_case_of_the_lonelies/,got_a_case_of_the_lonelies,"I see a lot of posts from students looking for friends, so why not link yall up? With a “Looking for Friends Mega Thread.”

Drop a quick intro about yourself and suggest a hangout on or near campus. Anyone interested can message you directly. Let’s go! I believe in you all.

Ideas for your intro:
•Age, gender, major, live on campus or commuter? 
•Hobbies, favorite artist, or sports team
•Do you like bike rides? Exploring the city?
•Want to catch an exhibit, a local game, or a show?
•Need a buddy for a club meeting?

Post away and start connecting!",Got a case of the lonelies?,Discussion,2025-09-10T00:17:37.000Z,https://b.thumbs.redditmedia.com/g24d7kOuM2it0WAqRSNF2l70epxNzrqAWEI6QdBtr0s.jpg,true,ahhnnna,https://www.reddit.com/user/ahhnnna,9,false,false,false,false,false,false,false,false,false,false,0,,31,0,0.87,false,false,,,false,false,0,false,,true,false,false,,,,,,2025-09-12T18:51:45.351Z,
https://www.reddit.com/r/uichicago/,1000,,uichicago,t5_2shzc,r/uichicago,https://www.reddit.com/r/uichicago,public,29115,https://www.reddit.com/r/uichicago/comments/1ncyiy7/can_you_get_into_uic_engineering_without_taking/,can_you_get_into_uic_engineering_without_taking,,Can you get into UIC engineering without taking precalc in highschool?,Question,2025-09-09T23:25:57.000Z,self,false,notaskater,https://www.reddit.com/user/notaskater,4,false,false,false,false,false,false,false,false,false,false,0,,1,0,0.67,true,false,,,false,false,0,false,,true,false,false,,,,,,2025-09-12T18:51:45.351Z,
https://www.reddit.com/r/uichicago/,1000,,uichicago,t5_2shzc,r/uichicago,https://www.reddit.com/r/uichicago,public,29115,https://www.reddit.com/r/uichicago/comments/1ncyez0/can_someone_explain_the_cashierless_store_in_sce/,can_someone_explain_the_cashierless_store_in_sce,Ayo what happened to the lil store near dunkin that sold all that stuff?? U need to tap the card on the thing to  get charged???? I dont remember it being like this     i think i just stole from the store. Im so confused,Can someone explain the Cashierless store in sce???,Question,2025-09-09T23:21:00.000Z,self,false,suicidalspahgetti,https://www.reddit.com/user/suicidalspahgetti,20,false,false,false,false,false,false,false,false,false,false,0,,42,0,0.94,false,false,,,false,false,0,false,,true,false,false,,,,,,2025-09-12T18:51:45.351Z,
https://www.reddit.com/r/uichicago/,1000,,uichicago,t5_2shzc,r/uichicago,https://www.reddit.com/r/uichicago,public,29115,https://www.reddit.com/r/uichicago/comments/1ncy60s/remember_to_opt_out_of_fees_you_dont_need/,remember_to_opt_out_of_fees_you_dont_need,"Friendly reminder to opt out of campus care ($697) if you already have health insurance. 

And also Sustainability Fee/Student to Student Fee if you want to send that email for an extra $9 off your bill before the 9/12 deadline.

[https://campuscare.uic.edu/important-information/waiver-reinstatement-forms/](https://campuscare.uic.edu/important-information/waiver-reinstatement-forms/)

[bursarhelp@uillinois.edu](mailto:bursarhelp@uillinois.edu) (Email for requesting form for Sustainability Fee+Student to Student Fee)",Remember to opt out of fees you dont need,null,2025-09-09T23:10:21.000Z,self,false,Nice_Soil1782,https://www.reddit.com/user/Nice_Soil1782,6,false,false,false,false,false,false,false,false,false,false,0,,25,0,0.94,false,false,,,false,false,0,false,,true,false,false,,,,,,2025-09-12T18:51:45.351Z,
https://www.reddit.com/r/uichicago/,1000,,uichicago,t5_2shzc,r/uichicago,https://www.reddit.com/r/uichicago,public,29115,https://www.reddit.com/r/uichicago/comments/1ncxuzg/whats_the_best_multicultural_or_latina_based/,whats_the_best_multicultural_or_latina_based,I’m slightly interested in joining a sorority and I’ve only talked to Lamba Theta Alpha so far but I wanna know if there are others that I should check out. I’ll take anyone’s thoughts on any of the sororities.,What’s the best multicultural or Latina based sorority to join?,Question,2025-09-09T22:57:37.000Z,self,false,Adept-Vanilla8867,https://www.reddit.com/user/Adept-Vanilla8867,1,false,false,false,false,false,false,false,false,false,false,0,,0,0,0.5,true,false,,,false,false,0,false,,true,false,false,,,,,,2025-09-12T18:51:45.352Z,
https://www.reddit.com/r/uichicago/,1000,,uichicago,t5_2shzc,r/uichicago,https://www.reddit.com/r/uichicago,public,29115,https://www.reddit.com/r/uichicago/comments/1ncxcsx/have_they_charged_the_parking_fee_yet/,have_they_charged_the_parking_fee_yet,Have yall been charged the parking fee in UI-pay yet? It says the charge will appear within 3 weeks but its been almost a month...,Have they charged the parking fee yet?,Question,2025-09-09T22:36:25.000Z,self,false,Regular_Football8727,https://www.reddit.com/user/Regular_Football8727,1,false,false,false,false,false,false,false,false,false,false,0,,1,0,0.67,true,false,,,false,false,0,false,,true,false,false,,,,,,2025-09-12T18:51:45.352Z,
https://www.reddit.com/r/uichicago/,1000,,uichicago,t5_2shzc,r/uichicago,https://www.reddit.com/r/uichicago,public,29115,https://www.reddit.com/r/uichicago/comments/1ncwvr7/is_something_going_on_at_bsb/,is_something_going_on_at_bsb,"Exactly the title, was sitting outside for a few hours and saw several groups going and taking selfies in front of the green awning and then walking away, and I wanted to know what's up. But social anxiety says I can't ask directly, so does anyone know?",Is something going on at BSB,Question,2025-09-09T22:16:18.000Z,self,false,banana_scramble,https://www.reddit.com/user/banana_scramble,6,false,false,false,false,false,false,false,false,false,false,0,,7,0,0.89,false,false,,,false,false,0,false,,true,false,false,,,,,,2025-09-12T18:51:45.352Z,
https://www.reddit.com/r/uichicago/,1000,,uichicago,t5_2shzc,r/uichicago,https://www.reddit.com/r/uichicago,public,29115,https://www.reddit.com/r/uichicago/comments/1ncwrjg/sparks_concert_ticket/,sparks_concert_ticket,Anybody not planning on going to the concert? I have two friends who would love not to pay $40 lol,SPARKS Concert Ticket,null,2025-09-09T22:11:31.000Z,self,false,s4ppheaux,https://www.reddit.com/user/s4ppheaux,0,false,false,false,false,false,false,false,false,false,false,0,,0,0,0.5,true,false,,,false,false,0,false,,true,false,false,,,,,,2025-09-12T18:51:45.352Z,
https://www.reddit.com/r/uichicago/,1000,,uichicago,t5_2shzc,r/uichicago,https://www.reddit.com/r/uichicago,public,29115,https://www.reddit.com/r/uichicago/comments/1ncwm71/engineering_gpip_requirements/,engineering_gpip_requirements,"Says the website is under construction for fall 2025 but can any of you guys list the requirements to be able to qualify for an internship? Im a freshman wanting to get experience next summer

- I know theres a gpa requirement but what exactly?
- Course requirements as well however there used to be a list on the website but they took it down for whatever reason",Engineering GPIP Requirements?,Question,2025-09-09T22:05:23.000Z,self,false,Wise_Winner5971,https://www.reddit.com/user/Wise_Winner5971,3,false,false,false,false,false,false,false,false,false,false,0,,0,0,0.5,true,false,,,false,false,0,false,,true,false,false,,,,,,2025-09-12T18:51:45.352Z,
https://www.reddit.com/r/uichicago/,1000,,uichicago,t5_2shzc,r/uichicago,https://www.reddit.com/r/uichicago,public,29115,https://www.reddit.com/r/uichicago/comments/1ncwc14/let_me_scream_into_the_void_that_is_the_last_5/,let_me_scream_into_the_void_that_is_the_last_5,"Every class. Every day. 

Every professor: “We have five minutes and I will use them.”

I just want the information.",Let me scream into the void that is the last 5 minutes of class,null,2025-09-09T21:53:57.000Z,self,false,Odd-Variety-3802,https://www.reddit.com/user/Odd-Variety-3802,11,false,false,false,false,false,false,false,false,false,false,0,,27,0,0.94,false,false,,,false,false,0,false,,true,false,false,,,,,,2025-09-12T18:51:45.352Z,
https://www.reddit.com/r/uichicago/,1000,,uichicago,t5_2shzc,r/uichicago,https://www.reddit.com/r/uichicago,public,29115,https://www.reddit.com/r/uichicago/comments/1ncvi0p/course_planning_help_cs/,course_planning_help_cs,"Good afternoon guys.  
Fell behind d a little bit with my credits. Initially planned to graduate Spring 2027.  
Made this plan -&gt; Mainly focused on CS courses, based on difficulty. Need to have around 23 credits per semester to graduate on time. Please give your opinions on how manageable this is. Dont have to grade everything, comment on class combinations if you took those before. Thank you!

# Spring 2026 (23 credits)



* **MATH 210** \- Calculus III (4 credits) - 84.08 mean
* **IE 342** \- Probability &amp; Statistics (3 credits) - 82.16 mean
* **CS 342** \- Software Design (3 credits) - 88.52 mean (prereq: CS 251 ✓)
* **CS 377** \- Communication &amp; Ethics (3 credits) - 93.25 mean (prereq: CS 151 ✓)
* **CS 351** \- Advanced Data Structures (3 credits) - 86.56 mean (prereq: CS 251 ✓)
* **BIOS 120** \- Biology (4 credits) - 89.08 mean
* **Gen Ed Elective** (3 credits)

# Fall 2026 (23 credits)



* **CS 341** \- Programming Language Design (3 credits) - 81.70 mean (prereq: CS 251 ✓)
* **CS 361** \- Systems Programming (4 credits) - 83.52 mean (prereq: CS 261 ✓)
* **CS 362** \- Computer Design (4 credits) - 87.61 mean (prereq: CS 261 ✓)
* **CS 442** \- Software Engineering II (3 credits) - 91.11 mean (prereq: CS 342 from Spring ✓)
* **CS 424** \- Visualization (3 credits) - 93.20 mean (prereq: CS 251 ✓)
* **MATH 215** \- Intro to Advanced Math (3 credits) - 86.05 mean
* **Gen Ed Elective** (3 credits)

# Spring 2027 (22 credits)



* **CS 401** \- Computer Algorithms (3 credits) - 87.37 mean (prereq: CS 341 from Fall ✓)
* **CS 440** \- Software Engineering I (3 credits) - 89.00 mean (prereq: CS 342 ✓)
* **CS 441** \- Engineering Distributed Objects (3 credits) - 89.19 mean (prereq: CS 342 ✓)
* **CS 407** \- Economics &amp; Computation (3 credits) - 92.37 mean (prereq: CS 251 ✓)
* **CS 426** \- Video Game Design (3 credits) - 92.92 mean (easier 400-level)
* **MATH 435** \- Partial Differential Equations (3 credits) - 89.50 mean
* **CS 499** \- Professional Development Seminar (0 credits)
* **Free Electives** (4 credits)",Course Planning Help CS,Question,2025-09-09T21:20:05.000Z,self,false,dged2816,https://www.reddit.com/user/dged2816,4,true,false,false,false,false,false,false,false,false,false,0,,1,0,1,true,false,,,false,false,0,false,,true,false,false,,,,,,2025-09-12T18:51:45.352Z,
https://www.reddit.com/r/uichicago/,1000,,uichicago,t5_2shzc,r/uichicago,https://www.reddit.com/r/uichicago,public,29115,https://www.reddit.com/r/uichicago/comments/1ncvdnu/please_be_considerate/,please_be_considerate,"i saw five, yes five, people walking through campus barefoot… yall be stanking up the place fr. also it’s very unsanitary",PLEASE BE CONSIDERATE,null,2025-09-09T21:15:21.000Z,self,false,Haunting-Ad3201,https://www.reddit.com/user/Haunting-Ad3201,47,false,false,false,false,false,false,false,false,false,false,0,,143,0,0.93,false,false,,,false,false,0,false,,true,false,false,,,,,,2025-09-12T18:51:45.352Z,
https://www.reddit.com/r/uichicago/,1000,,uichicago,t5_2shzc,r/uichicago,https://www.reddit.com/r/uichicago,public,29115,https://www.reddit.com/r/uichicago/comments/1ncuxwl/fall_is_coming/,fall_is_coming,,Fall is coming,null,2025-09-09T20:58:12.000Z,https://b.thumbs.redditmedia.com/SkrHk1fEHj7CJ4sWr9a_4LUs_IuH0mXMPHI14aFCW6s.jpg,true,Independent-Fox457,https://www.reddit.com/user/Independent-Fox457,0,false,false,false,false,false,false,false,false,false,false,0,,16,0,0.94,false,false,,,false,false,0,false,,true,false,false,,,,,,2025-09-12T18:51:45.353Z,
https://www.reddit.com/r/uichicago/,1000,,uichicago,t5_2shzc,r/uichicago,https://www.reddit.com/r/uichicago,public,29115,https://www.reddit.com/r/uichicago/comments/1ncuiyq/i_found_a_beehive/,i_found_a_beehive,The 2 images are of the same tree.,I found a beehive,Image,2025-09-09T20:42:25.000Z,https://b.thumbs.redditmedia.com/zq49eQCUlAvTEnaAVqRzRjfTU05E8tLSp7By9TFfoHQ.jpg,false,Key_Fault_9401,https://www.reddit.com/user/Key_Fault_9401,13,false,false,false,false,false,false,false,false,false,false,0,,22,0,0.92,false,false,,,false,false,0,false,,true,false,false,,,,,,2025-09-12T18:51:45.353Z,
https://www.reddit.com/r/uichicago/,1000,,uichicago,t5_2shzc,r/uichicago,https://www.reddit.com/r/uichicago,public,29115,https://www.reddit.com/r/uichicago/comments/1nct1xt/is_the_social_gaming_club_dead/,is_the_social_gaming_club_dead,"I was interested in meeting more people on campus, and what better way to do that than clubs? I checked out the social gaming club last year and wasn't the biggest fan, but that was also in the middle of the second semester, so cliques were already closely formed. I think giving it a shot closer to the beginning of the year would be better. I just can't find any info online. Only the competitive gaming club seems to have a trace.

Unrelated, any other cool clubs on campus?",Is the social gaming club dead?,Question,2025-09-09T19:48:08.000Z,self,false,CartoonistKey6032,https://www.reddit.com/user/CartoonistKey6032,14,false,false,false,false,false,false,false,false,false,false,0,,25,0,0.96,false,false,,,false,false,0,false,,true,false,false,,,,,,2025-09-12T18:51:45.353Z,
https://www.reddit.com/r/uichicago/,1000,,uichicago,t5_2shzc,r/uichicago,https://www.reddit.com/r/uichicago,public,29115,https://www.reddit.com/r/uichicago/comments/1ncpq81/i_lost_my_wallet_sos/,i_lost_my_wallet_sos,Guys I lost a square green bag this morning that held my wallet. What do I do now? I’m low key freaking out rn,I lost my wallet SOS,Question,2025-09-09T17:47:07.000Z,self,false,MaintenanceFormal960,https://www.reddit.com/user/MaintenanceFormal960,2,false,false,false,false,false,false,false,false,false,false,0,,0,0,0.4,true,false,,,false,false,0,false,,true,false,false,,,,,,2025-09-12T18:51:45.353Z,
https://www.reddit.com/r/uichicago/,1000,,uichicago,t5_2shzc,r/uichicago,https://www.reddit.com/r/uichicago,public,29115,https://www.reddit.com/r/uichicago/comments/1ncpolz/making_friends_at_jst/,making_friends_at_jst,"I’m a sophomore in JST. How do I make friends with other residents? Everyone in the dining hall sits alone with headphones and they don’t look like they want people to sit with. The people in the lounges are always doing homework. It seems like everyone I see is either busy or uninterested in meeting people.

Does anyone have suggestions for what I can do?",Making friends at JST?,Discussion,2025-09-09T17:45:30.000Z,self,false,Ol_Sam,https://www.reddit.com/user/Ol_Sam,6,false,false,false,false,false,false,false,false,false,false,0,,6,0,0.88,false,false,,,false,false,0,false,,true,false,false,,,,,,2025-09-12T18:51:45.353Z,
https://www.reddit.com/r/uichicago/,1000,,uichicago,t5_2shzc,r/uichicago,https://www.reddit.com/r/uichicago,public,29115,https://www.reddit.com/r/uichicago/comments/1ncomoh/network_outage_99/,network_outage_99,"Just to let everyone know. There is a known campus network outage. WiFi and other services may all be down.

Despite this saying WiFi it is all the network:
https://status.uic.edu/incidents/712525?utm_source=widget&amp;utm_medium=widget_v2",Network Outage - 9/9,null,2025-09-09T17:06:20.000Z,self,false,WhereHasTheSenseGone,https://www.reddit.com/user/WhereHasTheSenseGone,7,false,false,false,false,false,false,false,false,false,false,0,,20,0,0.95,false,false,,,false,false,0,false,,true,false,false,,,,,,2025-09-12T18:51:45.353Z,
https://www.reddit.com/r/uichicago/,1000,,uichicago,t5_2shzc,r/uichicago,https://www.reddit.com/r/uichicago,public,29115,https://www.reddit.com/r/uichicago/comments/1ncock0/uicwifi_or_uicguest/,uicwifi_or_uicguest,Is the WiFi working for anyone else? I’m connected to UICWiFi and this thang is slow   wondering if it’s just laptop?,UICWiFi or UIC-Guest,null,2025-09-09T16:56:01.000Z,self,false,No_Addendum7254,https://www.reddit.com/user/No_Addendum7254,8,false,false,false,false,false,false,false,false,false,false,0,,9,0,0.85,false,false,,,false,false,0,false,,true,false,false,,,,,,2025-09-12T18:51:45.353Z,
https://www.reddit.com/r/uichicago/,1000,,uichicago,t5_2shzc,r/uichicago,https://www.reddit.com/r/uichicago,public,29115,https://www.reddit.com/r/uichicago/comments/1nca5fu/cons_outweighs_pros_freshman_depressed/,cons_outweighs_pros_freshman_depressed,"Im so done with UIC, im literally finding way more cons than pros and its the second week

pros:

\- some of my professors are pretty interesting, have great stories, and keep the class energetic

\- great housing

cons:

\- my roommates are shady

\- Flames Fare can only be used on the same generic restaurants

\- I miss my home and I am very bored

\- I tried to get involved at multiple campus events and nobody there cares about their own organization

\- I haven't been to any parties and Halloween is coming up

\- I haven't made any new friends

\- I hate my life  



And it's only week 3. I also have no idea how to become involve on campus because literally every organization is being gatekept by nepotism and \""I know a friend\"" syndrome.",Cons outweighs pros: freshman depressed,null,2025-09-09T05:02:15.000Z,self,false,behollywoodfamous,https://www.reddit.com/user/behollywoodfamous,32,false,false,false,false,false,false,false,false,false,false,0,,21,0,0.72,false,false,,,false,false,0,false,,true,false,false,,,,,,2025-09-12T18:51:45.353Z,
https://www.reddit.com/r/uichicago/,1000,,uichicago,t5_2shzc,r/uichicago,https://www.reddit.com/r/uichicago,public,29115,https://www.reddit.com/r/uichicago/comments/1nc9ah9/fees_payment_methods/,fees_payment_methods,"Hi guys,

   I'm an international student currently enrolled in my first semester and I need to pay my fees. So I have applied for a loan in my Indian bank and here we have to pay our fees through international payment via flywire , paymytutiton, cibc! Can you pls let me know which one of the above is fast and cost efficient with less transfer fee rate?",Fees Payment Methods,Question,2025-09-09T04:13:54.000Z,self,false,Complex_Place7857,https://www.reddit.com/user/Complex_Place7857,0,false,false,false,false,false,false,false,false,false,false,0,,0,0,0.5,true,false,,,false,false,0,false,,true,false,false,,,,,,2025-09-12T18:51:45.354Z,
https://www.reddit.com/r/uichicago/,1000,,uichicago,t5_2shzc,r/uichicago,https://www.reddit.com/r/uichicago,public,29115,https://www.reddit.com/r/uichicago/comments/1nc8975/best_place_to_get_energy_drinks_on_campus/,best_place_to_get_energy_drinks_on_campus,The only one I’m aware of so far is the vending machine at JST,Best place to get energy drinks on campus?,Question,2025-09-09T03:20:02.000Z,self,false,redwoods_23,https://www.reddit.com/user/redwoods_23,6,false,false,false,false,false,false,false,false,false,false,0,,1,0,0.67,true,false,,,false,false,0,false,,true,false,false,,,,,,2025-09-12T18:51:45.354Z,
https://www.reddit.com/r/uichicago/,1000,,uichicago,t5_2shzc,r/uichicago,https://www.reddit.com/r/uichicago,public,29115,https://www.reddit.com/r/uichicago/comments/1nc7l7c/uic_bsn_program/,uic_bsn_program,"Hi so I’m like on the fence of retaking stats for the bsn program bc I got a C last semester. I wasn’t able to prioritize all my classes last semester so I sacrificed stats  I’m scared that C is gonna tear down my application like crazy. For reference all my science pre reqs are A’s except for a B in A&amp;P1. I have a heavy work schedule working as a cna during night shift so I’m worried about adding stats as an 8 week class in October bc my school and work load but I need to apply by January. For anyone currently in the uic program, is it such a big deal if I don’t retake the class? I’m scared it’s gonna be the thing to drag me down but idk",Uic bsn program,null,2025-09-09T02:46:15.000Z,self,false,Potential_Abalone747,https://www.reddit.com/user/Potential_Abalone747,2,false,false,false,false,false,false,false,false,false,false,0,,0,0,0.5,true,false,,,false,false,0,false,,true,false,false,,,,,,2025-09-12T18:51:45.354Z,
https://www.reddit.com/r/uichicago/,1000,,uichicago,t5_2shzc,r/uichicago,https://www.reddit.com/r/uichicago,public,29115,https://www.reddit.com/r/uichicago/comments/1nc5yrk/cop_cars_by_ssr/,cop_cars_by_ssr,ummmm anybody know why all those cop cars are on Polk Street right in front of SCW?,Cop Cars By SSR?,Question,2025-09-09T01:28:19.000Z,self,false,TwinkleBrush,https://www.reddit.com/user/TwinkleBrush,0,false,false,false,false,false,false,false,false,false,false,0,,3,0,0.67,false,false,,,false,false,0,false,,true,false,false,,,,,,2025-09-12T18:51:45.354Z,
https://www.reddit.com/r/uichicago/,1000,,uichicago,t5_2shzc,r/uichicago,https://www.reddit.com/r/uichicago,public,29115,https://www.reddit.com/r/uichicago/comments/1nc3kzp/how_much_is_one_day_parking/,how_much_is_one_day_parking,"A non UIC student wants to park in the parking lots. Do they need a parking pass ? And if they don’t, how much is it?",How much is one day parking?,Question,2025-09-08T23:39:52.000Z,self,false,Known-Pick2338,https://www.reddit.com/user/Known-Pick2338,4,false,false,false,false,false,false,false,false,false,false,0,,3,0,0.8,false,false,,,false,false,0,false,,true,false,false,,,,,,2025-09-12T18:51:45.354Z,
https://www.reddit.com/r/uichicago/,1000,,uichicago,t5_2shzc,r/uichicago,https://www.reddit.com/r/uichicago,public,29115,https://www.reddit.com/r/uichicago/comments/1nc39vw/uic_cs_courses_advice/,uic_cs_courses_advice,"Hi everyone! I was thinking of taking 251, 261, 211, 277, and maybe 377, next semester but have heard varying things from people who've taken it. I do have experience coding (Java, JS, CSS, Python) but none with C/C++ (although I could do a crash course over break), is it doable to do that and get A/Bs while working? Any recommended profs? Thanks in advance.",UIC CS Courses Advice,Question,2025-09-08T23:26:20.000Z,self,false,Fun-Possible-5442,https://www.reddit.com/user/Fun-Possible-5442,7,false,false,false,false,false,false,false,false,false,false,0,,0,0,0.33,true,false,,,false,false,0,false,,true,false,false,,,,,,2025-09-12T18:51:45.354Z,
https://www.reddit.com/r/uichicago/,1000,,uichicago,t5_2shzc,r/uichicago,https://www.reddit.com/r/uichicago,public,29115,https://www.reddit.com/r/uichicago/comments/1nc0dxy/what_is_up_with_the_yall_in_commons_west_bathroom/,what_is_up_with_the_yall_in_commons_west_bathroom,"a few days ago, piss on the floor — yesterday, a shit stain on the toilet like someone dragged their turd along the toilet seat — and today, blood/shit(?) on the door and toilet??  how did you manage this one? what are we doing bruh",what is up with the yall in commons west bathroom (blood(?)),null,2025-09-08T21:26:06.000Z,nsfw,false,Soggy-Operation4828,https://www.reddit.com/user/Soggy-Operation4828,8,false,false,false,false,false,false,false,false,false,true,0,,18,0,0.85,false,false,,,false,false,0,false,,true,false,false,,,,,,2025-09-12T18:51:45.354Z,
https://www.reddit.com/r/uichicago/,1000,,uichicago,t5_2shzc,r/uichicago,https://www.reddit.com/r/uichicago,public,29115,https://www.reddit.com/r/uichicago/comments/1nbzo46/worms_on_the_lawn_chairs/,worms_on_the_lawn_chairs,Why does nobody talk about the worms that swarm around the red lawn chairs?? Every time I sit down there’s literally like 15 crawling tiny green worms all up on my bag and clothes and every time I brush them off the little fuckers always come back.,Worms on the lawn chairs,null,2025-09-08T20:57:56.000Z,self,false,Tendencyofsoup,https://www.reddit.com/user/Tendencyofsoup,4,false,false,false,false,false,false,false,false,false,false,0,,0,0,0.5,true,false,,,false,false,0,false,,true,false,false,,,,,,2025-09-12T18:51:45.355Z,
https://www.reddit.com/r/uichicago/,1000,,uichicago,t5_2shzc,r/uichicago,https://www.reddit.com/r/uichicago,public,29115,https://www.reddit.com/r/uichicago/comments/1nbzc3i/does_anyone_have_any_tips_on_where_to_find/,does_anyone_have_any_tips_on_where_to_find,I’m graduating soon and really wanted to get some merch before I leave but don’t feel like spending fifty bucks on some of the most basic shirts imaginable with uic stamped on it at the bookstore,Does anyone have any tips on where to find cheap/free uic merch?,Question,2025-09-08T20:45:08.000Z,self,false,No-Imagination763,https://www.reddit.com/user/No-Imagination763,5,false,false,false,false,false,false,false,false,false,false,0,,5,0,0.86,false,false,,,false,false,0,false,,true,false,false,,,,,,2025-09-12T18:51:45.355Z,
https://www.reddit.com/r/uichicago/,1000,,uichicago,t5_2shzc,r/uichicago,https://www.reddit.com/r/uichicago,public,29115,https://www.reddit.com/r/uichicago/comments/1nbvb2z/bullied_on_campus/,bullied_on_campus,"Hello UIC community

I just started my freshman year here and have been trying to put myself out there to make some friends. I had met one of the guys who lives on my dorm floor and after we had gotten through basic introductions, it came up in conversation that I'm uncircumcised. Immediately his mood totally switched up and he proceeded to say some really hurtful things, calling me a coward for never getting circumcised. It was a really upsetting experience but I thought I would stay out of his way and that would be the end of it. Today however, as I was walking through the quad, I passed by him and a group of his friends. As soon as he saw me he yelled out \""this n\*\*\*a got a foreskin\"" and pointed at me (I'm white btw). It was the most humiliating thing I've ever experienced and now I feel like every stranger on campus knows that I'm uncircumcised. Has anyone else experienced something similar?",Bullied on Campus,null,2025-09-08T18:13:41.000Z,self,false,Ok_Mouse_2044,https://www.reddit.com/user/Ok_Mouse_2044,37,true,false,false,false,false,false,false,false,false,false,0,,72,0,0.85,false,false,,,false,false,0,false,,true,false,false,,,,,,2025-09-12T18:51:45.355Z,
https://www.reddit.com/r/uichicago/,1000,,uichicago,t5_2shzc,r/uichicago,https://www.reddit.com/r/uichicago,public,29115,https://www.reddit.com/r/uichicago/comments/1nbvtuj/campus_care_waiver/,campus_care_waiver,I use student loans to payfor my tuition and fees and it goes over the amount I need to pay. If I waive out of campus care do I get a refund for that?,Campus care waiver,null,2025-09-08T18:32:54.000Z,self,false,According-Garbage554,https://www.reddit.com/user/According-Garbage554,3,false,false,false,false,false,false,false,false,false,false,0,,3,0,1,false,false,,,false,false,0,false,,true,false,false,,,,,,2025-09-12T18:51:45.355Z,
https://www.reddit.com/r/uichicago/,1000,,uichicago,t5_2shzc,r/uichicago,https://www.reddit.com/r/uichicago,public,29115,https://www.reddit.com/r/uichicago/comments/1nbu159/downvote_speedrun_99_impossible/,downvote_speedrun_99_impossible,,Downvote Speedrun (99% Impossible),null,2025-09-08T17:27:15.000Z,"https://external-preview.redd.it/N2M2ZjE1YXA2em5mMSFGT9hjU5l1frCXhWH_anNzYroG9y1J8oICoXWN0cVe.png?width=140&amp;height=140&amp;crop=140:140,smart&amp;format=jpg&amp;v=enabled&amp;lthumb=true&amp;s=23a8fa7048c6292919d9b0a646f6825294ef71b5",true,superflyer991,https://www.reddit.com/user/superflyer991,0,false,false,false,false,false,false,false,false,false,false,0,,0,0,0.13,true,false,,,false,true,0,false,,true,false,false,,,,,,2025-09-12T18:51:45.355Z,
https://www.reddit.com/r/uichicago/,1000,,uichicago,t5_2shzc,r/uichicago,https://www.reddit.com/r/uichicago,public,29115,https://www.reddit.com/r/uichicago/comments/1nbtkoq/lost_pencil_case_during_sel_fire_drill/,lost_pencil_case_during_sel_fire_drill,"Hey guys! Did anyone come across a pencil case (shark print) outside of the Science and Engineering Labs north east entrance? (like on the concrete near the trash cans) I accidentally left it out there during the fire drill today.

If you have it, can I pls have it back? It was a gift from my bf &lt;/3",Lost pencil case during SEL fire drill!,Question,2025-09-08T17:10:58.000Z,self,false,tego_myeggo,https://www.reddit.com/user/tego_myeggo,2,false,false,false,false,false,false,false,false,false,false,0,,2,0,0.75,false,false,,,false,false,0,false,,true,false,false,,,,,,2025-09-12T18:51:45.355Z,
https://www.reddit.com/r/uichicago/,1000,,uichicago,t5_2shzc,r/uichicago,https://www.reddit.com/r/uichicago,public,29115,https://www.reddit.com/r/uichicago/comments/1nbt1ts/any_dnd_or_gaming_club/,any_dnd_or_gaming_club,Hai guys wanted to ask if there’s like a gaming club around or club that plays DnD. Looking to make new friends by doing either. Thanks !!,Any DnD or gaming club,null,2025-09-08T16:51:46.000Z,self,false,crybabypres_,https://www.reddit.com/user/crybabypres_,1,false,false,false,false,false,false,false,false,false,false,0,,1,0,0.6,true,false,,,false,false,0,false,,true,false,false,,,,,,2025-09-12T18:51:45.356Z,
https://www.reddit.com/r/uichicago/,1000,,uichicago,t5_2shzc,r/uichicago,https://www.reddit.com/r/uichicago,public,29115,https://www.reddit.com/r/uichicago/comments/1nbsy02/speed_is_in_chicago_guys/,speed_is_in_chicago_guys,this is y’all’s chance,speed is in chicago guys,null,2025-09-08T16:47:50.000Z,self,false,trying_not_to_think,https://www.reddit.com/user/trying_not_to_think,9,false,false,false,false,false,false,false,false,false,false,0,,33,0,0.76,false,false,,,false,false,0,false,,true,false,false,,,,,,2025-09-12T18:51:45.356Z,
https://www.reddit.com/r/uichicago/,1000,,uichicago,t5_2shzc,r/uichicago,https://www.reddit.com/r/uichicago,public,29115,https://www.reddit.com/r/uichicago/comments/1nbrah4/mus_127_w_mcnally/,mus_127_w_mcnally,"Took this class cus I heard it was the easiest gen ed of them all but unfortunately couldnt get online

For people who took it in person (primarily people who had McNally) How was it?

I know theres 4 writing assignments; Ethnographic Performance Report; 5 unit exams

Besides the writing assignments how easy are the exams? Is real studying actually needed? Are the exams taken in person or out of class? Are you able to switch tabs during the exams?

Also heard there was a concert you need to go to. Anyway to bs it?",MUS 127 w/ McNally,Question,2025-09-08T15:46:34.000Z,self,false,Wise_Winner5971,https://www.reddit.com/user/Wise_Winner5971,6,false,false,false,false,false,false,false,false,false,false,0,,4,0,0.83,false,false,,,false,false,0,false,,true,false,false,,,,,,2025-09-12T18:51:45.356Z,
https://www.reddit.com/r/uichicago/,1000,,uichicago,t5_2shzc,r/uichicago,https://www.reddit.com/r/uichicago,public,29115,https://www.reddit.com/r/uichicago/comments/1nbld0v/phd_in_disability_studies/,phd_in_disability_studies,"I wish to know about the stipend offered to PhD scholars pursuing a PhD in disability studies from uic. 
Is it possible to rent an apartment and live comfortably on this stipend?",PhD in disability studies,Question,2025-09-08T11:38:54.000Z,self,false,Infjstardust,https://www.reddit.com/user/Infjstardust,2,false,false,false,false,false,false,false,false,false,false,0,,1,0,0.67,true,false,,,false,false,0,false,,true,false,false,,,,,,2025-09-12T18:51:45.356Z,
https://www.reddit.com/r/uichicago/,1000,,uichicago,t5_2shzc,r/uichicago,https://www.reddit.com/r/uichicago,public,29115,https://www.reddit.com/r/uichicago/comments/1nbgfch/has_anyone_seen_my_water_bottle/,has_anyone_seen_my_water_bottle,Has anyone seen my light purple water bottle? I miss her. No stickers not decorations just a tall light purple water bottle with a straw. Genuinely 5$ whoever finds her,Has anyone seen my water bottle?,Question,2025-09-08T06:34:01.000Z,self,false,DuckyFriend7578,https://www.reddit.com/user/DuckyFriend7578,1,false,false,false,false,false,false,false,false,false,false,0,,1,0,0.6,true,false,,,false,false,0,false,,true,false,false,,,,,,2025-09-12T18:51:45.357Z,
https://www.reddit.com/r/uichicago/,1000,,uichicago,t5_2shzc,r/uichicago,https://www.reddit.com/r/uichicago,public,29115,https://www.reddit.com/r/uichicago/comments/1nbekll/physics_141_help/,physics_141_help,"We’re barely going into week 3 of classes and I already feel so behind in Physics 141. I literally don’t understand pretty much any of the topics we’ve covered and I don’t know how to turn it around but I want to ask for help before the semester continues and I fall further back. One of the things is that I want to go to TAs but I genuinely don’t even know how to ask for help because short of saying idk anything, idk how to identify the things I’m struggling on to ask for help with that. Does anyone have any advice and also resources that maybe have helped them in this course if you’ve taken it before? I am willing to spend the time needed to succeed in this class I just haven’t been able to figured out how to go about getting help or finding the resources I need. I’ve been looking into some recommended YouTube channels so if anyone has any they recommend lmk please.",Physics 141 help,Question,2025-09-08T04:42:54.000Z,self,false,Kitchen-Fail-7582,https://www.reddit.com/user/Kitchen-Fail-7582,11,false,false,false,false,false,false,false,false,false,false,0,,5,0,0.78,false,false,,,false,false,0,false,,true,false,false,,,,,,2025-09-12T18:51:45.357Z,
https://www.reddit.com/r/uichicago/,1000,,uichicago,t5_2shzc,r/uichicago,https://www.reddit.com/r/uichicago,public,29115,https://www.reddit.com/r/uichicago/comments/1nbdqk6/does_anyone_know_if_there_and_if_yes_where_the/,does_anyone_know_if_there_and_if_yes_where_the,Thanks guys!,Does anyone know if there - and if yes where - the weight scale is at the Rec?,Question,2025-09-08T03:57:42.000Z,self,false,MaintenanceFormal960,https://www.reddit.com/user/MaintenanceFormal960,1,false,false,false,false,false,false,false,false,false,false,0,,0,0,0.5,true,false,,,false,false,0,false,,true,false,false,,,,,,2025-09-12T18:51:45.357Z,
https://www.reddit.com/r/uichicago/,1000,,uichicago,t5_2shzc,r/uichicago,https://www.reddit.com/r/uichicago,public,29115,https://www.reddit.com/r/uichicago/comments/1nbdh5u/is_there_microwave_at_library_on_the_east_campus/,is_there_microwave_at_library_on_the_east_campus,"I think the microwave situation has been answered before, but there is no answer where someone has listed the place they know has microwaves. Can someone please let me know?

  
The only one I know are  
\- Inner Circle  
\- In front of Dunkin in SCE",is there microwave at library on the east campus?,Question,2025-09-08T03:43:59.000Z,self,false,Positive_Ad_6871,https://www.reddit.com/user/Positive_Ad_6871,6,false,false,false,false,false,false,false,false,false,false,0,,2,0,0.75,false,false,,,false,false,0,false,,true,false,false,,,,,,2025-09-12T18:51:45.357Z,
https://www.reddit.com/r/uichicago/,1000,,uichicago,t5_2shzc,r/uichicago,https://www.reddit.com/r/uichicago,public,29115,https://www.reddit.com/r/uichicago/comments/1nbclkm/anyone_surviving_off_student_loans/,anyone_surviving_off_student_loans,"I'm 24 just starting community college, trying to figure out my future. Thinking of transferring to UIC. So I gotta ask, since I'm broke, how many of you are paying for school, rent, food, clothes, with FAFSA and student loans?

This has bugged me for a while and not many people want to be honest about their finances. Idk where to find this out. I'm shooting for an engineering degree, and I know I won't be able to work and be a student at the same time. I also don't want to starve and go homeless mid semester because I went broke.

Also is it hard to get a big enough loan to cover expenses?",Anyone surviving off student loans?,Question,2025-09-08T02:58:25.000Z,self,false,Ill_Recognition9464,https://www.reddit.com/user/Ill_Recognition9464,30,false,false,false,false,false,false,false,false,false,false,0,,36,0,0.93,false,false,,,false,false,0,false,,true,false,false,,,,,,2025-09-12T18:51:45.357Z,
https://www.reddit.com/r/uichicago/,1000,,uichicago,t5_2shzc,r/uichicago,https://www.reddit.com/r/uichicago,public,29115,https://www.reddit.com/r/uichicago/comments/1nbc4ko/half_off_tuition_waiver/,half_off_tuition_waiver,Does anyone know when they apply the tuition waivers?? I submitted one during the summer and it still hasn’t shown up through my financial aid. They adjusted my payment plan too and increased it by like 4k+ so now I owe more than 2k by the end of this month and the tuition waivers still wasn’t applied.,Half off tuition waiver,null,2025-09-08T02:35:15.000Z,self,false,pandesalmama,https://www.reddit.com/user/pandesalmama,0,false,false,false,false,false,false,false,false,false,false,0,,0,0,0.5,true,false,,,false,false,0,false,,true,false,false,,,,,,2025-09-12T18:51:45.357Z,
https://www.reddit.com/r/uichicago/,1000,,uichicago,t5_2shzc,r/uichicago,https://www.reddit.com/r/uichicago,public,29115,https://www.reddit.com/r/uichicago/comments/1nbbvi2/idk_who_needs_to_hear_this_but/,idk_who_needs_to_hear_this_but,DONT FORGET TO SUBMIT BY 11:59PM,Idk who needs to hear this but,Other,2025-09-08T02:22:51.000Z,self,false,WolfonStateStreet,https://www.reddit.com/user/WolfonStateStreet,5,false,false,false,false,false,false,false,false,false,false,0,,102,0,0.98,false,false,,,false,false,0,false,,true,false,false,,,,,,2025-09-12T18:51:45.357Z,
https://www.reddit.com/r/uichicago/,1000,,uichicago,t5_2shzc,r/uichicago,https://www.reddit.com/r/uichicago,public,29115,https://www.reddit.com/r/uichicago/comments/1nbbfyv/uic_gppa_dental/,uic_gppa_dental,"hi i’m a junior in high school and my dream is to be a dentist and I really want uic gppa dental. i got so cooked sophmore year and my weighted is a 3.8 and unweighted 3.4. if i get all As this year ill have a 4.2 weighted and a 3.65 unweighted. i took the sat and got a 1400 (retaking for hopefully 1500+). I had a paid internship at a dental office, started a healthcare related club/nonprofit at my school and I volunteer and assist a dentist at nursing homes and a local church’s free dental clinic. I also am planning to do a mission trip to a dental camp in mexico. I also have a couple leadership positions in some other clubs. I don’t know if this helps but my mom went to dental school at uic. Do I have hope to get into the gppa program? I know my grades aren’t the best but I feel like my ecs are pretty sufficient.",uic gppa dental,null,2025-09-08T02:01:43.000Z,self,false,Aggressive_Gur_3951,https://www.reddit.com/user/Aggressive_Gur_3951,8,false,false,false,false,false,false,false,false,false,false,0,,0,0,0.44,true,false,,,false,false,0,false,,true,false,false,,,,,,2025-09-12T18:51:45.357Z,
https://www.reddit.com/r/uichicago/,1000,,uichicago,t5_2shzc,r/uichicago,https://www.reddit.com/r/uichicago,public,29115,https://www.reddit.com/r/uichicago/comments/1nbalr6/chem_101_tipss/,chem_101_tipss,Hi everyone I'm currently taking Chem 101 with professor Stec and I feel a bit behind. I was wondering if anything has any tips for me ? I would really appreciate the help !,Chem 101 tipss !,Question,2025-09-08T01:20:49.000Z,self,false,Husky458,https://www.reddit.com/user/Husky458,5,false,false,false,false,false,false,false,false,false,false,0,,4,0,0.83,false,false,,,false,false,0,false,,true,false,false,,,,,,2025-09-12T18:51:45.357Z,
https://www.reddit.com/r/uichicago/,1000,,uichicago,t5_2shzc,r/uichicago,https://www.reddit.com/r/uichicago,public,29115,https://www.reddit.com/r/uichicago/comments/1nb8gxh/god_is_good/,god_is_good,,god is good,null,2025-09-07T23:39:49.000Z,https://b.thumbs.redditmedia.com/T95rdqkXFCML1IxcuTcnX8miptpcFaBuuJC1Jz-_EvM.jpg,true,stepxoogway22,https://www.reddit.com/user/stepxoogway22,28,false,false,false,false,false,false,false,false,false,false,0,,0,0,0.42,true,false,,,false,false,0,false,,true,false,false,,,,,,2025-09-12T18:51:45.358Z,
https://www.reddit.com/r/uichicago/,1000,,uichicago,t5_2shzc,r/uichicago,https://www.reddit.com/r/uichicago,public,29115,https://www.reddit.com/r/uichicago/comments/1nb8b4u/this_is_a_scam_right/,this_is_a_scam_right,the email that it’s addressed to isn’t mine and it came on my uic email,this is a scam right?,Question,2025-09-07T23:32:27.000Z,https://b.thumbs.redditmedia.com/Lr5CNB9Blec74jdnv7AwI9wDD78or1a06RtW9MpG4ow.jpg,true,78692110313,https://www.reddit.com/user/78692110313,14,false,false,false,false,false,false,false,false,false,false,0,,39,0,0.93,false,false,,,false,false,0,false,,true,false,false,,,,,,2025-09-12T18:51:45.358Z,
https://www.reddit.com/r/uichicago/,1000,,uichicago,t5_2shzc,r/uichicago,https://www.reddit.com/r/uichicago,public,29115,https://www.reddit.com/r/uichicago/comments/1nb6b3c/university_of_illinois_chicago_student_files/,university_of_illinois_chicago_student_files,"\""For Italian international student Francesco Presta, it started as a normal Friday workout at the University of Illinois Chicago gym in September of last year. It became anything but.

Two weeks later, Presta was escorted out of his campus apartment in handcuffs, accused by UIC police of theft and booked into custody.\""","University of Illinois Chicago student files lawsuit against UIC police, claiming arrest was unlawful, led to visa revocation | abc7chicago.com",null,2025-09-07T22:05:10.000Z,"https://external-preview.redd.it/g1OO6jBwjjo7y6YTMWdfDfoQA06SnGQgb3-mtUgQPtg.jpeg?width=140&amp;height=78&amp;crop=140:78,smart&amp;auto=webp&amp;s=c93d0d43dc65d2a3700bce25056b1b421efa4150",false,BillMortonChicago,https://www.reddit.com/user/BillMortonChicago,0,false,false,false,false,false,false,false,false,false,false,0,,19,0,0.81,false,false,,,false,false,0,false,,true,false,false,,,,,,2025-09-12T18:51:45.358Z,
https://www.reddit.com/r/uichicago/,1000,,uichicago,t5_2shzc,r/uichicago,https://www.reddit.com/r/uichicago,public,29115,https://www.reddit.com/r/uichicago/comments/1nb59ur/for_azadeh_haghighis_ie_342_class_how_was_her/,for_azadeh_haghighis_ie_342_class_how_was_her,,For Azadeh Haghighi's IE 342 class. How was her grading for her tests?,Question,2025-09-07T21:22:53.000Z,self,false,Background_Oil_6397,https://www.reddit.com/user/Background_Oil_6397,0,false,false,false,false,false,false,false,false,false,false,0,,0,0,0.5,true,false,,,false,false,0,false,,true,false,false,,,,,,2025-09-12T18:51:45.358Z,
https://www.reddit.com/r/uichicago/,1000,,uichicago,t5_2shzc,r/uichicago,https://www.reddit.com/r/uichicago,public,29115,https://www.reddit.com/r/uichicago/comments/1nb4433/advice_for_transferring_as_a_special_ed_major/,advice_for_transferring_as_a_special_ed_major,"Hi UIC students! I have a question that’s related to UIC but not strictly about it, so I hope that’s okay.

I’m currently a Special Education major at a local community college, looking to transfer. Right now, I’m considering three options:
	1.	NEIU (BA in Special Ed K-21) – This school is relatively affordable. Most of my tuition might be covered, but I’d still need to cover dorm expenses.
	2.	National Louis University – I’ve heard this is also fairly affordable, and I’d qualify for a 25% transfer scholarship with my associate degree. Dorming would still be my responsibility. Being downtown, I think National Louis could offer a lot of networking opportunities.
	3.	UIC – My tuition should be fully covered because I make under $75,000 (I’d qualify for the Aspire Grant), but dorm costs would still be on me. Here’s my main concern: UIC doesn’t offer a specific Special Ed major. They offer an Urban Education degree with the option to add a Special Education endorsement. The Urban Ed program is primarily focused on elementary education, though the endorsement would allow me to teach K-21.

My goal is to eventually teach at the high school level, and I’m unsure how having a degree primarily in elementary education but with a special ed endorsement would look to potential employers.

So, my questions to you:
	•	Would having a special ed endorsement from UIC limit my chances of teaching high school students?
	•	How does the Urban Education program compare to a straight Special Ed program?
	•	Any advice on weighing tuition coverage vs. program specificity and career goals?

Thanks so much in advance! I’d love to hear from anyone who’s gone through a similar decision process or has insight on UIC’s programs.

Post made with chat gpt for clarity","Advice for transferring as a Special Ed major , considering UIC, NEIU, or National Louis",Question,2025-09-07T20:36:24.000Z,self,false,Few_Interaction420,https://www.reddit.com/user/Few_Interaction420,3,false,false,false,false,false,false,false,false,false,false,0,,0,0,0.5,true,false,,,false,false,2,false,,true,false,false,,,,,,2025-09-12T18:51:45.358Z,
https://www.reddit.com/r/uichicago/,1000,,uichicago,t5_2shzc,r/uichicago,https://www.reddit.com/r/uichicago,public,29115,https://www.reddit.com/r/uichicago/comments/1nb42uz/looking_for_room_to_rent/,looking_for_room_to_rent,"Hi everyone,
I’m a 22-year-old male international student from North Africa. I’m currently studying at COD and will be transferring to DePaul or UIC next year. I’m clean, respectful, and easygoing, and I’m looking for a long-term room to rent in Chicago. My budget is flexible depending on location and utilities.

If you have a room available or know someone who does, please feel free to reach out. Also, if you have any advice on the best way to find a room here, I’d really appreciate your tips.

Thank you",Looking for room to rent,Question,2025-09-07T20:35:05.000Z,self,false,No-Fly3484,https://www.reddit.com/user/No-Fly3484,1,false,false,false,false,false,false,false,false,false,false,0,,0,0,0.5,false,false,,,false,false,0,false,,true,false,false,,,,,,2025-09-12T18:51:45.358Z,
https://www.reddit.com/r/uichicago/,1000,,uichicago,t5_2shzc,r/uichicago,https://www.reddit.com/r/uichicago,public,29115,https://www.reddit.com/r/uichicago/comments/1nb3vbo/looking_for_a_uic_study_group/,looking_for_a_uic_study_group,Its always so awkward to try and join somebody's table to study. Is anybody is looking for a silent partner or group to study with (or quiz you on flashcards and look over an essay)? I'm a full time freshmen and willing to meet with anybody even outside my major (Finance).,Looking for a UIC Study Group,null,2025-09-07T20:26:45.000Z,self,false,Brickcess6472,https://www.reddit.com/user/Brickcess6472,1,false,false,false,false,false,false,false,false,false,false,0,,4,0,0.83,false,false,,,false,false,0,false,,true,false,false,,,,,,2025-09-12T18:51:45.358Z,
https://www.reddit.com/r/uichicago/,1000,,uichicago,t5_2shzc,r/uichicago,https://www.reddit.com/r/uichicago,public,29115,https://www.reddit.com/r/uichicago/comments/1nb3i0t/study_guide_info/,study_guide_info,"does anyone have study guides if you took classes psych 100, chem 101, sociology 100. It would be appreciated if anyone could send me their study guide",study guide info,null,2025-09-07T20:12:06.000Z,self,false,NoCry7295,https://www.reddit.com/user/NoCry7295,1,false,false,false,false,false,false,false,false,false,false,0,,0,0,0.25,true,false,,,false,false,0,false,,true,false,false,,,,,,2025-09-12T18:51:45.358Z,
https://www.reddit.com/r/uichicago/,1000,,uichicago,t5_2shzc,r/uichicago,https://www.reddit.com/r/uichicago,public,29115,https://www.reddit.com/r/uichicago/comments/1nb27pv/where_is_the_gym/,where_is_the_gym,"hi I was wondering where the gym was at UIC, is there more than one? and what r the best times to go",where is the gym,null,2025-09-07T19:21:57.000Z,self,false,NoCry7295,https://www.reddit.com/user/NoCry7295,8,false,false,false,false,false,false,false,false,false,false,0,,0,0,0.48,true,false,,,false,false,0,false,,true,false,false,,,,,,2025-09-12T18:51:45.359Z,
https://www.reddit.com/r/uichicago/,1000,,uichicago,t5_2shzc,r/uichicago,https://www.reddit.com/r/uichicago,public,29115,https://www.reddit.com/r/uichicago/comments/1nb1ptd/ece210_hw_explanation_help/,ece210_hw_explanation_help,"hi this is for anyone registered in ece210, i late registered literally friday evening so im a bit confused on the class setup. any help would be great 
also when is hw 1 due i definitely dont wanna get off on the wrong foot!",ece210 hw explanation help,Question,2025-09-07T19:02:47.000Z,self,false,ThisScheme3370,https://www.reddit.com/user/ThisScheme3370,0,false,false,false,false,false,false,false,false,false,false,0,,0,0,0.5,true,false,,,false,false,0,false,,true,false,false,,,,,,2025-09-12T18:51:45.359Z,
https://www.reddit.com/r/uichicago/,1000,,uichicago,t5_2shzc,r/uichicago,https://www.reddit.com/r/uichicago,public,29115,https://www.reddit.com/r/uichicago/comments/1nb195n/where_to_get_a_cheap_af_haircut/,where_to_get_a_cheap_af_haircut,"Yo guys so I’m new to the city and need to get a haircut! Im a male and I don’t really style my hair and just want a simple short cut, and want to save as much money as possible. Does anyone know any good places around campus or on west town/north/northwest side where I can get a cut for super cheap?",Where to get a cheap af haircut,null,2025-09-07T18:44:48.000Z,self,false,RenzenBro,https://www.reddit.com/user/RenzenBro,10,false,false,false,false,false,false,false,false,false,false,0,,11,0,0.83,false,false,,,false,false,0,false,,true,false,false,,,,,,2025-09-12T18:51:45.359Z,
https://www.reddit.com/r/uichicago/,1000,,uichicago,t5_2shzc,r/uichicago,https://www.reddit.com/r/uichicago,public,29115,https://www.reddit.com/r/uichicago/comments/1navytq/any_good_barbers_near_uicdowntown/,any_good_barbers_near_uicdowntown,"Hi everyone, I’m looking for recommendations for a men’s haircut place that’s stylish but still affordable. Ideally somewhere close to UIC campus, but I don’t mind going a bit further as long as it’s not too far from downtown. Thanks in advance!",Any good barbers near UIC/downtown?,Question,2025-09-07T15:21:22.000Z,self,false,-dnht-,https://www.reddit.com/user/-dnht-,11,false,false,false,false,false,false,false,false,false,false,0,,0,0,0.5,true,false,,,false,false,0,false,,true,false,false,,,,,,2025-09-12T18:51:45.359Z,
https://www.reddit.com/r/uichicago/,1000,,uichicago,t5_2shzc,r/uichicago,https://www.reddit.com/r/uichicago,public,29115,https://www.reddit.com/r/uichicago/comments/1nak3qb/thanks_for_letting_me_take_a_nap_at_your/,thanks_for_letting_me_take_a_nap_at_your,"I got stranded in Chicago last year by Greyhound, coming back from a concert in Milwaukee. I'd been on my feet for about 24 hours straight by that point. Had a life-saving breakfast at Lou Mitchell's, but I needed somewhere to lie down for awhile while I waited for my next bus (preferably close to the bus station and free). This is where my time at university finally had a chance to shine, because I knew the perfect place to look.

So, I'd just like to thank UIC for letting a weary Canadian crash on a couch in one of your study halls. If your university is anything like *mine* was, it probably wasn't very unusual to see someone come in off the street and randomly lie down somewhere, but I appreciate it nonetheless. If you had told me at the time that I wouldn't get to actually sleep for another 30 hours after that, I may have decided to stay permanently.",Thanks for letting me take a nap at your university,Other,2025-09-07T04:36:29.000Z,self,false,LyonMayne1,https://www.reddit.com/user/LyonMayne1,3,false,false,false,false,false,false,false,false,false,false,0,,257,0,0.98,false,false,,,false,false,0,false,,true,false,false,,,,,,2025-09-12T18:51:45.359Z,
https://www.reddit.com/r/uichicago/,1000,,uichicago,t5_2shzc,r/uichicago,https://www.reddit.com/r/uichicago,public,29115,https://www.reddit.com/r/uichicago/comments/1nah4uc/how_long_should_my_personal_statement_be/,how_long_should_my_personal_statement_be,"hey guys, i’m applying for uic and i was just wondering how long personal statements have to be? I have to write two and the one about what problems i’ve over come is about 2 and a half pages, ~1000 words. is that too long? i haven’t started the one about what my major/profession but i’m sure it’ll be even longer  .

also, just out of curiosity, how long were your personal statements?",how long should my personal statement be?,Question,2025-09-07T01:58:11.000Z,self,false,Warm-Affect-6196,https://www.reddit.com/user/Warm-Affect-6196,11,false,false,false,false,false,false,false,false,false,false,0,,6,0,0.81,false,false,,,false,false,0,false,,true,false,false,,,,,,2025-09-12T18:51:53.320Z,
https://www.reddit.com/r/uichicago/,1000,,uichicago,t5_2shzc,r/uichicago,https://www.reddit.com/r/uichicago,public,29115,https://www.reddit.com/r/uichicago/comments/1nagiuf/calculus_iii_complaint/,calculus_iii_complaint,"Is it just me, or do Calculus I and II seem a lot more organized compared to Calculus III? My professor and TA rush through everything. At the beginning of each class, they say, \""There's not much time, so we have to go through this quickly.\"" It’s frustrating because the homework is assigned ahead of what we’ve covered in class. How am I supposed to do this crap? I'm teaching myself nearly everything. Or am I just tripping? LMFAO ASF.",Calculus III Complaint,null,2025-09-07T01:26:52.000Z,self,false,Emotional_Belt8731,https://www.reddit.com/user/Emotional_Belt8731,27,false,false,false,false,false,false,false,false,false,false,0,,31,0,0.97,false,false,,,false,false,0,false,,true,false,false,,,,,,2025-09-12T18:51:53.320Z,
https://www.reddit.com/r/uichicago/,1000,,uichicago,t5_2shzc,r/uichicago,https://www.reddit.com/r/uichicago,public,29115,https://www.reddit.com/r/uichicago/comments/1nafvs8/resistmap_is_live_civil_watch_system_for_ice/,resistmap_is_live_civil_watch_system_for_ice,,"ResistMap is live: 'civil watch' system for ICE raids, unusual military activity, hate crimes &amp; more - 100% anonymous, human reviewed, no app needed",News,2025-09-07T00:55:26.000Z,https://b.thumbs.redditmedia.com/OdZYZlBH7JIgfjIEf8IOxsASiYa1yWwg4Ja5m8SnMLA.jpg,true,ResistMap,https://www.reddit.com/user/ResistMap,0,false,false,false,false,false,false,false,false,false,false,0,,8,0,0.79,false,false,,,false,false,0,false,,true,false,false,,,,,,2025-09-12T18:51:53.320Z,
https://www.reddit.com/r/uichicago/,1000,,uichicago,t5_2shzc,r/uichicago,https://www.reddit.com/r/uichicago,public,29115,https://www.reddit.com/r/uichicago/comments/1naezlx/were_now_at_war/,were_now_at_war,Sooooo trump just declared war on Chicago…ummmmmmm what… like “go to war against Chicago.” does anyone realize how crazy and unreal that sounds???,We’re now at war…???,null,2025-09-07T00:12:21.000Z,https://a.thumbs.redditmedia.com/srgaVw0eFBbCmDu7c_VCJtM6Y0-xNIePTcEnsb11674.jpg,true,Additional_Ball7955,https://www.reddit.com/user/Additional_Ball7955,71,false,false,false,false,false,false,false,false,false,false,0,,201,0,0.94,false,false,,,false,false,0,false,,true,false,false,,,,,,2025-09-12T18:51:53.320Z,
https://www.reddit.com/r/uichicago/,1000,,uichicago,t5_2shzc,r/uichicago,https://www.reddit.com/r/uichicago,public,29115,https://www.reddit.com/r/uichicago/comments/1na82wu/know_your_rights/,know_your_rights,,know your rights!,null,2025-09-06T19:13:54.000Z,https://b.thumbs.redditmedia.com/LLvfCRhiZbDQF22chlz2jl5HR9s7IgP0EoIeDfpQErY.jpg,false,ResistMap,https://www.reddit.com/user/ResistMap,99,false,false,false,false,false,false,false,false,false,false,0,,643,0,0.94,false,false,,,false,false,4,false,,true,false,false,,,,,,2025-09-12T18:51:53.320Z,
https://www.reddit.com/r/uichicago/,1000,,uichicago,t5_2shzc,r/uichicago,https://www.reddit.com/r/uichicago,public,29115,https://www.reddit.com/r/uichicago/comments/1na5cy2/dining_hall_food_question/,dining_hall_food_question,I don’t want to offend anyone by any means. But why is the food always and I mean ALWAYS like Indian/Mediterranean style cuisine? I understand it’s halal friendly 24/7 but what about the people who eat pork and stuff. And the foods are either extremely salty or bland as all hell. Is the dining hall at JST the same or better than SCE?,Dining hall food question,Question,2025-09-06T17:26:40.000Z,self,false,Additional_Ball7955,https://www.reddit.com/user/Additional_Ball7955,8,false,false,false,false,false,false,false,false,false,false,0,,22,0,0.89,false,false,,,false,false,0,false,,true,false,false,,,,,,2025-09-12T18:51:53.320Z,
https://www.reddit.com/r/uichicago/,1000,,uichicago,t5_2shzc,r/uichicago,https://www.reddit.com/r/uichicago,public,29115,https://www.reddit.com/r/uichicago/comments/1na4h1r/uic_suite_missing_essential_furniture_anyone_else/,uic_suite_missing_essential_furniture_anyone_else,"Hi everyone,

I’m reaching out as a parent of a UIC student. I just learned that my son’s suite does not have a wardrobe/closet for his clothes or even a desk to study at. Right now, he has nowhere to put his things and no designated space to do his schoolwork.

Before I contact housing directly, I wanted to ask:
   •   Is this a common issue in certain suites at UIC?
   •   Has anyone else experienced missing or incomplete furniture in their room?
   •   If so, how long did it take for housing to resolve it?

I’m trying to understand whether this is unusual or part of a bigger issue. Any insight would be really helpful—thank you!","UIC suite missing essential furniture, anyone else?",Question,2025-09-06T16:51:15.000Z,self,false,Horror-Corgi-5278,https://www.reddit.com/user/Horror-Corgi-5278,7,false,false,false,false,false,false,false,false,false,false,0,,10,0,0.75,false,false,,,false,false,0,false,,true,false,false,,,,,,2025-09-12T18:51:53.320Z,
https://www.reddit.com/r/uichicago/,1000,,uichicago,t5_2shzc,r/uichicago,https://www.reddit.com/r/uichicago,public,29115,https://www.reddit.com/r/uichicago/comments/1na41z6/hows_the_greek_life_here/,hows_the_greek_life_here,im curious since theres a lot of commuters at this school,hows the greek life here,Question,2025-09-06T16:34:13.000Z,self,false,Lyriite,https://www.reddit.com/user/Lyriite,6,false,false,false,false,false,false,false,false,false,false,0,,11,0,0.82,false,false,,,false,false,0,false,,true,false,false,,,,,,2025-09-12T18:51:53.320Z,
https://www.reddit.com/r/uichicago/,1000,,uichicago,t5_2shzc,r/uichicago,https://www.reddit.com/r/uichicago,public,29115,https://www.reddit.com/r/uichicago/comments/1na2cnj/uic_students_can_now_access_comet/,uic_students_can_now_access_comet,"Comet is an powerful AI-powered browser made by Perplexity that acts as a personal assistant, capable of automating routine tasks, summarizing homework and emails, and helping users navigate their day-to-day lives more productively with anything from commuting, food orders or social connections. And now it's free and ready to use for all UIC students (early access)!

Check out this demo video I made to see exactly how I'm personally using Comet as a second-year undergraduate CS student at UIC to significantly improve my student life!

If you want to give Comet a try, you can download it here and get an additional 1-month of Perplexity Pro FREE!

[https://pplx.ai/uic2025](https://pplx.ai/uic2025)

https://reddit.com/link/1na2cnj/video/hmb73y158knf1/player

[https://pplx.ai/uic2025](https://pplx.ai/uic2025)",UIC Students can now access Comet!,null,2025-09-06T15:26:01.000Z,self,false,kunndata,https://www.reddit.com/user/kunndata,2,false,false,false,false,false,false,false,false,false,false,0,,0,0,0.24,true,false,,,false,false,0,false,,true,false,false,,,,,,2025-09-12T18:51:53.321Z,
https://www.reddit.com/r/uichicago/,1000,,uichicago,t5_2shzc,r/uichicago,https://www.reddit.com/r/uichicago,public,29115,https://www.reddit.com/r/uichicago/comments/1n9uddu/know_anyone_in_uic_or_outside_for_getting_my/,know_anyone_in_uic_or_outside_for_getting_my,"Hey, just as the question, I have a few unstrung badminton racquets, which I would like to get them strung, so looking for anyone who'd do it for cheaper, anyone have any experience with this?","Know anyone in UIC or outside, for getting my badminton racquets strung for cheaper?",Question,2025-09-06T08:31:23.000Z,self,false,Gigachad_idk,https://www.reddit.com/user/Gigachad_idk,1,false,false,false,false,false,false,false,false,false,false,0,,4,0,0.83,false,false,,,false,false,0,false,,true,false,false,,,,,,2025-09-12T18:51:53.321Z,
https://www.reddit.com/r/uichicago/,1000,,uichicago,t5_2shzc,r/uichicago,https://www.reddit.com/r/uichicago,public,29115,https://www.reddit.com/r/uichicago/comments/1n9uda4/applying_for_phd_in_cs_hci_at_uic_advice_for/,applying_for_phd_in_cs_hci_at_uic_advice_for,"Hey folks,

I’m planning to apply to UIC for the PhD program in Computer Science (Fall 2026) with a focus on Human–Computer Interaction, and I’d love to hear from current students or alumni here.

Quick background about me:

* I finished my Master’s in Computer Science in 2024.
* I have \~1 year of experience working in frontend/UI-UX and product development.
* Over the past year I’ve gotten very interested in HCI and started reading, learning, and exploring the field.
* Doing another Master’s isn’t an option for me financially, so I’m aiming directly for a PhD.

The challenge:

* I don’t have prior research experience in HCI.
* My Master’s thesis wasn’t related to HCI.
* No publications so far.

What I’m doing right now:

* Working on a portfolio-style project that resonates with the work of a couple of professors at UIC (and planning to write a small case study on it).
* Preparing for TOEFL and application materials (SOP, LORs, etc.).

My questions for you all:

* For those who’ve gone through UIC’s PhD admissions, how much does a lack of prior research/publications hurt?
* Do portfolio projects/case studies help show potential, or is there something else I should focus on?
* Any advice for someone coming from a dev background but really motivated to make the switch into HCI research at UIC?

Would really appreciate any insight.",Applying for PhD in CS (HCI) at UIC – advice for someone with no prior research experience?,Question,2025-09-06T08:31:12.000Z,self,false,lecler30i,https://www.reddit.com/user/lecler30i,0,false,false,false,false,false,false,false,false,false,false,0,,2,0,0.67,false,false,,,false,false,0,false,,true,false,false,,,,,,2025-09-12T18:51:53.321Z,
https://www.reddit.com/r/uichicago/,1000,,uichicago,t5_2shzc,r/uichicago,https://www.reddit.com/r/uichicago,public,29115,https://www.reddit.com/r/uichicago/comments/1n9q70l/study_buddies_for_chem_andor_bio/,study_buddies_for_chem_andor_bio,Hey I’m looking to meet some people who wanna study chem 101 or bio 110 with me like any time 1-4 in the library.,Study Buddies for Chem and/or Bio,null,2025-09-06T04:18:39.000Z,self,false,meteormojo,https://www.reddit.com/user/meteormojo,1,false,false,false,false,false,false,false,false,false,false,0,,0,0,0.5,true,false,,,false,false,0,false,,true,false,false,,,,,,2025-09-12T18:51:53.321Z,
https://www.reddit.com/r/uichicago/,1000,,uichicago,t5_2shzc,r/uichicago,https://www.reddit.com/r/uichicago,public,29115,https://www.reddit.com/r/uichicago/comments/1n9o8lu/econ_120_textbook/,econ_120_textbook,Selling my textbook!! Who needs,ECON 120 Textbook,null,2025-09-06T02:35:02.000Z,https://b.thumbs.redditmedia.com/LhLUUwLfTjWyXcUNJo4CqMQFQmLRM4YH3jxU_D6y50M.jpg,true,No-Marzipan-3538,https://www.reddit.com/user/No-Marzipan-3538,0,false,false,false,false,false,false,false,false,false,false,0,,4,0,0.83,false,false,,,false,false,0,false,,true,false,false,,,,,,2025-09-12T18:51:53.321Z,
https://www.reddit.com/r/uichicago/,1000,,uichicago,t5_2shzc,r/uichicago,https://www.reddit.com/r/uichicago,public,29115,https://www.reddit.com/r/uichicago/comments/1n9kr7v/has_anybody_taken_nats_106_how_was_it_and_which/,has_anybody_taken_nats_106_how_was_it_and_which,,Has anybody taken NATS 106? How was it and which professor would u recommend,Question,2025-09-05T23:44:18.000Z,self,false,Ok_Sand2354,https://www.reddit.com/user/Ok_Sand2354,0,false,false,false,false,false,false,false,false,false,false,0,,0,0,0.5,true,false,,,false,false,0,false,,true,false,false,,,,,,2025-09-12T18:51:53.321Z,
https://www.reddit.com/r/uichicago/,1000,,uichicago,t5_2shzc,r/uichicago,https://www.reddit.com/r/uichicago,public,29115,https://www.reddit.com/r/uichicago/comments/1n9j66w/the_fact_that_the_chickfilaa_on_campus_does_not/,the_fact_that_the_chickfilaa_on_campus_does_not,Thanks for coming to my tedtalk,The fact that the ChickFilaA on campus does not earn points in the app has ruined my semester,Discussion,2025-09-05T22:33:47.000Z,self,false,UsernameTakenIsGay,https://www.reddit.com/user/UsernameTakenIsGay,2,false,false,false,false,false,false,false,false,false,false,0,,62,0,0.96,false,false,,,false,false,0,false,,true,false,false,,,,,,2025-09-12T18:51:53.321Z,
https://www.reddit.com/r/uichicago/,1000,,uichicago,t5_2shzc,r/uichicago,https://www.reddit.com/r/uichicago,public,29115,https://www.reddit.com/r/uichicago/comments/1n9g2oo/math_210_10_am_emily_dumas/,math_210_10_am_emily_dumas,"If anyone is in Math 210 (calc 3) with Emily Dumas 10 am and wants to switch to the other 10 am section with Christof DM me ASAP, Dumas has discussion on Tuesdays, Christof on Thursday.",MATH 210 10 am Emily Dumas,null,2025-09-05T20:27:30.000Z,self,false,SupportNo1790,https://www.reddit.com/user/SupportNo1790,0,false,false,false,false,false,false,false,false,false,false,0,,0,0,0.5,true,false,,,false,false,0,false,,true,false,false,,,,,,2025-09-12T18:51:53.321Z,
https://www.reddit.com/r/uichicago/,1000,,uichicago,t5_2shzc,r/uichicago,https://www.reddit.com/r/uichicago,public,29115,https://www.reddit.com/r/uichicago/comments/1n9ejuj/trading_card_games/,trading_card_games,Anyone here play Yugioh or mtg commander? I want to get back into the hobby.,Trading Card Games,Question,2025-09-05T19:27:08.000Z,self,false,Nvy_4,https://www.reddit.com/user/Nvy_4,5,false,false,false,false,false,false,false,false,false,false,0,,0,0,0.5,true,false,,,false,false,0,false,,true,false,false,,,,,,2025-09-12T18:51:53.322Z,
https://www.reddit.com/r/uichicago/,1000,,uichicago,t5_2shzc,r/uichicago,https://www.reddit.com/r/uichicago,public,29115,https://www.reddit.com/r/uichicago/comments/1n9ehq4/can_anyone_help_with_signing_up_on_labflow_where/,can_anyone_help_with_signing_up_on_labflow_where,"I've looked in emails, on blackboard, and i've tried the 5 digit number in after of the class name on blackboard and nothing has worked.",Can anyone help with signing up on Labflow? Where can I find my enrollment code?,Question,2025-09-05T19:24:42.000Z,self,false,Lost_Union6279,https://www.reddit.com/user/Lost_Union6279,4,false,false,false,false,false,false,false,false,false,false,0,,2,0,0.75,false,false,,,false,false,0,false,,true,false,false,,,,,,2025-09-12T18:51:53.322Z,
https://www.reddit.com/r/uichicago/,1000,,uichicago,t5_2shzc,r/uichicago,https://www.reddit.com/r/uichicago,public,29115,https://www.reddit.com/r/uichicago/comments/1n9e3jn/anyone_here_play_apex/,anyone_here_play_apex,Please I cant find anyone on CGC who plays. I'm a season 25 diamond. And I've been playing on and off since 2019. PM if interested.,Anyone here play apex?,Discussion,2025-09-05T19:09:08.000Z,self,false,Alarming-Trust691,https://www.reddit.com/user/Alarming-Trust691,5,false,false,false,false,false,false,false,false,false,false,0,,1,0,0.67,true,false,,,false,false,0,false,,true,false,false,,,,,,2025-09-12T18:51:53.322Z,
https://www.reddit.com/r/uichicago/,1000,,uichicago,t5_2shzc,r/uichicago,https://www.reddit.com/r/uichicago,public,29115,https://www.reddit.com/r/uichicago/comments/1n9dvs5/new_market_is_sce/,new_market_is_sce,Walked past the Dunkin in Student Center East and saw the market had a card reader to get in and didn’t see anyone charging people out. How does that new system work?,New Market is SCE,null,2025-09-05T19:00:35.000Z,self,false,LeastTranslator1756,https://www.reddit.com/user/LeastTranslator1756,7,true,false,false,false,false,false,false,false,false,false,0,,12,0,0.93,false,false,,,false,false,0,false,,true,false,false,,,,,,2025-09-12T18:51:53.322Z,
https://www.reddit.com/r/uichicago/,1000,,uichicago,t5_2shzc,r/uichicago,https://www.reddit.com/r/uichicago,public,29115,https://www.reddit.com/r/uichicago/comments/1n9dmms/best_place_to_hang_out/,best_place_to_hang_out,"Is there like any places to hang out and possibly get approached to talk? I really don't have time for clubs and stuff, and I was just wondering if there's a particular place that people go to socialize. 

But like I'm also the type to not approach ppl. I want them to come to me  . I just want to make a really good friend here.",Best place to hang out??,Question,2025-09-05T18:50:45.000Z,self,false,LimeLemob,https://www.reddit.com/user/LimeLemob,13,false,false,false,false,false,false,false,false,false,false,0,,12,0,0.71,false,false,,,false,false,0,false,,true,false,false,,,,,,2025-09-12T18:51:53.322Z,
https://www.reddit.com/r/uichicago/,1000,,uichicago,t5_2shzc,r/uichicago,https://www.reddit.com/r/uichicago,public,29115,https://www.reddit.com/r/uichicago/comments/1n9b1jc/anyone_else_manually_entering_syllabus/,anyone_else_manually_entering_syllabus,"Every semester I start off with good intentions: collect all my syllabi, sit down with Google Calendar, and copy every deadline, exam, and project in. It takes forever, and no matter how careful I am, I always end up missing something small that was buried in the fine print.

This term I tried something different — I found a site that just scanned my syllabi and threw all the dates into a color-coded calendar. Honestly, it was such a relief not having to spend hours typing everything in. The crazy part is I can’t remember the name of the site now (I think I saw it through a friend on campus).

Anyway, it made me curious: how do you all handle deadlines? Do you build your own Notion/Excel setups, stick with Google Calendar, or use something more automated?",Anyone else manually entering syllabus information into calendar?,Question,2025-09-05T17:11:43.000Z,self,false,Express_Plant_337,https://www.reddit.com/user/Express_Plant_337,2,false,false,false,false,false,false,false,false,false,false,0,,0,0,0.4,true,false,,,false,false,0,false,,true,false,false,,,,,,2025-09-12T18:51:53.322Z,
https://www.reddit.com/r/uichicago/,1000,,uichicago,t5_2shzc,r/uichicago,https://www.reddit.com/r/uichicago,public,29115,https://www.reddit.com/r/uichicago/comments/1n9asx6/anyone_else_tired_of_manually_entering_their/,anyone_else_tired_of_manually_entering_their,"Every semester I start off with good intentions: collect all my syllabi, sit down with Google Calendar, and copy every deadline, exam, and project in. It takes forever, and no matter how careful I am, I always end up missing something small that was buried in the fine print.

This term I tried something different — I found a site that just scanned my syllabi and threw all the dates into a color-coded calendar. Honestly, it was such a relief not having to spend hours typing everything in. The crazy part is I can’t remember the name of the site now (I think I saw it through a friend on campus).

Anyway, it made me curious: how do you all handle deadlines? Do you build your own Notion/Excel setups, stick with Google Calendar, or use something more automated?",Anyone else tired of manually entering their syllabus into a calendar,null,2025-09-05T17:02:41.000Z,self,false,Express_Plant_337,https://www.reddit.com/user/Express_Plant_337,14,false,false,false,false,false,false,false,false,false,false,0,,34,0,0.91,false,false,,,false,false,0,false,,true,false,false,,,,,,2025-09-12T18:51:53.322Z,
https://www.reddit.com/r/uichicago/,1000,,uichicago,t5_2shzc,r/uichicago,https://www.reddit.com/r/uichicago,public,29115,https://www.reddit.com/r/uichicago/comments/1n9a4e3/gu_for_cs_141/,gu_for_cs_141,If anyone has taken professor Gu for any CS classes please let me know. Not sure if I should keep her for 141. There are no other options but im scared to get a bad grade. Thanks.,GU for CS 141,null,2025-09-05T16:36:53.000Z,self,false,Dense_Heat164,https://www.reddit.com/user/Dense_Heat164,1,false,false,false,false,false,false,false,false,false,false,0,,0,0,0.5,true,false,,,false,false,0,false,,true,false,false,,,,,,2025-09-12T18:51:53.323Z,
https://www.reddit.com/r/uichicago/,1000,,uichicago,t5_2shzc,r/uichicago,https://www.reddit.com/r/uichicago,public,29115,https://www.reddit.com/r/uichicago/comments/1n9a2tt/do_not_take_casey_john_for_eng_161/,do_not_take_casey_john_for_eng_161,"Professor John was so nice the first couple of weeks and was very kind and helpful with the assignments but after midway through he was grading the assignments so unfairly. My fried and I were talking about how unfair it was. I ended up with a low C and my friend with a C. My friend and I participated in all the classwork and still ended up getting such a bad grade and the other people in our class would not even have to try to get an A or a B. There is a chance to take another professor. If not, take 161 next semester. Hope this helps.",DO NOT TAKE CASEY JOHN FOR ENG 161,null,2025-09-05T16:35:14.000Z,self,false,Dense_Heat164,https://www.reddit.com/user/Dense_Heat164,3,false,false,false,false,false,false,false,false,false,false,0,,0,0,0.29,true,false,,,false,false,0,false,,true,false,false,,,,,,2025-09-12T18:51:53.323Z,
https://www.reddit.com/r/uichicago/,1000,,uichicago,t5_2shzc,r/uichicago,https://www.reddit.com/r/uichicago,public,29115,https://www.reddit.com/r/uichicago/comments/1n99kba/is_this_a_good_idea/,is_this_a_good_idea,"https://preview.redd.it/6wd72y5bfdnf1.png?width=339&amp;format=png&amp;auto=webp&amp;s=e68fd52e3bd2efded48db384eb2fe28caf20ff9e

For those who majored/majoring in accounting do you recommend taking all these classes together?? I am trying to graduate Fall 2026.",Is This a Good Idea??,Question,2025-09-05T16:15:37.000Z,https://a.thumbs.redditmedia.com/PRQW1B9cytWaKxXVPJmgwFM7L_ncwLGy_RkmizlcoL4.jpg,false,Plenty_Dog_3051,https://www.reddit.com/user/Plenty_Dog_3051,1,false,false,false,false,false,false,false,false,false,false,0,,3,0,0.72,false,false,,,false,false,0,false,,true,false,false,,,,,,2025-09-12T18:51:53.323Z,
https://www.reddit.com/r/uichicago/,1000,,uichicago,t5_2shzc,r/uichicago,https://www.reddit.com/r/uichicago,public,29115,https://www.reddit.com/r/uichicago/comments/1n97mw1/how_it_feels_walking_past_the_new_cs_building/,how_it_feels_walking_past_the_new_cs_building,,How it feels walking past the new CS building,Meme,2025-09-05T15:01:22.000Z,https://b.thumbs.redditmedia.com/XBSU5UH3UG4la5hrhlMOX62d6PXiAiTFL4skOaFsKiY.jpg,true,ansaruahmed,https://www.reddit.com/user/ansaruahmed,9,false,false,false,false,false,false,false,false,false,false,0,,361,0,0.99,false,false,,,false,false,0,false,,true,false,false,,,,,,2025-09-12T18:51:53.323Z,
https://www.reddit.com/r/uichicago/,1000,,uichicago,t5_2shzc,r/uichicago,https://www.reddit.com/r/uichicago,public,29115,https://www.reddit.com/r/uichicago/comments/1n8y6wp/do_you_actually_make_friends_in_clubs_or/,do_you_actually_make_friends_in_clubs_or,,Do you actually make friends in clubs or sororities?,Question,2025-09-05T06:51:18.000Z,self,false,Long_Ad_9195,https://www.reddit.com/user/Long_Ad_9195,8,false,false,false,false,false,false,false,false,false,false,0,,6,0,0.75,false,false,,,false,false,0,false,,true,false,false,,,,,,2025-09-12T18:51:53.323Z,
https://www.reddit.com/r/uichicago/,1000,,uichicago,t5_2shzc,r/uichicago,https://www.reddit.com/r/uichicago,public,29115,https://www.reddit.com/r/uichicago/comments/1n8vw52/how_does_my_schedule_look_im_a_first_year_and/,how_does_my_schedule_look_im_a_first_year_and,,How does my schedule look? I'm a first year and haven't rlly had any problems waking up early so far.,null,2025-09-05T04:33:59.000Z,https://b.thumbs.redditmedia.com/Z5aR6tFXi9wndlEDH-KqvzmWif_D9bNgiauK4H2CBQs.jpg,true,Lost_Union6279,https://www.reddit.com/user/Lost_Union6279,10,false,false,false,false,false,false,false,false,false,false,0,,5,0,0.86,false,false,,,false,false,0,false,,true,false,false,,,,,,2025-09-12T18:51:53.323Z,
https://www.reddit.com/r/uichicago/,1000,,uichicago,t5_2shzc,r/uichicago,https://www.reddit.com/r/uichicago,public,29115,https://www.reddit.com/r/uichicago/comments/1n8upsn/running_on_the_third_floor_of_cty_courtyard/,running_on_the_third_floor_of_cty_courtyard,"Please be quiet. Your jumping, running, screaming, and pounding noises aren’t very respectful. I’m speaking on behalf of me and numerous people on the second floor discussing the matter.",Running on the third floor of CTY (Courtyard),null,2025-09-05T03:31:22.000Z,self,false,glaceonex,https://www.reddit.com/user/glaceonex,3,false,false,false,false,false,false,false,false,false,false,0,,9,0,0.77,false,false,,,false,false,0,false,,true,false,false,,,,,,2025-09-12T18:51:53.323Z,
https://www.reddit.com/r/uichicago/,1000,,uichicago,t5_2shzc,r/uichicago,https://www.reddit.com/r/uichicago,public,29115,https://www.reddit.com/r/uichicago/comments/1n8u98q/hope_the_guy_wins_the_lawsuit/,hope_the_guy_wins_the_lawsuit,how yall gonna,Hope the guy wins the lawsuit,null,2025-09-05T03:07:42.000Z,https://b.thumbs.redditmedia.com/iQ959nqZpjst_9gqnqv1FJI4XT3VP8zOiD0WoXJzgLM.jpg,true,OriginalAppearance74,https://www.reddit.com/user/OriginalAppearance74,37,false,false,false,false,false,false,false,false,false,false,0,,267,0,0.86,false,false,,,false,false,0,false,,true,false,false,,,,,,2025-09-12T18:51:53.323Z,
https://www.reddit.com/r/uichicago/,1000,,uichicago,t5_2shzc,r/uichicago,https://www.reddit.com/r/uichicago,public,29115,https://www.reddit.com/r/uichicago/comments/1n8rx5m/what_clubs_have_you_guys_joined/,what_clubs_have_you_guys_joined,Just wanted to know.,What clubs have you guys joined?,Question,2025-09-05T01:14:45.000Z,self,false,Realistic-Crow-9791,https://www.reddit.com/user/Realistic-Crow-9791,26,false,false,false,false,false,false,false,false,false,false,0,,9,0,0.85,false,false,,,false,false,0,false,,true,false,false,,,,,,2025-09-12T18:51:53.323Z,
https://www.reddit.com/r/uichicago/,1000,,uichicago,t5_2shzc,r/uichicago,https://www.reddit.com/r/uichicago,public,29115,https://www.reddit.com/r/uichicago/comments/1n8r76u/cs_majors_this_is_why_yall_have_the_reputation/,cs_majors_this_is_why_yall_have_the_reputation,"Can somebody genuinely explain how you just piss on the floor next to the toilet? Yes, this is in the CS building.","CS Majors, this is why y'all have the reputation you do.",null,2025-09-05T00:40:41.000Z,https://b.thumbs.redditmedia.com/QoeIXs9cTIBMS-WlbBSddsWbOHPI02tzVCv8GEocZvo.jpg,true,chief_smexy,https://www.reddit.com/user/chief_smexy,41,false,false,false,false,false,false,false,false,false,false,0,,295,0,0.98,false,false,,,false,false,0,false,,true,false,false,,,,,,2025-09-12T18:51:53.324Z,
https://www.reddit.com/r/uichicago/,1000,,uichicago,t5_2shzc,r/uichicago,https://www.reddit.com/r/uichicago,public,29115,https://www.reddit.com/r/uichicago/comments/1n8qfhx/to_the_3_persons_who_were_blocking_my_view_in_src/,to_the_3_persons_who_were_blocking_my_view_in_src,"I may sound rude, so bear with me please.

I was hitting my chest exercise today morning, and while hitting incline chest press there were 3 people who were blocking my view on mirror, and they were hitting shoulder. I have no issues with whatever you girls and guys were hitting, but please don’t block someone’s view while they are hitting their rep. I literally lost my  form and grip just because you guys instantly grouped up and blocked my view and I wasn’t able to see my form.
I am not a pro GYM athlete and I haven’t book any personal trainer for me, and I hit GYM alone, so seeing my form through mirror is the only way I can check weather I am hitting it right or not.",To the 3 persons who were blocking my view in SRC,Discussion,2025-09-05T00:04:47.000Z,self,false,ROY_OP,https://www.reddit.com/user/ROY_OP,5,false,false,false,false,false,false,false,false,false,false,0,,0,0,0.44,true,false,,,false,false,0,false,,true,false,false,,,,,,2025-09-12T18:51:53.324Z,
https://www.reddit.com/r/uichicago/,1000,,uichicago,t5_2shzc,r/uichicago,https://www.reddit.com/r/uichicago,public,29115,https://www.reddit.com/r/uichicago/comments/1n8qae4/any_girls_with_similar_interests_wanna_be_friends/,any_girls_with_similar_interests_wanna_be_friends,"Hello! 
I transferred to UIC Spring of 2024 and since I am a commuter I have struggled to make friends and solid bonds. I would love to meet new people. I am a bit introverted however once comfortable I will yap a lot. I enjoy video games, all types of nerdy stuff and cute stuff (Gudetama for example). I am also open to hearing new music (I have a playlist with over 2k songs lol). I'll listen to anything except country. Would love some recs. Dm me if interested! c:",Any girls with similar interests wanna be friends?,Discussion,2025-09-04T23:58:35.000Z,self,false,remnantsoftime,https://www.reddit.com/user/remnantsoftime,6,true,false,false,false,false,false,false,false,false,false,0,,14,0,0.89,false,false,,,false,false,0,false,,true,false,false,,,,,,2025-09-12T18:51:53.324Z,
https://www.reddit.com/r/uichicago/,1000,,uichicago,t5_2shzc,r/uichicago,https://www.reddit.com/r/uichicago,public,29115,https://www.reddit.com/r/uichicago/comments/1n8o24e/any_girls_wanna_be_friends/,any_girls_wanna_be_friends,"Hi I am a freshman and I’m looking for friends on campus preferably if you live on campus it has been 2 weeks and I’ve had no luck meeting anyone new   
I am a girl and I am looking for girl friends to maybe hang out with/eat with sometimes.",Any girls wanna be friends??,Question,2025-09-04T22:21:25.000Z,self,false,South_Writing_6,https://www.reddit.com/user/South_Writing_6,31,false,false,false,false,false,false,false,false,false,false,0,,26,0,0.96,false,false,,,false,false,0,false,,true,false,false,,,,,,2025-09-12T18:51:53.328Z,
https://www.reddit.com/r/uichicago/,1000,,uichicago,t5_2shzc,r/uichicago,https://www.reddit.com/r/uichicago,public,29115,https://www.reddit.com/r/uichicago/comments/1n8mssg/honest_and_sophisticated_review_about_letterman/,honest_and_sophisticated_review_about_letterman,"You know what, there should be negative ratings on these platforms for these kinds of businesses. This is the shittiest building that I have ever leased an apartment from. First, when you sign the lease, they will take you to the 6th floor and show you one of their newly renovated apartments. But once you sign a lease with them, you’re screwed. They will probably give you a shitty apartment on another floor, and you’re stuck for your whole life as long as you live there—like I am right now.  
  
Their management is fucking pathetic, and they don’t know how to talk to their tenants. They will delay a maintenance request as much as they can, and they’ll probably come up with some shitty reason like, “Oh, our maintenance guy is having some personal issue.” I mean, wtf—do you have just one maintenance guy for the whole building? Trust me, go rent an apartment from a much nicer place like Tailor Lofts if you are a UIC student. Their maintenance and management are so fucking good. Trust me, you don’t want to deal with these guys at Letterman, who probably don’t give a shit about you leasing an apartment from them.  
  
Here’s some proof from my apartment that this is the shittiest place you can live in. One of my roommates, who is our friend, got his room, and you would not believe what he has in it: a big fucking giant pillar. And in case you’re from Letterman management and reading this review, get your shit together and get your things done.

[Who tf wants to live with this thing in his room. I mean who tf was the architecture and wtf was he thinking about](https://preview.redd.it/1631o5ogu7nf1.png?width=3024&amp;format=png&amp;auto=webp&amp;s=bf7f04c6659e26a24e2e037286bd7b4b78cfcf65)",Honest and sophisticated review about Letterman Chicago,null,2025-09-04T21:29:32.000Z,https://b.thumbs.redditmedia.com/FHqcH-Olx1AE1HJdnbBwfDMnFrRw1umCjRMh4m5RKjQ.jpg,false,Outside_Listen_9433,https://www.reddit.com/user/Outside_Listen_9433,9,false,false,false,false,false,false,false,false,false,false,0,,23,0,0.93,false,false,,,false,false,0,false,,true,false,false,,,,,,2025-09-12T18:51:53.328Z,
https://www.reddit.com/r/uichicago/,1000,,uichicago,t5_2shzc,r/uichicago,https://www.reddit.com/r/uichicago,public,29115,https://www.reddit.com/r/uichicago/comments/1n8lkag/where_all_the_slavic_peoples_on_campus/,where_all_the_slavic_peoples_on_campus,,Where all the slavic peoples on campus,Discussion,2025-09-04T20:40:38.000Z,self,false,SwirlyMonkey,https://www.reddit.com/user/SwirlyMonkey,3,false,false,false,false,false,false,false,false,false,false,0,,0,0,0.46,true,false,,,false,false,0,false,,true,false,false,,,,,,2025-09-12T18:51:53.329Z,
https://www.reddit.com/r/uichicago/,1000,,uichicago,t5_2shzc,r/uichicago,https://www.reddit.com/r/uichicago,public,29115,https://www.reddit.com/r/uichicago/comments/1n8io8e/how_difficult_is_econ_333_with_paul_pieper_if_you/,how_difficult_is_econ_333_with_paul_pieper_if_you,"What the title says.

I did take ECON 120 and 121, but never ECON 220, ECON 221, and/or INST 211. 

Does ECON 333 expect you to know everything from ECON 220, 221, and/or INST 211?","How difficult is ECON 333 with Paul Pieper if you haven't taken ECON 220, 221, and INST 211?",Question,2025-09-04T18:49:43.000Z,self,false,Abject_Fly197,https://www.reddit.com/user/Abject_Fly197,0,false,false,false,false,false,false,false,false,false,false,0,,0,0,0.33,true,false,,,false,false,0,false,,true,false,false,,,,,,2025-09-12T18:51:53.329Z,
https://www.reddit.com/r/uichicago/,1000,,uichicago,t5_2shzc,r/uichicago,https://www.reddit.com/r/uichicago,public,29115,https://www.reddit.com/r/uichicago/comments/1n8guxz/stop_hitting_on_the_student_involvement_fair/,stop_hitting_on_the_student_involvement_fair,"Please stop hitting on me.

I know I'm hot as fuck, but that doesn't give you permission to tell me all about it. I don't care if you think I'm a \""pretty white boy,\"" because I'm also a sensitive white boy who doesn't know how to respond to your advances.

I'm not trying to flirt with you. I'm trying to get you to join my club, so please shut the fuck up and sign your name and school email. I'm not asking for your number so we can go on a date, I'm just trying to add you to the GroupMe.

Please don't try to \""help me with [my] loads.\"" I could use some help carrying these signs from my car, but the way you said that makes me feel like you're talking about something else.",Stop Hitting on the Student Involvement Fair People,Discussion,2025-09-04T17:40:56.000Z,self,false,BeatTheGreat,https://www.reddit.com/user/BeatTheGreat,39,true,false,false,false,false,false,false,false,false,false,0,,108,0,0.84,false,false,,,false,false,0,false,,true,false,false,,,,,,2025-09-12T18:51:53.329Z,
https://www.reddit.com/r/uichicago/,1000,,uichicago,t5_2shzc,r/uichicago,https://www.reddit.com/r/uichicago,public,29115,https://www.reddit.com/r/uichicago/comments/1n8ggh9/cdrlc_study_rooms/,cdrlc_study_rooms,How do you access the private study rooms on the second floor of the new CS building?,CDRLC Study Rooms,null,2025-09-04T17:25:28.000Z,self,false,Ok-Good-9842,https://www.reddit.com/user/Ok-Good-9842,1,false,false,false,false,false,false,false,false,false,false,0,,1,0,0.57,false,false,,,false,false,0,false,,true,false,false,,,,,,2025-09-12T18:51:53.329Z,
https://www.reddit.com/r/uichicago/,1000,,uichicago,t5_2shzc,r/uichicago,https://www.reddit.com/r/uichicago,public,29115,https://www.reddit.com/r/uichicago/comments/1n8f2k4/part_time_merit_tuition_waiver/,part_time_merit_tuition_waiver,"I recently reduced my credit hours this semester, and UIC completely took away my merit tuition waiver instead of adjusting it to a part-time merit waiver. Back in 2023 when I was part-time, they still gave me the part-time waiver. Now they’re telling me you have to be full-time to get any merit tuition waiver, but I don’t think that’s accurate. I honestly don’t know who to believe because I keep getting the runaround.

On top of that, I have an overdue credit sitting in my account since August 18th that hasn’t been released. They’re saying they’re waiting until the 10th day of classes to do a balance adjustment before releasing it, but it’s been over 2 weeks.

Has anyone else dealt with this? Do you know if the merit tuition waiver can be prorated for part-time students in 2025, or if it’s really all-or-nothing now? And is it normal for refunds to take this long?

Appreciate any insight.",Part Time Merit Tuition Waiver,Question,2025-09-04T16:33:30.000Z,self,false,Trick_Somewhere_456,https://www.reddit.com/user/Trick_Somewhere_456,2,false,false,false,false,false,false,false,false,false,false,0,,0,0,0.33,true,false,,,false,false,0,false,,true,false,false,,,,,,2025-09-12T18:51:53.329Z,
https://www.reddit.com/r/uichicago/,1000,,uichicago,t5_2shzc,r/uichicago,https://www.reddit.com/r/uichicago,public,29115,https://www.reddit.com/r/uichicago/comments/1n8by3u/spots_on_campus_for_zoom_meetings/,spots_on_campus_for_zoom_meetings,"My first thought was the first or second floor of the library, but there's really no privacy, nor do I want to disturb someone in the late afternoon. So, what are some good spots on campus for Zoom meetings, as I will have a couple of meetings in the coming weeks where we are advised to converse with groups and instructors?",Spots on campus for zoom meetings,null,2025-09-04T14:37:14.000Z,self,false,SimilarPersimmon2096,https://www.reddit.com/user/SimilarPersimmon2096,7,false,false,false,false,false,false,false,false,false,false,0,,8,0,0.83,false,false,,,false,false,0,false,,true,false,false,,,,,,2025-09-12T18:51:53.329Z,
https://www.reddit.com/r/uichicago/,1000,,uichicago,t5_2shzc,r/uichicago,https://www.reddit.com/r/uichicago,public,29115,https://www.reddit.com/r/uichicago/comments/1n8bf6c/when_can_i_expect_to_hear_back_from_a_spring/,when_can_i_expect_to_hear_back_from_a_spring,I applied on August 26 on the neuroscience track. I also applied for honor’s college too and my last recommender submitted their letter yesterday. Around what month should I expect to hear back regarding my application?,When can I expect to hear back from a Spring Transfer application?,Question,2025-09-04T14:17:22.000Z,self,false,Aeriichandesu,https://www.reddit.com/user/Aeriichandesu,0,false,false,false,false,false,false,false,false,false,false,0,,0,0,0.5,true,false,,,false,false,0,false,,true,false,false,,,,,,2025-09-12T18:51:53.329Z,
https://www.reddit.com/r/uichicago/,1000,,uichicago,t5_2shzc,r/uichicago,https://www.reddit.com/r/uichicago,public,29115,https://www.reddit.com/r/uichicago/comments/1n7zrjw/mgmt_350_tth_330_445_pm_fall_2025/,mgmt_350_tth_330_445_pm_fall_2025,"Hey guys,
Anyone willing to drop MGMT 350 that time on the title if so please let me know and also I’ll pay",MGMT 350 T/Th 3:30 - 4:45 PM Fall 2025,null,2025-09-04T03:39:01.000Z,self,false,FeatureInevitable773,https://www.reddit.com/user/FeatureInevitable773,0,false,false,false,false,false,false,false,false,false,false,0,,0,0,0.33,true,false,,,false,false,0,false,,true,false,false,,,,,,2025-09-12T18:51:53.329Z,
https://www.reddit.com/r/uichicago/,1000,,uichicago,t5_2shzc,r/uichicago,https://www.reddit.com/r/uichicago,public,29115,https://www.reddit.com/r/uichicago/comments/1n7xut0/uic_x_loyola_party_this_saturday/,uic_x_loyola_party_this_saturday,"Hey yall, for those attending the black to school bbq, this is an event to give the campus something to do that night. Even if you can’t make the BBQ, still slide! Prices will be going up soon!",UIC x Loyola Party This Saturday,Image,2025-09-04T02:06:03.000Z,https://b.thumbs.redditmedia.com/YmVmXjBniB0X3-jK5I_ZY6S6wP1sOeBYETxyrPYBA8w.jpg,true,milkchocolatejr,https://www.reddit.com/user/milkchocolatejr,1,false,false,false,false,false,false,false,false,false,false,0,,0,0,0.1,true,false,,,false,false,1,false,,true,false,false,,,,,,2025-09-12T18:51:53.329Z,
https://www.reddit.com/r/uichicago/,1000,,uichicago,t5_2shzc,r/uichicago,https://www.reddit.com/r/uichicago,public,29115,https://www.reddit.com/r/uichicago/comments/1n7xrwh/anyone_see_the_girls_taking_pictures_in_the/,anyone_see_the_girls_taking_pictures_in_the,"I just thought it was funny lmao

I think they only came in to take pictures because they left after like 2 minutes kinda performative but real low-key",Anyone see the girls taking pictures in the library?,Discussion,2025-09-04T02:02:22.000Z,self,false,exo-Skelton,https://www.reddit.com/user/exo-Skelton,18,false,false,false,false,false,false,false,false,false,false,0,,1,0,0.51,true,false,,,false,false,0,false,,true,false,false,,,,,,2025-09-12T18:51:53.330Z,
https://www.reddit.com/r/uichicago/,1000,,uichicago,t5_2shzc,r/uichicago,https://www.reddit.com/r/uichicago,public,29115,https://www.reddit.com/r/uichicago/comments/1n7wdvf/whoever_left_their_plates_on_the_table_like_this/,whoever_left_their_plates_on_the_table_like_this,like idc where you came from i KNOW you see people walking to dump their dishes. the people working here do not get paid enough to clean up after you.,whoever left their plates on the table like this you should be ashamed of yourself,null,2025-09-04T00:56:42.000Z,https://b.thumbs.redditmedia.com/b96hbNEG99clkcRoQwUb8xfbVHLMXxbufm5vj6parBU.jpg,false,st4rbl00m,https://www.reddit.com/user/st4rbl00m,7,false,false,false,false,false,false,false,false,false,false,0,,104,0,0.96,false,false,,,false,false,0,false,,true,false,false,,,,,,2025-09-12T18:51:53.330Z,
https://www.reddit.com/r/uichicago/,1000,,uichicago,t5_2shzc,r/uichicago,https://www.reddit.com/r/uichicago,public,29115,https://www.reddit.com/r/uichicago/comments/1n7v4ud/normalize_knowing_english_before_you_teach_a_hard/,normalize_knowing_english_before_you_teach_a_hard,"Listen I don't care where anyone is from or what their accent sounds like. But it gets to a point like if you find some things difficult to pronounce that's fine if I know what you mean but seriously can they do an evaluation on the profs they're hiring and make sure their grammar is better than that of a preschooler at least??? I mean why are you teaching a class as hard as physics hardly being able to speak english bro, at least do an easier class.",Normalize knowing english before you teach a hard class,null,2025-09-03T23:59:04.000Z,self,false,Appanda05,https://www.reddit.com/user/Appanda05,59,false,false,false,false,false,false,false,false,false,false,0,,184,0,0.8,false,false,,,false,false,0,false,,true,false,false,,,,,,2025-09-12T18:51:53.330Z,
https://www.reddit.com/r/uichicago/,1000,,uichicago,t5_2shzc,r/uichicago,https://www.reddit.com/r/uichicago,public,29115,https://www.reddit.com/r/uichicago/comments/1n7umi3/uic_x_cubs/,uic_x_cubs,Anyone selling their UIC Cubs hat from Tuesdays game?,UIC X Cubs,null,2025-09-03T23:35:56.000Z,self,false,Past-Ingenuity2101,https://www.reddit.com/user/Past-Ingenuity2101,0,false,false,false,false,false,false,false,false,false,false,0,,0,0,0.25,true,false,,,false,false,0,false,,true,false,false,,,,,,2025-09-12T18:51:53.330Z,
https://www.reddit.com/r/uichicago/,1000,,uichicago,t5_2shzc,r/uichicago,https://www.reddit.com/r/uichicago,public,29115,https://www.reddit.com/r/uichicago/comments/1n7sw5x/on_campus_job/,on_campus_job,"Hello I'm a sophmore attending UIC, an engineering major. I was wondering on how I could possibly find an on campus job. I've tried handshake, but it doesn't seem to really do anything. Any suggestions?",On campus job,null,2025-09-03T22:22:27.000Z,self,false,Every_Sugar2120,https://www.reddit.com/user/Every_Sugar2120,1,false,false,false,false,false,false,false,false,false,false,0,,1,0,0.57,true,false,,,false,false,0,false,,true,false,false,,,,,,2025-09-12T18:51:53.330Z,
https://www.reddit.com/r/uichicago/,1000,,uichicago,t5_2shzc,r/uichicago,https://www.reddit.com/r/uichicago,public,29115,https://www.reddit.com/r/uichicago/comments/1n7re88/sub_loan_request_change/,sub_loan_request_change,"Has anyone ever requested more for their sub-loan at this period of time during the second semester? I requested $500 more for this semester and the following semester, so I was just wondering what’s the process like since I submitted the request change in the financial aid self service tab. 

Any help is greatly appreciated!",Sub Loan Request Change,Question,2025-09-03T21:22:01.000Z,self,false,Luchieman,https://www.reddit.com/user/Luchieman,0,false,false,false,false,false,false,false,false,false,false,0,,0,0,0.33,true,false,,,false,false,0,false,,true,false,false,,,,,,2025-09-12T18:51:53.330Z,
https://www.reddit.com/r/uichicago/,1000,,uichicago,t5_2shzc,r/uichicago,https://www.reddit.com/r/uichicago,public,29115,https://www.reddit.com/r/uichicago/comments/1n7p5km/mscs_math_grader_application/,mscs_math_grader_application,"I applied for the math grader position as soon as it opened with a pretty solid reference. Does anyone know how long they take to reach out? I wanted to email them to follow up, but I don't know if it would be rude or annoying since we're barely a week and a half in. Thanks!",MSCS Math Grader application,Question,2025-09-03T19:56:26.000Z,self,false,coolpeanuts9,https://www.reddit.com/user/coolpeanuts9,2,false,false,false,false,false,false,false,false,false,false,0,,0,0,0.5,true,false,,,false,false,0,false,,true,false,false,,,,,,2025-09-12T18:51:53.331Z,
https://www.reddit.com/r/uichicago/,1000,,uichicago,t5_2shzc,r/uichicago,https://www.reddit.com/r/uichicago,public,29115,https://www.reddit.com/r/uichicago/comments/1n7obi5/campus_care_coverage/,campus_care_coverage,"Hello all, 
I got an email from the office of the registrar saying I need to get a Tetanus shot, does campus care cover it if you are 21? If not does anyone know how much it costs without insurance",Campus Care coverage,null,2025-09-03T19:24:45.000Z,self,false,KreamyBeef,https://www.reddit.com/user/KreamyBeef,2,false,false,false,false,false,false,false,false,false,false,0,,1,0,0.6,true,false,,,false,false,0,false,,true,false,false,,,,,,2025-09-12T18:51:53.331Z,
https://www.reddit.com/r/uichicago/,1000,,uichicago,t5_2shzc,r/uichicago,https://www.reddit.com/r/uichicago,public,29115,https://www.reddit.com/r/uichicago/comments/1n7o9ss/what_the_hell/,what_the_hell,Goon stall in the library,What the hell?,Image,2025-09-03T19:22:57.000Z,https://b.thumbs.redditmedia.com/cbYKiuFEbIjC79vZMQ2fPrfzlCY-rPOIQuvaIHrW4do.jpg,true,Nvy_4,https://www.reddit.com/user/Nvy_4,25,false,false,false,false,false,false,false,false,false,false,0,,248,0,0.95,false,false,,,false,false,0,false,,true,false,false,,,,,,2025-09-12T18:51:53.331Z,
https://www.reddit.com/r/uichicago/,1000,,uichicago,t5_2shzc,r/uichicago,https://www.reddit.com/r/uichicago,public,29115,https://www.reddit.com/r/uichicago/comments/1n7mcba/sublease_opportunity_looking_for_someone_to_take/,sublease_opportunity_looking_for_someone_to_take,"Looking for someone to take over my lease in a boutique luxury building just steps from the train station and surrounded by some of Chicago's most famous Greektown restaurants.  
  
Watch the video here: [https://www.youtube.com/watch?v=F7KjxVWvsNQ&amp;ab\_channel=TheVanBuren](https://www.youtube.com/watch?v=F7KjxVWvsNQ&amp;ab_channel=TheVanBuren)  
  
Apartment Highlights:  
Spacious unit with amazing Chicago skyline views  
Boutique building with luxury amenities (gym, lounge, pool, study rooms, covered dog run, Rooftop Grilling Area, on-site bike storage, etc.)  
Water &amp; gas included in rent (electric &amp; internet separate)  
Modern finishes, high ceilings, and plenty of natural light  
  
Location Perks:  
In the vibrant heart of Greektown  
A few blocks from the train station and easy access to downtown  
Walkable to restaurants, cafes, shopping, and nightlife  
  
Rent: 2833 per month  
Available: September 1st lease through April 17, 2026, renewal possible  
  
Perfect for anyone looking to enjoy a convenient, upscale lifestyle in one of Chicago's most vibrant neighbourhoods.  
  
DM me for more details, pictures, or to schedule a tour",Sublease Opportunity - Looking for someone to take over my lease in a boutique luxury building just steps from UIC campus,null,2025-09-03T18:10:59.000Z,self,false,StableSpecialist8271,https://www.reddit.com/user/StableSpecialist8271,1,false,false,false,false,false,false,false,false,false,false,0,,0,0,0.33,true,false,,,false,false,0,false,,true,false,false,,,,,,2025-09-12T18:51:53.331Z,
https://www.reddit.com/r/uichicago/,1000,,uichicago,t5_2shzc,r/uichicago,https://www.reddit.com/r/uichicago,public,29115,https://www.reddit.com/r/uichicago/comments/1n7lwwp/internet_connection_at_sce/,internet_connection_at_sce,Is it just me or is anyone else having an issue connecting to UIC-WiFi in the cafeteria area of the building? I suddenly just disconnect and can't get a connection at all to my laptop,Internet connection at SCE,Question,2025-09-03T17:55:28.000Z,self,false,TheGweenDeku905,https://www.reddit.com/user/TheGweenDeku905,3,false,false,false,false,false,false,false,false,false,false,0,,4,0,0.75,false,false,,,false,false,0,false,,true,false,false,,,,,,2025-09-12T18:51:53.331Z,
https://www.reddit.com/r/uichicago/,1000,,uichicago,t5_2shzc,r/uichicago,https://www.reddit.com/r/uichicago,public,29115,https://www.reddit.com/r/uichicago/comments/1n7i6i9/east_campus_gym_question/,east_campus_gym_question,hey guys it’s my first semester here and i wanna go to the gym that’s right by sce but i heard it’s extremely packed anyone know any times that’s are chill or if im better off just making the commute to another gym/ west campus gym,east campus gym question,Question,2025-09-03T15:39:00.000Z,self,false,Lugiazel,https://www.reddit.com/user/Lugiazel,8,false,false,false,false,false,false,false,false,false,false,0,,9,0,0.84,false,false,,,false,false,0,false,,true,false,false,,,,,,2025-09-12T18:51:53.331Z,
https://www.reddit.com/r/uichicago/,1000,,uichicago,t5_2shzc,r/uichicago,https://www.reddit.com/r/uichicago,public,29115,https://www.reddit.com/r/uichicago/comments/1n757p6/west_campus_parking/,west_campus_parking,Anyone know of any free/ cheap parking on west campus? Preferably somewhere that’s fine to stay from 8-5pm.,West campus parking,null,2025-09-03T04:18:58.000Z,self,false,passiflora_ligularis,https://www.reddit.com/user/passiflora_ligularis,2,false,false,false,false,false,false,false,false,false,false,0,,0,0,0.5,true,false,,,false,false,0,false,,true,false,false,,,,,,2025-09-12T18:51:53.331Z,
https://www.reddit.com/r/uichicago/,1000,,uichicago,t5_2shzc,r/uichicago,https://www.reddit.com/r/uichicago,public,29115,https://www.reddit.com/r/uichicago/comments/1n73m0e/orgo_1_notes_pdfhandwritten/,orgo_1_notes_pdfhandwritten,"Hey everyone! I’m taking Orgo 2 this semester and really want to review Orgo 1 before things get intense. Does anyone have their Orgo 1 notes (handwritten, typed, or in a PDF) all in one place that they’d be willing to share?

Any help would be super appreciated. thanks in advance!",Orgo 1 notes pdf/handwritten,null,2025-09-03T02:57:10.000Z,self,false,Unable-Progress-6290,https://www.reddit.com/user/Unable-Progress-6290,1,false,false,false,false,false,false,false,false,false,false,0,,1,0,0.67,true,false,,,false,false,0,false,,true,false,false,,,,,,2025-09-12T18:51:53.331Z,
https://www.reddit.com/r/uichicago/,1000,,uichicago,t5_2shzc,r/uichicago,https://www.reddit.com/r/uichicago,public,29115,https://www.reddit.com/r/uichicago/comments/1n73ckb/ids_201_vs_331/,ids_201_vs_331,"Please help!

I am enrolled in IDS 201 right now, and the instructor already seems awful. I’ve done Python before, and I know that Java is different, but I cannot follow him in lecture at all. 

How is IDS 331 in comparison? I’m looking to switch but want to make sure that it will count towards my major requirement. I plan on talking to my advisor tomorrow but just wanted to see if any IDS majors here know. Thank you!!",IDS 201 vs. 331,null,2025-09-03T02:44:34.000Z,self,false,ahnmae,https://www.reddit.com/user/ahnmae,2,false,false,false,false,false,false,false,false,false,false,0,,0,0,0.5,true,false,,,false,false,0,false,,true,false,false,,,,,,2025-09-12T18:51:53.331Z,
https://www.reddit.com/r/uichicago/,1000,,uichicago,t5_2shzc,r/uichicago,https://www.reddit.com/r/uichicago,public,29115,https://www.reddit.com/r/uichicago/comments/1n726je/2nd_week_in_and_people_still_suck_at_walking/,2nd_week_in_and_people_still_suck_at_walking,"For the love of GOOOD can people please learn how to walk on campus sidewalks properly. The amount of times I'm walking to Stevenson or Grant Hall and there's people incoming on the lane CLEARLY going towards the halls. LIKE PLEASE MOOOOVE, it is sooo beyond frustrating when I'M CLEARLY walking on the right side and there's people walking towards me.",2nd week in and people still suck at walking,null,2025-09-03T01:49:11.000Z,self,false,remnantsoftime,https://www.reddit.com/user/remnantsoftime,12,false,false,false,false,false,false,false,false,false,false,0,,64,0,0.98,false,false,,,false,false,0,false,,true,false,false,,,,,,2025-09-12T18:51:53.332Z,
https://www.reddit.com/r/uichicago/,1000,,uichicago,t5_2shzc,r/uichicago,https://www.reddit.com/r/uichicago,public,29115,https://www.reddit.com/r/uichicago/comments/1n6w9ow/great_almost_that_time_of_the_year_again/,great_almost_that_time_of_the_year_again,"Personally,",Great… almost that time of the year again,Discussion,2025-09-02T21:31:42.000Z,https://a.thumbs.redditmedia.com/4vdtR7vl3_cYhVz99gbDb0F5fiCozfVZ6fG0EsMSpy4.jpg,true,pepperonipizzarocks,https://www.reddit.com/user/pepperonipizzarocks,2,false,false,false,false,false,false,false,false,false,false,0,,15,0,0.89,false,false,,,false,false,0,false,,true,false,false,,,,,,2025-09-12T18:51:53.332Z,
https://www.reddit.com/r/uichicago/,1000,,uichicago,t5_2shzc,r/uichicago,https://www.reddit.com/r/uichicago,public,29115,https://www.reddit.com/r/uichicago/comments/1n6um86/sublease_jan_1stjuly_31st2026/,sublease_jan_1stjuly_31st2026,"Hi everyone,

I know it’s a bit early but I need to sublet my current room in an 3bed/2bath apartment nearby UIC.

(FEMALE ONLY)

S Aberdeen St, Chicago, IL 60607, United States

- 1 Bedroom for sublease in 3 bedroom/2 bathroom newly renovated modern apartment for $965/month

- Security deposit: 2 months of rent (will be returned after moving out)

-Utilities and high-speed internet included in rent

-Desk, chair, Twin-sized bed frame, and Mattress included in the room

-In-unit laundry and appliances are available in apartment

-Perfect for students studying in Chicago

- 919 S Aberdeen St. 5 minute walk from UIC campus, 10 seconds off Taylor St.

Please DM me if you are interested",Sublease Jan 1st-July 31st/2026,null,2025-09-02T20:28:11.000Z,https://a.thumbs.redditmedia.com/EIVcPQEXUTpunHTDCwXa2UkpNmlbKyeFeUfhZ6OfZh4.jpg,false,Successful_Set2293,https://www.reddit.com/user/Successful_Set2293,2,false,false,false,false,false,false,false,false,false,false,0,,9,0,0.8,false,false,,,false,false,0,false,,true,false,false,,,,,,2025-09-12T18:51:53.332Z,
https://www.reddit.com/r/uichicago/,1000,,uichicago,t5_2shzc,r/uichicago,https://www.reddit.com/r/uichicago,public,29115,https://www.reddit.com/r/uichicago/comments/1n6tpna/will_it_cost_me_to_cancel_my_housing_after_this/,will_it_cost_me_to_cancel_my_housing_after_this,"Hi, so i thought my scholarships woukd help for housing but it didnt. talked to financial aid but we know their rude and dont gaf. i cant even pay for this sem but i can prob make it work if i dont have to pay next sem. I just need to know if its possible to cancel housing for next sem without having to still pay for it? like i know i have to pay 500 but is that it?",Will it cost me to cancel my housing after this sem?,Question,2025-09-02T19:54:30.000Z,self,false,deehee10,https://www.reddit.com/user/deehee10,1,false,false,false,false,false,false,false,false,false,false,0,,7,0,0.89,false,false,,,false,false,0,false,,true,false,false,,,,,,2025-09-12T18:51:53.332Z,
https://www.reddit.com/r/uichicago/,1000,,uichicago,t5_2shzc,r/uichicago,https://www.reddit.com/r/uichicago,public,29115,https://www.reddit.com/r/uichicago/comments/1n6sk95/what_is_happening_with_rata_union_contract/,what_is_happening_with_rata_union_contract,"Does anyone know what’s happening with the union bargaining for RAs and TA contracts? I’m so financially stressed was hoping to hear something about wage increases    was very disappointed when my RA letter came in and I saw no increase. I hate how in the dark I feel, with no idea on a timeline or anything and apparently UIC has not been friendly in the negotiations…. And they took away our campuscare waiver",What is happening with RA/TA union contract negotiations?,Question,2025-09-02T19:10:20.000Z,self,false,Alternative-Judge446,https://www.reddit.com/user/Alternative-Judge446,2,false,false,false,false,false,false,false,false,false,false,0,,5,0,0.86,false,false,,,false,false,0,false,,true,false,false,,,,,,2025-09-12T18:51:53.332Z,
https://www.reddit.com/r/uichicago/,1000,,uichicago,t5_2shzc,r/uichicago,https://www.reddit.com/r/uichicago,public,29115,https://www.reddit.com/r/uichicago/comments/1n6s5uc/marketplace_at_sce/,marketplace_at_sce,What the actual EFF is up with them adding a paywall just to ENTER the marketplace now?? They take Flames Fare but you have to pre-authorize $5 on your credit/debit card just to walk in? Seriously? Out of all the money they get from us for tuition/fees/room and board… omg,Marketplace at SCE,Discussion,2025-09-02T18:55:26.000Z,self,false,TwinkleBrush,https://www.reddit.com/user/TwinkleBrush,30,false,false,false,false,false,false,false,false,false,false,0,,55,0,0.86,false,false,,,false,false,0,false,,true,false,false,,,,,,2025-09-12T18:51:53.332Z,
https://www.reddit.com/r/uichicago/,1000,,uichicago,t5_2shzc,r/uichicago,https://www.reddit.com/r/uichicago,public,29115,https://www.reddit.com/r/uichicago/comments/1n6rbu1/somebody_lose_a_ring/,somebody_lose_a_ring,Did one of you ladies lose a ring in the SELE building. Im in the building rn and will eventually turn it in to SCE when i walk that way but in case that person is here i will hold it here and just dm me a description of your ring and i will tell you where i am.,Somebody lose a ring?,Question,2025-09-02T18:24:31.000Z,self,false,WolfonStateStreet,https://www.reddit.com/user/WolfonStateStreet,0,false,false,false,false,false,false,false,false,false,false,0,,8,0,0.79,false,false,,,false,false,0,false,,true,false,false,,,,,,2025-09-12T18:51:53.333Z,
https://www.reddit.com/r/uichicago/,1000,,uichicago,t5_2shzc,r/uichicago,https://www.reddit.com/r/uichicago,public,29115,https://www.reddit.com/r/uichicago/comments/1n6q682/possible_transfer_with_a_class_format_question/,possible_transfer_with_a_class_format_question,Thinking of applying to transfer TO the university; was wondering if the biology and/or urban studies classes are entirely lecture or if they're a mix of different formats? If anyone could help me get this answered that'd be much appreciated! Thanks!,possible transfer with a class format question,Question,2025-09-02T17:41:51.000Z,self,false,lion655,https://www.reddit.com/user/lion655,1,false,false,false,false,false,false,false,false,false,false,0,,1,0,0.67,true,false,,,false,false,0,false,,true,false,false,,,,,,2025-09-12T18:51:53.333Z,
https://www.reddit.com/r/uichicago/,1000,,uichicago,t5_2shzc,r/uichicago,https://www.reddit.com/r/uichicago,public,29115,https://www.reddit.com/r/uichicago/comments/1n6plgf/buying_ti_84_ce_for_class/,buying_ti_84_ce_for_class,"Need a TI 84 CE for math 160 for relatively cheap, don’t have much money rn. With charger as well, preferably I wanna buy it on campus, someone plsss help me out",Buying TI 84 CE for class,null,2025-09-02T17:20:03.000Z,self,false,Jumpy-Seaweed-4486,https://www.reddit.com/user/Jumpy-Seaweed-4486,4,false,false,false,false,false,false,false,false,false,false,0,,0,0,0.5,true,false,,,false,false,0,false,,true,false,false,,,,,,2025-09-12T18:51:53.333Z,
https://www.reddit.com/r/uichicago/,1000,,uichicago,t5_2shzc,r/uichicago,https://www.reddit.com/r/uichicago,public,29115,https://www.reddit.com/r/uichicago/comments/1n6ofgg/uic_map_grant/,uic_map_grant,"Is anyone else receiving a really low amount as the Map Grant this year? I usually receive about $1000-$2000. However, it’s jumped down to $168 for the semester and it’s worrying me as my tuition is extremely high now.",UIC Map Grant,Question,2025-09-02T16:36:57.000Z,self,false,Mammoth_Aspect8765,https://www.reddit.com/user/Mammoth_Aspect8765,4,false,false,false,false,false,false,false,false,false,false,0,,4,0,0.83,false,false,,,false,false,0,false,,true,false,false,,,,,,2025-09-12T18:51:53.333Z,
https://www.reddit.com/r/uichicago/,1000,,uichicago,t5_2shzc,r/uichicago,https://www.reddit.com/r/uichicago,public,29115,https://www.reddit.com/r/uichicago/comments/1n6oa2n/how_to_change_classes_as_a_business_major/,how_to_change_classes_as_a_business_major,my advisor Mr Alford were were supposed to have a meeting today but he was sick and had to cancel is there anyone else I can go through to get this done before this week is done to avoid any extra charges?,How to change classes as a business major undergraduate,Question,2025-09-02T16:31:29.000Z,self,false,Particular-Setting70,https://www.reddit.com/user/Particular-Setting70,2,false,false,false,false,false,false,false,false,false,false,0,,1,0,0.67,true,false,,,false,false,0,false,,true,false,false,,,,,,2025-09-12T18:51:53.333Z,
https://www.reddit.com/r/uichicago/,1000,,uichicago,t5_2shzc,r/uichicago,https://www.reddit.com/r/uichicago,public,29115,https://www.reddit.com/r/uichicago/comments/1n6lr3z/how_a_rogue_uic_laboratory_got_people_convicted/,how_a_rogue_uic_laboratory_got_people_convicted,"We thought our latest story might be of interest to members of this group. Our reporter spent nine months investigating a forensics lab at the University of Illinois Chicago that was using scientifically discredited methods in DUI cannabis investigations. Testimony by the senior toxicologist at the lab contributed to people being convicted for DUI offenses with little or no evidence they were actually high. We'd love to know what you think of this story, and what questions you have.",How a rogue UIC laboratory got people convicted for driving high,null,2025-09-02T14:56:51.000Z,"https://external-preview.redd.it/2oaJqUL1OStUWo0Y2ih1Klq_3HmgaQ169bDHCzaoNv0.jpeg?width=140&amp;height=105&amp;crop=140:105,smart&amp;auto=webp&amp;s=124f3b7d8520d9193fd139365f3908fb173faaea",false,injusticewatch,https://www.reddit.com/user/injusticewatch,0,false,false,false,false,false,false,false,false,false,false,0,,34,0,0.97,false,false,,,false,false,0,false,,true,false,false,,,,,,2025-09-12T18:51:53.333Z,
https://www.reddit.com/r/uichicago/,1000,,uichicago,t5_2shzc,r/uichicago,https://www.reddit.com/r/uichicago,public,29115,https://www.reddit.com/r/uichicago/comments/1n6lani/some_of_you_guys_dont_know_how_to_ride_the_bus/,some_of_you_guys_dont_know_how_to_ride_the_bus,"I don’t mean to sound rude, but why is it that so many UIC students completely lack common sense when it comes to riding buses? I went to UIUC for undergrad, and honestly, it was so much better there, which is surprising, considering that was Champaign and this is Chicago, a major city.

The bus will be completely packed, yet people just stand in the front of the aisle instead of walking to the back so more riders can get on. Half the time there are even empty seats in the back. People will also sit in the aisle seat and block the window seat with their stuff so no one else can sit down. And then when the driver yells to move back or stop blocking the emergency exit people just stand there like idiots and pretend not to hear. It gets even worse when people are trying to get off. I literally just watched someone at the back of the bus tap a girl on the shoulder three times to get by. Each time, the girl looked at her, clearly saw she was trying to get through, and then just stood there on her phone refusing to move. This was the same girl the driver had already yelled at twice earlier for blocking the aisle.

Like at this point, it’s just basic common sense. Even if you’ve never been on a bus before (which seems unlikely in Chicago during the second week of class), it doesn’t take much to understand simple social skills. And that’s not even mentioning the people coughing without covering their mouths, blasting TikToks on full volume, or just being generally inconsiderate.

I literally don’t understand how some of you seem to lack basic common sense and decency when it comes to public transit    Please just use common sense and be aware of your surroundings",Some of you guys don’t know how to ride the bus and it’s making me mad,null,2025-09-02T14:39:37.000Z,self,false,ymcava,https://www.reddit.com/user/ymcava,27,true,false,false,false,false,false,false,false,false,false,0,,212,0,0.97,false,false,,,false,false,0,false,,true,false,false,,,,,,2025-09-12T18:51:53.333Z,
https://www.reddit.com/r/uichicago/,1000,,uichicago,t5_2shzc,r/uichicago,https://www.reddit.com/r/uichicago,public,29115,https://www.reddit.com/r/uichicago/comments/1n6l997/wifi_down_in_the_library/,wifi_down_in_the_library,Is anyone else having issues with the WiFi in the library and any lecture center. I tried the “forget this network” trick but still to no avail.,WiFi down in the library?,Question,2025-09-02T14:38:09.000Z,self,false,Complete-Tomorrow584,https://www.reddit.com/user/Complete-Tomorrow584,4,false,false,false,false,false,false,false,false,false,false,0,,2,0,1,false,false,,,false,false,0,false,,true,false,false,,,,,,2025-09-12T18:51:53.333Z,
https://www.reddit.com/r/uichicago/,1000,,uichicago,t5_2shzc,r/uichicago,https://www.reddit.com/r/uichicago,public,29115,https://www.reddit.com/r/uichicago/comments/1n68mi8/wifi_connected_lightbulbs/,wifi_connected_lightbulbs,Does anyone know why my color changing lightbulbs won’t connect to the WiFi? I’ve tried everything and they won’t connect.,WiFi connected lightbulbs,Question,2025-09-02T03:06:40.000Z,self,false,Pure-Philosophy-628,https://www.reddit.com/user/Pure-Philosophy-628,3,false,false,false,false,false,false,false,false,false,false,0,,2,0,1,false,false,,,false,false,0,false,,true,false,false,,,,,,2025-09-12T18:51:53.334Z,
https://www.reddit.com/r/uichicago/,1000,,uichicago,t5_2shzc,r/uichicago,https://www.reddit.com/r/uichicago,public,29115,https://www.reddit.com/r/uichicago/comments/1n68fnj/math_210_8am_lecture/,math_210_8am_lecture,"Hey everyone,

I’m in the 8:00 AM Math 210 lecture and currently enrolled in the 9:00 AM Tuesday discussion. I was hoping to move into the 10:00 AM Thursday discussion instead.

If anyone is in the 10:00 session and would be open to swapping with me, I’d really appreciate it.

Thanks a lot in advance",MATH 210 8AM lecture,null,2025-09-02T02:57:24.000Z,self,false,EnvironmentalEnd4781,https://www.reddit.com/user/EnvironmentalEnd4781,2,false,false,false,false,false,false,false,false,false,false,0,,4,0,1,false,false,,,false,false,0,false,,true,false,false,,,,,,2025-09-12T18:51:53.334Z,
https://www.reddit.com/r/uichicago/,1000,,uichicago,t5_2shzc,r/uichicago,https://www.reddit.com/r/uichicago,public,29115,https://www.reddit.com/r/uichicago/comments/1n66ujr/does_anyone_need_a_choir_shirt/,does_anyone_need_a_choir_shirt,No longer in choir so I don’t need my choir polo anymore. I’d rather give it to someone than throw it in the trash. Size small,Does anyone need a choir shirt?,Question,2025-09-02T01:39:18.000Z,self,false,sonicdrive-in,https://www.reddit.com/user/sonicdrive-in,0,false,false,false,false,false,false,false,false,false,false,0,,0,0,0.5,true,false,,,false,false,0,false,,true,false,false,,,,,,2025-09-12T18:51:53.334Z,
https://www.reddit.com/r/uichicago/,1000,,uichicago,t5_2shzc,r/uichicago,https://www.reddit.com/r/uichicago,public,29115,https://www.reddit.com/r/uichicago/comments/1n65dgx/a_realistic_week_as_a_stemcs_major/,a_realistic_week_as_a_stemcs_major,"If anyone was wondering how busy a STEM schedule is - here was mine last sem for reference. Green are classes, blue is everything else. Usually either going to tutoring, Office Hours, hobbies, or general self care.",A realistic week as a STEM/CS Major,Image,2025-09-02T00:28:19.000Z,https://b.thumbs.redditmedia.com/vZY1S9RAkd2E8cCcvS5AEDOd-0J7cJWZXTFtkpiJEQE.jpg,true,MaintenanceFormal960,https://www.reddit.com/user/MaintenanceFormal960,8,false,false,false,false,false,false,false,false,false,false,0,,3,0,0.56,false,false,,,false,false,0,false,,true,false,false,,,,,,2025-09-12T18:51:53.334Z,
https://www.reddit.com/r/uichicago/,1000,,uichicago,t5_2shzc,r/uichicago,https://www.reddit.com/r/uichicago,public,29115,https://www.reddit.com/r/uichicago/comments/1n635al/ipad_recs_for_a_premed/,ipad_recs_for_a_premed,"Hi I was thinking about buying an iPad for orgo chem and like stuff in the future cuz it would be way easier if I could just draw stuff. Do yall have any recs on a specific model or storage recs for a pre-med? 

Also apples doing a special promo on like a free Apple Pencil w the newer pro or air model so that’s also worth looking into. I could wait till Black Friday or thanksgiving time but idk how much of a savings/price difference it would make. 

Thanks!",iPad recs for a pre-med,Question,2025-09-01T22:45:57.000Z,self,false,Altruistic_Ad5716,https://www.reddit.com/user/Altruistic_Ad5716,1,false,false,false,false,false,false,false,false,false,false,0,,7,0,1,false,false,,,false,false,0,false,,true,false,false,,,,,,2025-09-12T18:51:53.334Z,
https://www.reddit.com/r/uichicago/,1000,,uichicago,t5_2shzc,r/uichicago,https://www.reddit.com/r/uichicago,public,29115,https://www.reddit.com/r/uichicago/comments/1n5zt80/attn_first_year_engineering_students/,attn_first_year_engineering_students,"Can you tell me 

Your chosen engineering major

ACT/SAT score(s)

GPA

AP classes

Thanks so much!",Attn: First year Engineering students,Question,2025-09-01T20:29:36.000Z,self,false,jmom39,https://www.reddit.com/user/jmom39,10,false,false,false,false,false,false,false,false,false,false,0,,0,0,0.4,true,false,,,false,false,0,false,,true,false,false,,,,,,2025-09-12T18:51:53.334Z,
https://www.reddit.com/r/uichicago/,1000,,uichicago,t5_2shzc,r/uichicago,https://www.reddit.com/r/uichicago,public,29115,https://www.reddit.com/r/uichicago/comments/1n5y965/trying_to_connect_xbox_to_guest_wifi/,trying_to_connect_xbox_to_guest_wifi,Does anyone know how to connect your Xbox to the guest WiFi? I already have my TV registered on mydevices tho. It says I need authentication? What does that mean?,Trying to connect Xbox to guest WiFi,Question,2025-09-01T19:28:40.000Z,https://b.thumbs.redditmedia.com/rC7YzVnUgahiXMyrnXkHZMJaqLSuVQW8XVlNj1WdxiY.jpg,true,Additional_Ball7955,https://www.reddit.com/user/Additional_Ball7955,4,false,false,false,false,false,false,false,false,false,false,0,,1,0,0.67,true,false,,,false,false,0,false,,true,false,false,,,,,,2025-09-12T18:51:53.334Z,
https://www.reddit.com/r/uichicago/,1000,,uichicago,t5_2shzc,r/uichicago,https://www.reddit.com/r/uichicago,public,29115,https://www.reddit.com/r/uichicago/comments/1n5xj1s/could_i_get_in_for_cs_please_let_me_know_what_you/,could_i_get_in_for_cs_please_let_me_know_what_you,"Hello everyone, I recently graduated from one of the CCC's and want to apply for the CS Program at UIC. I graduated with a 3.6 gpa... not what I was expecting but I endend up getting B's in Physics and Calcs. I also completed an CS internship on the time. My story is not that usual I ended up going to another community college outside of the state of IL and ended up transferring to a 4-year university in the same state. I did had to withdrew unfortunaly due to family reasons, I then went to CCC for a year and graduated with an AS. I will have to provide like 3 college transcripts at the time of my application but do you think I have a chance of getting in?",Could I get in for CS? Please let me know what you think! CCC Graduate,Question,2025-09-01T19:01:45.000Z,self,false,Emergency_Twist_3920,https://www.reddit.com/user/Emergency_Twist_3920,9,false,false,false,false,false,false,false,false,false,false,0,,3,0,0.8,false,false,,,false,false,0,false,,true,false,false,,,,,,2025-09-12T18:51:53.334Z,
https://www.reddit.com/r/uichicago/,1000,,uichicago,t5_2shzc,r/uichicago,https://www.reddit.com/r/uichicago,public,29115,https://www.reddit.com/r/uichicago/comments/1n5w16k/cs_342_ide/,cs_342_ide,"Quick question for people who’ve taken 342 in the past. Which IDE is better for the class: IntelliJ or Eclipse, I’m having a hard time deciding which one to use",CS 342 IDE,Question,2025-09-01T18:06:43.000Z,self,false,ExistingPerson101,https://www.reddit.com/user/ExistingPerson101,1,false,false,false,false,false,false,false,false,false,false,0,,6,0,1,false,false,,,false,false,0,false,,true,false,false,,,,,,2025-09-12T18:51:53.335Z,
https://www.reddit.com/r/uichicago/,1000,,uichicago,t5_2shzc,r/uichicago,https://www.reddit.com/r/uichicago,public,29115,https://www.reddit.com/r/uichicago/comments/1n5uo6n/i_need_some_recommendations_please/,i_need_some_recommendations_please,Hey guys! Any recommendations for a studio/ convertible/1 bed apartment not too far from UIC (medical district). Safe area. Budget around $1800! (Moving in in December) thank you!!,I need some recommendations please,null,2025-09-01T17:16:53.000Z,self,false,Any-Highway-140,https://www.reddit.com/user/Any-Highway-140,0,false,false,false,false,false,false,false,false,false,false,0,,1,0,0.57,false,false,,,false,false,0,false,,true,false,false,,,,,,2025-09-12T18:51:53.335Z,
https://www.reddit.com/r/uichicago/,1000,,uichicago,t5_2shzc,r/uichicago,https://www.reddit.com/r/uichicago,public,29115,https://www.reddit.com/r/uichicago/comments/1n5gpqq/is_it_too_late_to_join_clubs_as_a_junior/,is_it_too_late_to_join_clubs_as_a_junior,I have been too focused on my grades and I was commuting so it was hard for me to join school clubs. This might sound stupid but would it be weird of me to join really late into my years?,Is it too late to join clubs as a junior?,Question,2025-09-01T05:52:27.000Z,self,false,Realistic-Crow-9791,https://www.reddit.com/user/Realistic-Crow-9791,11,false,false,false,false,false,false,false,false,false,false,0,,33,0,0.95,false,false,,,false,false,0,false,,true,false,false,,,,,,2025-09-12T18:51:53.335Z,
https://www.reddit.com/r/uichicago/,1000,,uichicago,t5_2shzc,r/uichicago,https://www.reddit.com/r/uichicago,public,29115,https://www.reddit.com/r/uichicago/comments/1n5f94u/how_do_i_fix_wifi/,how_do_i_fix_wifi,None of my devices will connect to the school’s WiFi. Was anyone able to get theirs back?,How do I fix wifi,null,2025-09-01T04:28:51.000Z,self,false,MuffinSpecialist7900,https://www.reddit.com/user/MuffinSpecialist7900,1,false,false,false,false,false,false,false,false,false,false,0,,1,0,0.99,true,false,,,false,false,0,false,,true,false,false,,,,,,2025-09-12T18:51:53.335Z,
https://www.reddit.com/r/uichicago/,1000,,uichicago,t5_2shzc,r/uichicago,https://www.reddit.com/r/uichicago,public,29115,https://www.reddit.com/r/uichicago/comments/1n5dcwx/where_are_all_the_business_management_classes/,where_are_all_the_business_management_classes,"I have to take these classes to graduate but they aren't available and the last time they were offered was spring 2025, so did they fire teachers or was there an unenrollment or do i have to these classes at a diff college? mgmt 355 486 360 466",Where are all the Business Management Classes,null,2025-09-01T02:49:02.000Z,self,false,No_Mouse4690,https://www.reddit.com/user/No_Mouse4690,2,false,false,false,false,false,false,false,false,false,false,0,,6,0,0.88,false,false,,,false,false,0,false,,true,false,false,,,,,,2025-09-12T18:51:53.335Z,
https://www.reddit.com/r/uichicago/,1000,,uichicago,t5_2shzc,r/uichicago,https://www.reddit.com/r/uichicago,public,29115,https://www.reddit.com/r/uichicago/comments/1n5crva/dorm_ethernet_not_working/,dorm_ethernet_not_working,"i’m trying to connect using the ethernet and it says i’m connected but all the sites are blocked ): some sites give me the res-net log in but when i try to log in with my net id it says authentication fail when it’s the right user and password (double checked logging into netid center on my phone, etc.)

helpppp",dorm ethernet not working?,Question,2025-09-01T02:19:25.000Z,self,false,Sad_Rule_2835,https://www.reddit.com/user/Sad_Rule_2835,2,false,false,false,false,false,false,false,false,false,false,0,,0,0,0.5,true,false,,,false,false,0,false,,true,false,false,,,,,,2025-09-12T18:51:53.335Z,
https://www.reddit.com/r/uichicago/,1000,,uichicago,t5_2shzc,r/uichicago,https://www.reddit.com/r/uichicago,public,29115,https://www.reddit.com/r/uichicago/comments/1n5c8u2/entr_310_with_ibrahim/,entr_310_with_ibrahim,Did anyone take this class was it hard?,Entr 310 with Ibrahim,null,2025-09-01T01:52:35.000Z,self,false,Unlucky_Release_4936,https://www.reddit.com/user/Unlucky_Release_4936,0,true,false,false,false,false,false,false,false,false,false,0,,0,0,0.5,true,false,,,false,false,0,false,,true,false,false,,,,,,2025-09-12T18:51:53.336Z,
https://www.reddit.com/r/uichicago/,1000,,uichicago,t5_2shzc,r/uichicago,https://www.reddit.com/r/uichicago,public,29115,https://www.reddit.com/r/uichicago/comments/1n5b0dk/i_hate_geogebra/,i_hate_geogebra,What am I even doing wrong bro,I hate Geogebra,null,2025-09-01T00:49:59.000Z,https://a.thumbs.redditmedia.com/R4HB20S7VdtEEicikYrTLgHMAmb6-uB5BXNFwR1Vqq8.jpg,true,JudaBalgany,https://www.reddit.com/user/JudaBalgany,10,false,false,false,false,false,false,false,false,false,false,0,,39,0,1,false,false,,,false,false,0,false,,true,false,false,,,,,,2025-09-12T18:51:53.336Z,
https://www.reddit.com/r/uichicago/,1000,,uichicago,t5_2shzc,r/uichicago,https://www.reddit.com/r/uichicago,public,29115,https://www.reddit.com/r/uichicago/comments/1n59smd/what_are_the_easiest_business_electives/,what_are_the_easiest_business_electives,"I need help choosing 2 easy business electives (six credit hours) to complete my degree. So far I’ve found ENTR 310, FIN 250, RES 250, and MGMT 466. If anyone has taken these, can you let me know if they’re easy or not, which professor you had, and if they’re offered online or in the summer? Also open to suggestions for other easy business electives that i missed.",What are the easiest Business Electives,Question,2025-08-31T23:50:30.000Z,self,false,No_Mouse4690,https://www.reddit.com/user/No_Mouse4690,0,false,false,false,false,false,false,false,false,false,false,0,,2,0,0.75,false,false,,,false,false,0,false,,true,false,false,,,,,,2025-09-12T18:51:53.336Z,
https://www.reddit.com/r/uichicago/,1000,,uichicago,t5_2shzc,r/uichicago,https://www.reddit.com/r/uichicago,public,29115,https://www.reddit.com/r/uichicago/comments/1n55228/what_engineering_oriented_clubs_to_join_i_am_a/,what_engineering_oriented_clubs_to_join_i_am_a,,What engineering oriented clubs to join? I am a mechanical engineer,Question,2025-08-31T20:23:44.000Z,self,false,Icy-Image5665,https://www.reddit.com/user/Icy-Image5665,8,false,false,false,false,false,false,false,false,false,false,0,,7,0,0.89,false,false,,,false,false,0,false,,true,false,false,,,,,,2025-09-12T18:51:53.336Z,
https://www.reddit.com/r/uichicago/,1000,,uichicago,t5_2shzc,r/uichicago,https://www.reddit.com/r/uichicago,public,29115,https://www.reddit.com/r/uichicago/comments/1n4zqd3/anyone_interested_in_buying_an_apple_pencil_usbc/,anyone_interested_in_buying_an_apple_pencil_usbc,"Like stated above I’m selling an Apple Pencil usb-c, it’s brand new but I don’t know where I put the box for it and can’t return it. Selling it for $55. Can meet on campus or somewhere nearby.",Anyone interested in buying an Apple Pencil (usb-c)?,Question,2025-08-31T16:52:01.000Z,self,false,Forward_Sea_1878,https://www.reddit.com/user/Forward_Sea_1878,3,false,false,false,false,false,false,false,false,false,false,0,,2,0,0.67,false,false,,,false,false,0,false,,true,false,false,,,,,,2025-09-12T18:51:53.336Z,
https://www.reddit.com/r/uichicago/,1000,,uichicago,t5_2shzc,r/uichicago,https://www.reddit.com/r/uichicago,public,29115,https://www.reddit.com/r/uichicago/comments/1n4zidc/how_to_get_religious_people_to_stop_talking_to_me/,how_to_get_religious_people_to_stop_talking_to_me,"All I want to do is sit outside in the nice weather, listen to music and do my work. During this first week of school, I've had 3 separate religious affiliated people come up to me, while I actively look like I'm not interested/busy, and try to convince me to go to their service/welcome jesus into my heart/etc.

How do I avoid this?? I try to ignore them but they'll just wait there or sit next to me and try to get my attention??????? I know it's apart of their religion to try and spread the word or whatever but it's getting to a point   I tell them yeah this isn't for me bud but they'll keep persisting and telling me I can still be saved. I don't want to worry about going to hell or heaven I want to worry about my classes right now",How to get religious people to stop talking to me??,null,2025-08-31T16:43:14.000Z,https://b.thumbs.redditmedia.com/1c-roFFpUzrtZmnh1sld9_h6VVpG9BO5zkLOy5ONTCQ.jpg,true,Soggy-Operation4828,https://www.reddit.com/user/Soggy-Operation4828,267,false,false,false,false,false,false,false,false,false,false,0,,466,0,0.87,false,false,,,false,false,0,false,,true,false,false,,,,,,2025-09-12T18:51:53.336Z,
https://www.reddit.com/r/uichicago/,1000,,uichicago,t5_2shzc,r/uichicago,https://www.reddit.com/r/uichicago,public,29115,https://www.reddit.com/r/uichicago/comments/1n4m5st/mech_e_gppa_program/,mech_e_gppa_program,"How is the Engineering GPPA Program at UIC? I'm currently a hs senior and I know I want to do research as a career. Even if that pathway switches, I 100% know I'm going to have to go to grad school. Is it really selective for Engineering like how it is for Med and Dentistry? I don't have the best gpa (3.5W), but I have other circumstances that explain that in my additional info. I also go to a school also in Illinois that's known for its rigor and I take rigorous classes. My EC's in my opinion are pretty solid (Just my grades dragging me down lol). Any info would help as I'm kinda lost on what the Engineering GPPA Program is like. Thanks!",Mech E GPPA Program,Question,2025-08-31T05:03:53.000Z,self,false,Sweetsheep11,https://www.reddit.com/user/Sweetsheep11,1,true,false,false,false,false,false,false,false,false,false,0,,1,0,0.67,true,false,,,false,false,0,false,,true,false,false,,,,,,2025-09-12T18:51:53.336Z,
https://www.reddit.com/r/uichicago/,1000,,uichicago,t5_2shzc,r/uichicago,https://www.reddit.com/r/uichicago,public,29115,https://www.reddit.com/r/uichicago/comments/1n4lf1j/selling_bios_120_lab_manual/,selling_bios_120_lab_manual,"I have the BIOS 120 Lab Manual, 4th Edition. If anybody wants it, will be selling for $25, so let me know.",Selling BIOS 120 Lab Manual,Offer,2025-08-31T04:21:03.000Z,self,false,Sea-Literature5931,https://www.reddit.com/user/Sea-Literature5931,4,false,false,false,false,false,false,false,false,false,false,0,,0,0,0.5,true,false,,,false,false,0,false,,true,false,false,,,,,,2025-09-12T18:51:53.336Z,
https://www.reddit.com/r/uichicago/,1000,,uichicago,t5_2shzc,r/uichicago,https://www.reddit.com/r/uichicago,public,29115,https://www.reddit.com/r/uichicago/comments/1n4k979/whats_the_drop_date_for_classes/,whats_the_drop_date_for_classes,I’m taking a class that i want to drop and i checked the website but i dont fully understand when the last day to drop is?,what’s the drop date for classes?,Question,2025-08-31T03:16:57.000Z,self,false,PsychologicalFile537,https://www.reddit.com/user/PsychologicalFile537,4,false,false,false,false,false,false,false,false,false,false,0,,1,0,0.6,true,false,,,false,false,0,false,,true,false,false,,,,,,2025-09-12T18:51:53.336Z,
https://www.reddit.com/r/uichicago/,1000,,uichicago,t5_2shzc,r/uichicago,https://www.reddit.com/r/uichicago,public,29115,https://www.reddit.com/r/uichicago/comments/1n4jszq/best_place_on_campus_for_videophone_call/,best_place_on_campus_for_videophone_call,"I have some appointments scheduled on Zoom that were only available during times in-between my classes. I don’t think I have enough time to get back to my dorm (JST). I’ll be around CDRLC and SELW when I get out of class, and I have about 10 minutes before I have to get on call. Any good places that are quiet enough for a call but won’t bother anyone? I’d also like some privacy, but I’m not sure how possible that would be on-campus. My next class after the call is in ETMSW.",Best place on campus for video/phone call?,Question,2025-08-31T02:52:59.000Z,self,false,Glum_Clerk5558,https://www.reddit.com/user/Glum_Clerk5558,3,false,false,false,false,false,false,false,false,false,false,0,,6,0,0.88,false,false,,,false,false,0,false,,true,false,false,,,,,,2025-09-12T18:51:53.337Z,
https://www.reddit.com/r/uichicago/,1000,,uichicago,t5_2shzc,r/uichicago,https://www.reddit.com/r/uichicago,public,29115,https://www.reddit.com/r/uichicago/comments/1n4is8x/uic_chem_123/,uic_chem_123,"Hi , does anyone know any university I can take my chem 123 online that would be equivalent to chem 123 at uic. Uic chem 123 is so hard .",Uic Chem 123,null,2025-08-31T01:59:56.000Z,https://b.thumbs.redditmedia.com/9nNqtQstINB89V10chyOhLyMrnCcHRERflxkoUzTLko.jpg,true,Chrissygm1,https://www.reddit.com/user/Chrissygm1,8,false,false,false,false,false,false,false,false,false,false,0,,7,0,0.82,false,false,,,false,false,0,false,,true,false,false,,,,,,2025-09-12T18:51:53.337Z,
https://www.reddit.com/r/uichicago/,1000,,uichicago,t5_2shzc,r/uichicago,https://www.reddit.com/r/uichicago,public,29115,https://www.reddit.com/r/uichicago/comments/1n4igtk/is_the_textbook_for_paganos_mgmt_350_necessary/,is_the_textbook_for_paganos_mgmt_350_necessary,"To anyone who has taken Anthony Paganos MGMT 350 class in the past is the textbook (The External Environment of Business : Political, Economic, Social and Regulatory) needed or not?",Is the textbook for Paganos MGMT 350 necessary?,Question,2025-08-31T01:43:46.000Z,self,false,goldstar543,https://www.reddit.com/user/goldstar543,0,false,false,false,false,false,false,false,false,false,false,0,,4,0,0.83,false,false,,,false,false,0,false,,true,false,false,,,,,,2025-09-12T18:52:00.560Z,
https://www.reddit.com/r/uichicago/,1000,,uichicago,t5_2shzc,r/uichicago,https://www.reddit.com/r/uichicago,public,29115,https://www.reddit.com/r/uichicago/comments/1n47xtz/m26_looking_for_friends_to_hang_out/,m26_looking_for_friends_to_hang_out,"Hey everyone,

I’m a PhD student here, and it gets a bit quiet since I don’t have any lab-mates or fellow students under my professor’s supervision—it’s just me. I live pretty close to East Campus (about a 5-minute walk), so I thought I’d reach out to see if anyone nearby is up for making some new friends.

I’m new to Reddit, so I thought I’d give UIC Reddit a try to meet people. I’d love to hang out outside of work—maybe go for evening walks, grab some food, hit the gym or go swimming, cook together, or explore the city when we have free time. It’d be nice to have some company and balance the PhD grind with good conversations and fun.

If you’re around and interested, feel free to drop a message.",M26: looking for friends to hang out,null,2025-08-30T17:50:40.000Z,self,false,SuperbKoala970,https://www.reddit.com/user/SuperbKoala970,1,false,false,false,false,false,false,false,false,false,false,0,,11,0,0.87,false,false,,,false,false,0,false,,true,false,false,,,,,,2025-09-12T18:52:00.568Z,
https://www.reddit.com/r/uichicago/,1000,,uichicago,t5_2shzc,r/uichicago,https://www.reddit.com/r/uichicago,public,29115,https://www.reddit.com/r/uichicago/comments/1n47a5p/any_girlies_looking_to_make_more_friends/,any_girlies_looking_to_make_more_friends,"I’m trying to go out more and meet new people but it’s hard being an introvert. Maybe if there’s enough people, we can make a gc to plan hang outs! Pm me if you’re interested",Any girlies looking to make more friends?,Discussion,2025-08-30T17:23:32.000Z,self,false,Fragrant_Floor9495,https://www.reddit.com/user/Fragrant_Floor9495,32,false,false,false,false,false,false,false,false,false,false,0,,24,0,0.77,false,false,,,false,false,0,false,,true,false,false,,,,,,2025-09-12T18:52:00.568Z,
https://www.reddit.com/r/uichicago/,1000,,uichicago,t5_2shzc,r/uichicago,https://www.reddit.com/r/uichicago,public,29115,https://www.reddit.com/r/uichicago/comments/1n42sb0/il_map_grant_disbursement_timeline/,il_map_grant_disbursement_timeline,,IL MAP Grant disbursement timeline?,null,2025-08-30T14:19:02.000Z,default,false,Ok-Feeling-5067,https://www.reddit.com/user/Ok-Feeling-5067,0,false,false,false,false,false,false,false,false,false,false,0,,1,0,0.67,true,false,,,false,false,0,false,,true,false,false,,,,,,2025-09-12T18:52:00.569Z,
https://www.reddit.com/r/uichicago/,1000,,uichicago,t5_2shzc,r/uichicago,https://www.reddit.com/r/uichicago,public,29115,https://www.reddit.com/r/uichicago/comments/1n42q5l/looking_for_tutors_for_chem_122123/,looking_for_tutors_for_chem_122123,Will be asking to negotiate a fair price but looking for someone who already took chem 122/123. Please message me if available,Looking for tutors for chem 122/123,null,2025-08-30T14:16:27.000Z,self,false,Effective-Wrap5468,https://www.reddit.com/user/Effective-Wrap5468,5,false,false,false,false,false,false,false,false,false,false,0,,3,0,0.72,false,false,,,false,false,0,false,,true,false,false,,,,,,2025-09-12T18:52:00.569Z,
https://www.reddit.com/r/uichicago/,1000,,uichicago,t5_2shzc,r/uichicago,https://www.reddit.com/r/uichicago,public,29115,https://www.reddit.com/r/uichicago/comments/1n3s7ow/first_week_complete_how_are_we_feeling/,first_week_complete_how_are_we_feeling,"The week has been low-key, been hella fun and chill for me. How about y'all?","First Week Complete, how are we feeling?",Discussion,2025-08-30T04:11:37.000Z,self,false,[deleted],https://www.reddit.com/user/[deleted],34,false,false,false,false,false,false,false,false,false,false,0,,46,0,0.96,false,false,,,false,false,0,false,,true,false,false,,,,,,2025-09-12T18:52:00.569Z,
https://www.reddit.com/r/uichicago/,1000,,uichicago,t5_2shzc,r/uichicago,https://www.reddit.com/r/uichicago,public,29115,https://www.reddit.com/r/uichicago/comments/1n3oh1u/can_we_please_utilize_the_stairs_in_sce/,can_we_please_utilize_the_stairs_in_sce,"Ofc this is for those who are able to walk up stairs fine and don’t have any issues with their leg or health. Theres no reason for a line to stretch around the book store to take the escalator in SCE , blocking the entire path when you can go up the stairs faster than waiting to get in line to go up the escalator.",Can we please utilize the stairs in SCE,Discussion,2025-08-30T00:57:43.000Z,self,false,KreamyBeef,https://www.reddit.com/user/KreamyBeef,2,false,false,false,false,false,false,false,false,false,false,0,,40,0,0.83,false,false,,,false,false,0,false,,true,false,false,,,,,,2025-09-12T18:52:00.569Z,
https://www.reddit.com/r/uichicago/,1000,,uichicago,t5_2shzc,r/uichicago,https://www.reddit.com/r/uichicago,public,29115,https://www.reddit.com/r/uichicago/comments/1n3n52x/confused_on_how_to_leave_uic_contact_advisor_or/,confused_on_how_to_leave_uic_contact_advisor_or,"I went to the first day of school on Monday, just made my decision that it would be better to go to community college for now. Any help would be appreciated.","Confused on how to leave UIC, contact advisor, or where?",Question,2025-08-29T23:53:28.000Z,self,false,DarkRj1234,https://www.reddit.com/user/DarkRj1234,6,false,false,false,false,false,false,false,false,false,false,0,,7,0,0.82,false,false,,,false,false,0,false,,true,false,false,,,,,,2025-09-12T18:52:00.569Z,
https://www.reddit.com/r/uichicago/,1000,,uichicago,t5_2shzc,r/uichicago,https://www.reddit.com/r/uichicago,public,29115,https://www.reddit.com/r/uichicago/comments/1n3l6vq/aula_2_for_span_104/,aula_2_for_span_104,Does anyone have the Aula 2 textbook for Span 104? I can't justify spending 90 bucks for a Spanish workbook.,Aula 2 for Span 104,null,2025-08-29T22:27:29.000Z,self,false,Mp370,https://www.reddit.com/user/Mp370,2,false,false,false,false,false,false,false,false,false,false,0,,0,0,0.5,true,false,,,false,false,0,false,,true,false,false,,,,,,2025-09-12T18:52:00.569Z,
https://www.reddit.com/r/uichicago/,1000,,uichicago,t5_2shzc,r/uichicago,https://www.reddit.com/r/uichicago,public,29115,https://www.reddit.com/r/uichicago/comments/1n3kqep/chances_of_getting_into_online_english_161/,chances_of_getting_into_online_english_161,What are the chances of someone dropping asynchronous English 161. Really need to get in before next week. There is 4 different sections but so far no spots have opened up.,Chances of getting into online English 161,null,2025-08-29T22:07:42.000Z,self,false,marr06,https://www.reddit.com/user/marr06,1,false,false,false,false,false,false,false,false,false,false,0,,1,0,0.67,true,false,,,false,false,0,false,,true,false,false,,,,,,2025-09-12T18:52:00.569Z,
https://www.reddit.com/r/uichicago/,1000,,uichicago,t5_2shzc,r/uichicago,https://www.reddit.com/r/uichicago,public,29115,https://www.reddit.com/r/uichicago/comments/1n3je69/how_long_did_it_take_for_you_to_get_a_response/,how_long_did_it_take_for_you_to_get_a_response,"Like what the title says lol. I just have very awful  waiting anxiety, and I was wondering how long it took for other spring transfer students to get a response back. Also how long it took for honors college applicants to get a response back too. I submitted around August 22-25 and my recommenders will submit it by the end of august.",How long did it take for you to get a response back for Spring Transfer Admissions and Honor’s College?,Question,2025-08-29T21:11:42.000Z,self,false,Aeriichandesu,https://www.reddit.com/user/Aeriichandesu,1,false,false,false,false,false,false,false,false,false,false,0,,0,0,0.5,true,false,,,false,false,0,false,,true,false,false,,,,,,2025-09-12T18:52:00.569Z,
https://www.reddit.com/r/uichicago/,1000,,uichicago,t5_2shzc,r/uichicago,https://www.reddit.com/r/uichicago,public,29115,https://www.reddit.com/r/uichicago/comments/1n3j2gy/easy_electives_theatre_102/,easy_electives_theatre_102,"hello, i have to take 15 credits this semester to use a scholarship. I was hoping to add an easy elective (online only) like mus 127 (i can’t take this again). does anyone know any classes that have availability?? i have alerts for the following classes hoping someone might drop: 

mus 118
mus 114
hn 292

also, has anyone taken theatre 102 recently? i read the reviews for the class and saw a couple years ago the class was difficult considering it’s only a 100 level course.",easy electives??? theatre 102??,Question,2025-08-29T20:58:35.000Z,self,false,leahpickles,https://www.reddit.com/user/leahpickles,0,false,false,false,false,false,false,false,false,false,false,0,,1,0,0.67,true,false,,,false,false,0,false,,true,false,false,,,,,,2025-09-12T18:52:00.569Z,
https://www.reddit.com/r/uichicago/,1000,,uichicago,t5_2shzc,r/uichicago,https://www.reddit.com/r/uichicago,public,29115,https://www.reddit.com/r/uichicago/comments/1n3i2ql/do_all_cs_majors_use_mac/,do_all_cs_majors_use_mac,"I’m a new student and it seems most instructors and TA’s use Mac computers. It’s just the first week and for a few classes during lecture and lab it’s always “This is how it works on Mac” then it’s an after thought for how the same thing works on windows or no mention at all. It’s a little unfair to have a full class lecture but only Mac users can comfortably follow along. 

Is Mac the standard here for CS majors? One of my classes doesn’t even have a functional application for windows vs it seems to be an auto installed app for Macs.

Update:
** the reason I ask has nothing to do with affordability. 
Some advice below sounded elitist with no actual justifications. 

Thankfully I can afford a new Mac if it’s needed/Required. I asked because if this is the standard why isn’t it mentioned so new students are aware. I guess now I am. Thanks.",Do all CS majors use Mac?,Question,2025-08-29T20:18:22.000Z,self,false,Former_Code_7903,https://www.reddit.com/user/Former_Code_7903,46,true,false,false,false,false,false,false,false,false,false,0,,16,0,0.81,false,false,,,false,false,0,false,,true,false,false,,,,,,2025-09-12T18:52:00.569Z,
https://www.reddit.com/r/uichicago/,1000,,uichicago,t5_2shzc,r/uichicago,https://www.reddit.com/r/uichicago,public,29115,https://www.reddit.com/r/uichicago/comments/1n3i1fy/closed_blackboard_section/,closed_blackboard_section,"I registered for some classes last minute on Monday, and the sections are still closed even though I went through the first week of classes. Should email IT or my professor? It might open randomly too so idk if should wait.",Closed blackboard section,null,2025-08-29T20:16:55.000Z,self,false,Mission_Response3172,https://www.reddit.com/user/Mission_Response3172,1,false,false,false,false,false,false,false,false,false,false,0,,0,0,0.5,true,false,,,false,false,0,false,,true,false,false,,,,,,2025-09-12T18:52:00.570Z,
https://www.reddit.com/r/uichicago/,1000,,uichicago,t5_2shzc,r/uichicago,https://www.reddit.com/r/uichicago,public,29115,https://www.reddit.com/r/uichicago/comments/1n3hcxn/decent_tatoo_artists/,decent_tatoo_artists,"Hello all,

I’ve been trying to get a Tattoo really similar to this one. I am a broke college student so I can’t spend too much money on it, but I can’t totally cheap out because I don’t want something permanent to be wishy washy. Any tattoo artists you recommend around here who can help me get this?",Decent tatoo artists?,null,2025-08-29T19:49:49.000Z,https://a.thumbs.redditmedia.com/V4zvscxBaXctmWBymGQxiIwLXq-hh3leFwHRqy4Bhm4.jpg,true,MaintenanceFormal960,https://www.reddit.com/user/MaintenanceFormal960,3,false,false,false,false,false,false,false,false,false,false,0,,0,0,0.33,true,false,,,false,false,0,false,,true,false,false,,,,,,2025-09-12T18:52:00.570Z,
https://www.reddit.com/r/uichicago/,1000,,uichicago,t5_2shzc,r/uichicago,https://www.reddit.com/r/uichicago,public,29115,https://www.reddit.com/r/uichicago/comments/1n3fyzk/to_the_girl_who_pissed_on_my_leg_shoe_and_sock_in/,to_the_girl_who_pissed_on_my_leg_shoe_and_sock_in,"I hope you see this so I can ask for starters, what the hell is wrong with you? You squat to not sit, fine do as you please, but your aim is garbage and you start pissing all over the floor, it’s getting and splashing me. Mistake I guess, but then I freak out and move and I tell you “girl you are pissing on the floor and my leg” and you readjust to piss MORE IN MY DIRECTION. You leave a HUGE puddle of YOUR pee, go tell your friend as I heard y’all whispering and then break out into laughter, and you two rush out giggling. That was actually diabolical and I hope you seek help. You owe the janitor a huge apology and should work for free for him for a week. You owe me new socks, new brooks, and a new leg. And a year of therapy after I went to the janitor like a lunatic. Thanks for this experience, let’s never do it again!",To the Girl who PISSED on my leg shoe and sock in Stevenson Hall,null,2025-08-29T18:55:51.000Z,self,false,viccivvicciv,https://www.reddit.com/user/viccivvicciv,109,false,false,false,false,false,false,false,false,false,false,0,,896,0,0.99,false,false,,,false,false,0,false,,true,false,false,,,,,,2025-09-12T18:52:00.570Z,
https://www.reddit.com/r/uichicago/,1000,,uichicago,t5_2shzc,r/uichicago,https://www.reddit.com/r/uichicago,public,29115,https://www.reddit.com/r/uichicago/comments/1n3fqq1/casting_call_for_independent_film/,casting_call_for_independent_film,"Hello, 

My name is Abe Callard. I'm a 21-year-old filmmaker. I'm casting my next project, which will shoot in Chicago in December of this year. It’s a feature film about students who are stranded on the UIC campus over winter break. Sheltering in a café from the cold every day, they start to form an unstable community. I’m looking for interesting, artistic, passionate people. No experience required; we're specifically looking for non-actors. 

Please send me a message on here if you're interested. 

Thank you.",Casting call for independent film ...,Question,2025-08-29T18:46:39.000Z,self,false,blood_inmyveins,https://www.reddit.com/user/blood_inmyveins,5,false,false,false,false,false,false,false,false,false,false,0,,70,0,0.99,false,false,,,false,false,0,false,,true,false,false,,,,,,2025-09-12T18:52:00.570Z,
https://www.reddit.com/r/uichicago/,1000,,uichicago,t5_2shzc,r/uichicago,https://www.reddit.com/r/uichicago,public,29115,https://www.reddit.com/r/uichicago/comments/1n3erri/are_meal_plans_worth_it/,are_meal_plans_worth_it,"Im debating on getting the blaze 30 meal plan, but can’t tell if it’s worth it at all. My friends keep giving me mixed reviews and some say that I need it, while others say it’s a a waste of money. Please just give me your opinions. I’m only on campus twice a week but I be starving",Are meal plans worth it,null,2025-08-29T18:09:29.000Z,self,false,Special_Regret_5768,https://www.reddit.com/user/Special_Regret_5768,7,false,false,false,false,false,false,false,false,false,false,0,,6,0,0.8,false,false,,,false,false,0,false,,true,false,false,,,,,,2025-09-12T18:52:00.570Z,
https://www.reddit.com/r/uichicago/,1000,,uichicago,t5_2shzc,r/uichicago,https://www.reddit.com/r/uichicago,public,29115,https://www.reddit.com/r/uichicago/comments/1n3bmjp/does_anybody_know_where_i_can_go_sharpen_my/,does_anybody_know_where_i_can_go_sharpen_my,I need to sharpen a wooden pencil because I broke the graphite and I need it for drawing for a homework assignment and I didn't bring my own sharpener :(,Does anybody know where I can go sharpen my pencil on East campus? (SSB fine too),Question,2025-08-29T16:10:34.000Z,self,false,pepperonipizzarocks,https://www.reddit.com/user/pepperonipizzarocks,5,false,false,false,false,false,false,false,false,false,false,0,,5,0,0.78,false,false,,,false,false,0,false,,true,false,false,,,,,,2025-09-12T18:52:00.570Z,
https://www.reddit.com/r/uichicago/,1000,,uichicago,t5_2shzc,r/uichicago,https://www.reddit.com/r/uichicago,public,29115,https://www.reddit.com/r/uichicago/comments/1n3b86h/is_the_wifi_always_inconsistent/,is_the_wifi_always_inconsistent,No matter where I am it’s super inconsistent when it comes to connecting to my laptop.  Majority of the time I gotta restart a few times for it to connect and i’ll just get a weak signal. In some places it doesnt even connect.  On monday I was able to connect during my english class and on Wednesday it didnt even show up . Chat what do i do,Is the wifi always inconsistent,Question,2025-08-29T15:55:32.000Z,self,false,WITHERDRAGONYT,https://www.reddit.com/user/WITHERDRAGONYT,3,false,false,false,false,false,false,false,false,false,false,0,,2,0,0.67,false,false,,,false,false,0,false,,true,false,false,,,,,,2025-09-12T18:52:00.570Z,
https://www.reddit.com/r/uichicago/,1000,,uichicago,t5_2shzc,r/uichicago,https://www.reddit.com/r/uichicago,public,29115,https://www.reddit.com/r/uichicago/comments/1n3ax70/am_i_gonna_get_a_refund/,am_i_gonna_get_a_refund,"https://preview.redd.it/ztop8093bzlf1.png?width=1498&amp;format=png&amp;auto=webp&amp;s=b08445e773f1f139bb2b1fb37f8e7c03ce93c278

i was billed $697 for campus care, so i immediately waived out of it. i haven't gotten a refund yet, but I saw this. am i gonna get a $697 refund? what is the 697 from the aspire grant? will i get refunded 697 twice or something?",am i gonna get a refund??,Question,2025-08-29T15:43:46.000Z,https://a.thumbs.redditmedia.com/1I1i1CZKryp4Em1qsaeO5p7HSKFcVNubOye_r75ZHz0.jpg,false,That_Secret5003,https://www.reddit.com/user/That_Secret5003,3,false,false,false,false,false,false,false,false,false,false,0,,1,0,0.67,true,false,,,false,false,0,false,,true,false,false,,,,,,2025-09-12T18:52:00.570Z,
https://www.reddit.com/r/uichicago/,1000,,uichicago,t5_2shzc,r/uichicago,https://www.reddit.com/r/uichicago,public,29115,https://www.reddit.com/r/uichicago/comments/1n398ff/snacks_guys_im_hungry/,snacks_guys_im_hungry,guys where can i find free snacks i need like chips or candy or anything pls,snacks guys i’m hungry,null,2025-08-29T14:39:40.000Z,self,false,prettybabylila,https://www.reddit.com/user/prettybabylila,4,false,false,false,false,false,false,false,false,false,false,0,,12,0,0.75,false,false,,,false,false,0,false,,true,false,false,,,,,,2025-09-12T18:52:00.571Z,
https://www.reddit.com/r/uichicago/,1000,,uichicago,t5_2shzc,r/uichicago,https://www.reddit.com/r/uichicago,public,29115,https://www.reddit.com/r/uichicago/comments/1n391yi/is_there_a_space_on_campus_for_students_to_pitch/,is_there_a_space_on_campus_for_students_to_pitch,"Hey everyone, I’ve been really curious about finding people here who are into pitching new ideas, brainstorming, and actually building things together (apps, startups, creative projects, whatever).

Does our campus have any kind of innovation club / startup room / makerspace where students meet up for this? Or is it more about just finding like-minded people individually and forming groups on our own?",Is there a space on campus for students to pitch innovative ideas &amp; team up on projects,null,2025-08-29T14:32:33.000Z,self,false,Separate-Bill7550,https://www.reddit.com/user/Separate-Bill7550,2,false,false,false,false,false,false,false,false,false,false,0,,1,0,0.67,true,false,,,false,false,0,false,,true,false,false,,,,,,2025-09-12T18:52:00.571Z,
https://www.reddit.com/r/uichicago/,1000,,uichicago,t5_2shzc,r/uichicago,https://www.reddit.com/r/uichicago,public,29115,https://www.reddit.com/r/uichicago/comments/1n31ma8/drop_off_locations/,drop_off_locations,I’m commuting over 30 minutes away and I’m in a situation where I’m getting dropped off. My mom has to work remotely at 7:30. So I’ve had to get up extra early to get dropped off but it hasn’t been working because I have class at 10 some days and class at 11 other days. I missed two days this week because of it. Student center east opens at 6:30 but my mom won’t drop me off and leave until they open and I can go in. Leaving at 6:30 isn’t enough time to get back by 7:30 due to the traffic rush and slow downs. Are there any other places on/off campus that open earlier where I can get dropped off and aren’t that far away from student center east?,Drop off locations,Question,2025-08-29T08:15:34.000Z,self,false,These_Sink2306,https://www.reddit.com/user/These_Sink2306,14,false,false,false,false,false,false,false,false,false,false,0,,11,0,0.87,false,false,,,false,false,0,false,,true,false,false,,,,,,2025-09-12T18:52:00.571Z,
https://www.reddit.com/r/uichicago/,1000,,uichicago,t5_2shzc,r/uichicago,https://www.reddit.com/r/uichicago,public,29115,https://www.reddit.com/r/uichicago/comments/1n2y6ak/how_to_add_flames_fare_to_starbucks_app_i_dont/,how_to_add_flames_fare_to_starbucks_app_i_dont,,how to add flames fare to starbucks app? i don’t see uic as a listed school,Question,2025-08-29T04:41:40.000Z,self,false,Proof-Spite2679,https://www.reddit.com/user/Proof-Spite2679,1,false,false,false,false,false,false,false,false,false,false,0,,0,0,0.5,true,false,,,false,false,0,false,,true,false,false,,,,,,2025-09-12T18:52:00.571Z,
https://www.reddit.com/r/uichicago/,1000,,uichicago,t5_2shzc,r/uichicago,https://www.reddit.com/r/uichicago,public,29115,https://www.reddit.com/r/uichicago/comments/1n2xxjh/how_do_i_get_9_parking_pass/,how_do_i_get_9_parking_pass,I heard a lot of people saying they get $9 parking pass. Is it all day thing? Do I need to purchase it from parking office or its free?,How do I get $9 parking pass,Question,2025-08-29T04:28:04.000Z,self,false,luminary-dreamer,https://www.reddit.com/user/luminary-dreamer,2,false,false,false,false,false,false,false,false,false,false,0,,0,0,0.5,true,false,,,false,false,0,false,,true,false,false,,,,,,2025-09-12T18:52:00.571Z,
https://www.reddit.com/r/uichicago/,1000,,uichicago,t5_2shzc,r/uichicago,https://www.reddit.com/r/uichicago,public,29115,https://www.reddit.com/r/uichicago/comments/1n2vs7r/las_foreign_language_requirement/,las_foreign_language_requirement,"So lets say hypothetically speaking I used a little bit of support for the writing portion of the placement test and placed into Spanish 113. I honestly have no problem with speaking and reading but I was never actually taught how to write it. Luckily, I couldn't take it this semester due to it being full.

Am I able to take a lower level class or do I have to take what I placed into?",LAS Foreign Language Requirement,null,2025-08-29T02:38:22.000Z,self,false,x1menaa,https://www.reddit.com/user/x1menaa,9,false,false,false,false,false,false,false,false,false,false,0,,0,0,0.4,true,false,,,false,false,0,false,,true,false,false,,,,,,2025-09-12T18:52:00.571Z,
https://www.reddit.com/r/uichicago/,1000,,uichicago,t5_2shzc,r/uichicago,https://www.reddit.com/r/uichicago,public,29115,https://www.reddit.com/r/uichicago/comments/1n2uz0q/lost_laptop_sleeve_with_documents_etc/,lost_laptop_sleeve_with_documents_etc,Last seen in either Lecture Center A or CUPPA building. It’s all black and made of fabric with side pockets. If seen please let me know :),Lost laptop sleeve with documents etc,null,2025-08-29T01:59:42.000Z,self,false,Boring_Blackberry_85,https://www.reddit.com/user/Boring_Blackberry_85,2,false,false,false,false,false,false,false,false,false,false,0,,0,0,0.5,true,false,,,false,false,0,false,,true,false,false,,,,,,2025-09-12T18:52:00.571Z,
https://www.reddit.com/r/uichicago/,1000,,uichicago,t5_2shzc,r/uichicago,https://www.reddit.com/r/uichicago,public,29115,https://www.reddit.com/r/uichicago/comments/1n2tw6p/i_got_hard_classes_as_a_transfer_student_and_im/,i_got_hard_classes_as_a_transfer_student_and_im,"So this might be a lot so please bear with me. 

I’m going for a bachelors for computer engineering. I got screwed over and had a late advising orientation which was 8/1. I had a bad schedule but luckily, I sorta figured it out. It’s the first week of classes and I am pretty much lost. 

My calculus II didn’t transfer over so I have to retake it. I am taking an introduction to computer science which does not feel an introduction at all. I found out I needed a prerequisite for calculus I as well. haven’t been to school since I got my associates back in 2021. I do not have a clue what is going on in either of these classes. I also need to work so it makes it harder to even study all that time, even double now since I don’t remember calculus I at all. I feel like I need to take calculus I before I go into those classes and also beginning level of other classes I need to take.

I’m thinking of emailing my advisor to see if I can just take random elective classes so I can stay full time. I’m just not sure if that would affect my fafsa or aspire grant if I need to take another semester because I assume I will need to since I’m not getting credits that benefit my degree.

I’m also considering dropping out but my federal loan funds were disbursed. Is this something I pay back right away or does it make me pay for it after I graduate? 

Im not sure what to do. Ive been alone in all this and I kinda wish my advisor would’ve considered “hey this student hasn’t been in school for 4 years, maybe we should have him do introduction classes.” It’s just so wild to me",I got hard classes as a transfer student and I’m considering dropping out. Can anyone give any advice?,Question,2025-08-29T01:08:46.000Z,self,false,GoodBoyPuppi,https://www.reddit.com/user/GoodBoyPuppi,19,false,false,false,false,false,false,false,false,false,false,0,,17,0,0.9,false,false,,,false,false,0,false,,true,false,false,,,,,,2025-09-12T18:52:00.571Z,
https://www.reddit.com/r/uichicago/,1000,,uichicago,t5_2shzc,r/uichicago,https://www.reddit.com/r/uichicago,public,29115,https://www.reddit.com/r/uichicago/comments/1n2tfdl/ccc_credits_havent_transferred_yet/,ccc_credits_havent_transferred_yet,So i took PHYS 141 at CCC and sent my transcript once grades were finalized. Uic hasn't done anything on their part and I was wondering what department i can call or where I can go in person in order to get it resolved quickly.,CCC credits haven't transferred yet,Question,2025-08-29T00:47:08.000Z,self,false,Applejuro,https://www.reddit.com/user/Applejuro,2,false,false,false,false,false,false,false,false,false,false,0,,1,0,1,true,false,,,false,false,0,false,,true,false,false,,,,,,2025-09-12T18:52:00.571Z,
https://www.reddit.com/r/uichicago/,1000,,uichicago,t5_2shzc,r/uichicago,https://www.reddit.com/r/uichicago,public,29115,https://www.reddit.com/r/uichicago/comments/1n2sqz9/why_does_everyone_at_uic_walk_like_they_have/,why_does_everyone_at_uic_walk_like_they_have,for the love of godddddd pick up the pace people some of us actually want to get to class on time,why does everyone at uic walk like they have nowhere to be?,Question,2025-08-29T00:16:16.000Z,self,false,EngineeringPretty938,https://www.reddit.com/user/EngineeringPretty938,30,false,false,false,false,false,false,false,false,false,false,0,,295,0,0.96,false,false,,,false,false,0,false,,true,false,false,,,,,,2025-09-12T18:52:00.572Z,
https://www.reddit.com/r/uichicago/,1000,,uichicago,t5_2shzc,r/uichicago,https://www.reddit.com/r/uichicago,public,29115,https://www.reddit.com/r/uichicago/comments/1n2qtwt/found_beats_earbud_in_engineering_south_labs_near/,found_beats_earbud_in_engineering_south_labs_near,Left it in lost and found in Student Center East brief window.,Found  beats earbud in Engineering south labs near BIOS 110 Lab 3100,null,2025-08-28T22:51:02.000Z,https://b.thumbs.redditmedia.com/-oaI4I45_sP-Nw3ohk2U_he-hnfw_xv68GZQhw8rbTQ.jpg,true,Odd-Disk2725,https://www.reddit.com/user/Odd-Disk2725,0,false,false,false,false,false,false,false,false,false,false,0,,6,0,0.88,false,false,,,false,false,0,false,,true,false,false,,,,,,2025-09-12T18:52:00.572Z,
https://www.reddit.com/r/uichicago/,1000,,uichicago,t5_2shzc,r/uichicago,https://www.reddit.com/r/uichicago,public,29115,https://www.reddit.com/r/uichicago/comments/1n2qi9s/offering_tutoring_for_uic_courses_stem_social/,offering_tutoring_for_uic_courses_stem_social,"Hi everyone! I’m a UIC student offering **tutoring for lower-level and intro courses**, especially in STEM and general education subjects. If you’re taking any of the following and could use extra help, feel free to reach out:

* **English &amp; Writing**: ENG 160
* **Biological Sciences**: BIOS 110, BIOS 120
* **Mathematics**: MATH 121, MATH 180, MATH 181
* **Computer Science**: CS 100, CS 111, CS 141
* **Political Science**: POLS 101, POLS 130
* **Economics**: ECON 120, ECON 121
* **Chemistry**: CHEM 122, 123, 124, 125
* **Earth &amp; Environmental Sciences**: EAES 101, GEOG 100
* **History**: HIST 100, 101, 103, 104
* **Physics &amp; Psychology**: PHYS 100, PSYC 100
* **Spanish**: SPAN 104

I can also help with **study strategies, exam prep, and general academic skills** for other lower-level classes.

If you’re interested, DM me and we can figure out a schedule that works. Rates are affordable, and I’m flexible depending on the class/time commitment.","Offering Tutoring for UIC Courses (STEM, Social Sciences, Writing, etc.)",null,2025-08-28T22:37:14.000Z,self,false,ReportFit6272,https://www.reddit.com/user/ReportFit6272,0,false,false,false,false,false,false,false,false,false,false,0,,1,0,0.67,true,false,,,false,false,0,false,,true,false,false,,,,,,2025-09-12T18:52:00.572Z,
https://www.reddit.com/r/uichicago/,1000,,uichicago,t5_2shzc,r/uichicago,https://www.reddit.com/r/uichicago,public,29115,https://www.reddit.com/r/uichicago/comments/1n2qf87/concert_tickets_chicago/,concert_tickets_chicago,I’m posting here to sell my concert tickets hoping to meet in person (im a uic student) to sell it bc sm ppl are trying to scam me online….. I have one ticket for smokedope2016 ($30) and one for che ($35) so PLEASE LMK IF ANYONE IS WILLING TO BUY,Concert tickets Chicago,null,2025-08-28T22:33:33.000Z,self,false,onestar4u,https://www.reddit.com/user/onestar4u,1,false,false,false,false,false,false,false,false,false,false,0,,2,0,1,false,false,,,false,false,0,false,,true,false,false,,,,,,2025-09-12T18:52:00.572Z,
https://www.reddit.com/r/uichicago/,1000,,uichicago,t5_2shzc,r/uichicago,https://www.reddit.com/r/uichicago,public,29115,https://www.reddit.com/r/uichicago/comments/1n2pe63/found_keys_bsb_learning_center/,found_keys_bsb_learning_center,Found them on a chair by the printer… Dropped them off to lost and found at student center east,Found keys BSB learning center,null,2025-08-28T21:50:43.000Z,self,false,Automatic-Cow9554,https://www.reddit.com/user/Automatic-Cow9554,0,false,false,false,false,false,false,false,false,false,false,0,,1,0,0.66,true,false,,,false,false,0,false,,true,false,false,,,,,,2025-09-12T18:52:00.572Z,
https://www.reddit.com/r/uichicago/,1000,,uichicago,t5_2shzc,r/uichicago,https://www.reddit.com/r/uichicago,public,29115,https://www.reddit.com/r/uichicago/comments/1n2p5d4/test_optional_addmission_question_i_need_advice/,test_optional_addmission_question_i_need_advice,"Hello UIC Reddit, I am new here, so please bear with me lol. I'm currently a Senior in Florida, and I really want to go to UIC, Knowing it's not the most competitive school in Chicago, I thought it would be a good fit since I'm a very mediocre student. I have family in Chicago and might be able to qualify for in-state tuition after my first year. As I said before, I'm a very mediocre student. I've never failed any classes, straight A's and B's, and my GPA is a weighted 3.1, unweighted 3.2 currently. I suck at testing; my SAT score is embarrassingly low, I'm not even comfortable sharing it, it's that bad. I don't really plan on retaking it either because I know I wont do well, I'm just not motivated enough for all that. I am currently a part of 4 clubs, I have around 21 hours of community service, 3 honors classes, as well as AICE Psychology. I was thinking of applying test-optional for the 2026 admissions. I want to study Psychology at UIC. Do you guys think this is good enough to use for my applications, or would I need to make more improvements?",Test Optional Addmission Question. I need advice,Question,2025-08-28T21:40:27.000Z,self,false,televangellism,https://www.reddit.com/user/televangellism,6,false,false,false,false,false,false,false,false,false,false,0,,0,0,0.5,true,false,,,false,false,0,false,,true,false,false,,,,,,2025-09-12T18:52:00.572Z,
https://www.reddit.com/r/uichicago/,1000,,uichicago,t5_2shzc,r/uichicago,https://www.reddit.com/r/uichicago,public,29115,https://www.reddit.com/r/uichicago/comments/1n2oscq/guys_im_gonna_crashout/,guys_im_gonna_crashout,why is the MyDevices portal not working bruh i been trying to connect my TV to the wifi all week but the website u go to register the device on has been down or something i just wanna use my TV,guys i’m gonna crashout,null,2025-08-28T21:25:51.000Z,self,false,Odd-Perception7522,https://www.reddit.com/user/Odd-Perception7522,2,false,false,false,false,false,false,false,false,false,false,0,,1,0,0.67,true,false,,,false,false,0,false,,true,false,false,,,,,,2025-09-12T18:52:00.572Z,
https://www.reddit.com/r/uichicago/,1000,,uichicago,t5_2shzc,r/uichicago,https://www.reddit.com/r/uichicago,public,29115,https://www.reddit.com/r/uichicago/comments/1n2mqs1/is_it_worth_being_an_oos_student_at_uic/,is_it_worth_being_an_oos_student_at_uic,"i live in Wisconsin I wanted to apply to colleges near by my home. Colleges in Wisconsin suck. Most don’t have the major I’m going for, some good ones are expensive, uwm is a state university that everyone goes to. However, i don’t like it at all. i like uic because its in a big city and its diverse but I’m worried about the debt. anyone an OOS student there that could tell me their experience?",Is it worth being an OOS student at uic?,Question,2025-08-28T20:06:01.000Z,self,false,Fancy-Protection-954,https://www.reddit.com/user/Fancy-Protection-954,14,false,false,false,false,false,false,false,false,false,false,0,,15,0,0.94,false,false,,,false,false,0,false,,true,false,false,,,,,,2025-09-12T18:52:00.572Z,
https://www.reddit.com/r/uichicago/,1000,,uichicago,t5_2shzc,r/uichicago,https://www.reddit.com/r/uichicago,public,29115,https://www.reddit.com/r/uichicago/comments/1n2lir5/urgent_ece_265_syllabus_request/,urgent_ece_265_syllabus_request,"Hey, has anyone taken ECE 265 this semester, or in Fall/Spring 2025? I just transferred to a different school and really need the ECE 265 syllabus. I’ve tried emailing Kosmach and Weqi but got no reply, and their office phones aren’t answered. I’ve also called the ECE department here over 20 times with no luck.

If anyone has the syllabus or can help me get it, I’d really appreciate it and I’ll make it worth your while!",URGENT: ECE 265 Syllabus Request,null,2025-08-28T19:19:09.000Z,self,false,Embarrassed_Mood8346,https://www.reddit.com/user/Embarrassed_Mood8346,3,false,false,false,false,false,false,false,false,false,false,0,,0,0,0.5,true,false,,,false,false,0,false,,true,false,false,,,,,,2025-09-12T18:52:00.572Z,
https://www.reddit.com/r/uichicago/,1000,,uichicago,t5_2shzc,r/uichicago,https://www.reddit.com/r/uichicago,public,29115,https://www.reddit.com/r/uichicago/comments/1n2k7so/which_organic_chemistry_is_better/,which_organic_chemistry_is_better,"I need to take organic chem as a pre req for microbio, I have the options to take chem 230 with Ginevra Clark or chem 232 with Justin Mohr. Which organic chemistry would you guys recommend I take, I’m currently enrolled in 232 but tbh I’m struggling and it’s only the second class!",Which Organic Chemistry is better?,Question,2025-08-28T18:29:34.000Z,self,false,usuiismybabe,https://www.reddit.com/user/usuiismybabe,2,false,false,false,false,false,false,false,false,false,false,0,,2,0,0.67,false,false,,,false,false,0,false,,true,false,false,,,,,,2025-09-12T18:52:00.572Z,
https://www.reddit.com/r/uichicago/,1000,,uichicago,t5_2shzc,r/uichicago,https://www.reddit.com/r/uichicago,public,29115,https://www.reddit.com/r/uichicago/comments/1n2jntd/can_you_check_out_textbooks_from_the_library_for/,can_you_check_out_textbooks_from_the_library_for,"For PSCH 100 the textbook is required to have, but only to read the chapters for class as topics in the book can be on exams. I really don't want to pay for the book and since its not online interactive it's not like I Need to buy it. I couldn't find it at any VERY LEGAL methods of looking for it, but I can see that the textbook is at the library.   
Would I be able to check out the book from the Library? If so, would that be free? If not, would the best thing be to just read it in the library?

Thanks",Can you check out textbooks from the library for free?,Question,2025-08-28T18:08:20.000Z,self,false,EbbWeird6168,https://www.reddit.com/user/EbbWeird6168,3,false,false,false,false,false,false,false,false,false,false,0,,7,0,0.89,false,false,,,false,false,0,false,,true,false,false,,,,,,2025-09-12T18:52:00.573Z,
https://www.reddit.com/r/uichicago/,1000,,uichicago,t5_2shzc,r/uichicago,https://www.reddit.com/r/uichicago,public,29115,https://www.reddit.com/r/uichicago/comments/1n2hlgn/can_anyone_tell_me_why_school_charge_twice_cta/,can_anyone_tell_me_why_school_charge_twice_cta,"One is $31 CTA transit from recent 
And another one is $349 which includes a Metra and CTA. I don’t understand what is that $31 charges for??",Can anyone tell me why school charge twice CTA transit,Question,2025-08-28T16:51:50.000Z,https://b.thumbs.redditmedia.com/_Fee0A-oyktmulYtVgjUWN1CHFHVvXb2R8mtd0wIWBM.jpg,true,Holiday_Note9763,https://www.reddit.com/user/Holiday_Note9763,5,false,false,false,false,false,false,false,false,false,false,0,,23,0,0.88,false,false,,,false,false,0,false,,true,false,false,,,,,,2025-09-12T18:52:00.573Z,
https://www.reddit.com/r/uichicago/,1000,,uichicago,t5_2shzc,r/uichicago,https://www.reddit.com/r/uichicago,public,29115,https://www.reddit.com/r/uichicago/comments/1n2flsu/rate_my_schedule/,rate_my_schedule,"im a commuter (inside the city, ~30 mins on blue line) and i work early mornings M/W/F :P",Rate my schedule,Discussion,2025-08-28T15:36:48.000Z,https://b.thumbs.redditmedia.com/yD7TMv11hMvBhBG7PbC7E0io3bEoWbaE7vwX4ErYNmI.jpg,true,Feisty-Media8719,https://www.reddit.com/user/Feisty-Media8719,3,false,false,false,false,false,false,false,false,false,false,0,,0,0,0.5,true,false,,,false,false,0,false,,true,false,false,,,,,,2025-09-12T18:52:00.573Z,
https://www.reddit.com/r/uichicago/,1000,,uichicago,t5_2shzc,r/uichicago,https://www.reddit.com/r/uichicago,public,29115,https://www.reddit.com/r/uichicago/comments/1n2czl6/someone_left_these/,someone_left_these,outside chick fil a seating,someone left these,null,2025-08-28T13:59:25.000Z,https://b.thumbs.redditmedia.com/XFZ2JP5bTFkyLGih0_988JypYqG87sAMVMNBqto_-yA.jpg,true,Suitable_Voice_98,https://www.reddit.com/user/Suitable_Voice_98,4,false,false,false,false,false,false,false,false,false,false,0,,15,0,0.9,false,false,,,false,false,0,false,,true,false,false,,,,,,2025-09-12T18:52:00.573Z,
https://www.reddit.com/r/uichicago/,1000,,uichicago,t5_2shzc,r/uichicago,https://www.reddit.com/r/uichicago,public,29115,https://www.reddit.com/r/uichicago/comments/1n2335z/any_poetry_or_writing_clubs_i_can_join/,any_poetry_or_writing_clubs_i_can_join,,Any poetry or writing clubs I can join?,Question,2025-08-28T04:42:25.000Z,self,false,Adept-Vanilla8867,https://www.reddit.com/user/Adept-Vanilla8867,0,false,false,false,false,false,false,false,false,false,false,0,,1,0,0.67,true,false,,,false,false,0,false,,true,false,false,,,,,,2025-09-12T18:52:00.573Z,
https://www.reddit.com/r/uichicago/,1000,,uichicago,t5_2shzc,r/uichicago,https://www.reddit.com/r/uichicago,public,29115,https://www.reddit.com/r/uichicago/comments/1n22enp/is_anyone_selling_pokemon_cards/,is_anyone_selling_pokemon_cards,Anyone here sells pokemon cards/bundles/packs I'll buy them off you name your price hmu :),Is anyone selling pokemon cards,null,2025-08-28T04:04:43.000Z,self,false,Civil-Chemical-1028,https://www.reddit.com/user/Civil-Chemical-1028,0,false,false,false,false,false,false,false,false,false,false,0,,1,0,0.6,true,false,,,false,false,0,false,,true,false,false,,,,,,2025-09-12T18:52:00.573Z,
https://www.reddit.com/r/uichicago/,1000,,uichicago,t5_2shzc,r/uichicago,https://www.reddit.com/r/uichicago,public,29115,https://www.reddit.com/r/uichicago/comments/1n1zqnh/e_scooters_suggestions/,e_scooters_suggestions,"Okay, I wish I got her name, she was such a queen. I got a lift from some girl on a e scooter from the ARC to SES, and I’m sold. 

Anyone have e scooter suggestions? I tried a Lyft scooter right now but that was so bad compared to her smooth a$ scooter. I can’t even remember the brand of it   I’ve been looking online but everything has mixed reviews and it’s so much info on what to be careful of and what not. 

My budget is $500 but I can go to $600.",E scooters suggestions,Discussion,2025-08-28T01:51:43.000Z,self,false,TopicApprehensive277,https://www.reddit.com/user/TopicApprehensive277,2,false,false,false,false,false,false,false,false,false,false,0,,0,0,0.5,true,false,,,false,false,0,false,,true,false,false,,,,,,2025-09-12T18:52:00.573Z,
https://www.reddit.com/r/uichicago/,1000,,uichicago,t5_2shzc,r/uichicago,https://www.reddit.com/r/uichicago,public,29115,https://www.reddit.com/r/uichicago/comments/1n1ze8b/the_guy_literally_called_it_a_small_school_when/,the_guy_literally_called_it_a_small_school_when,,The guy literally called it a small school when it's literally the largest campus in Chicago.,null,2025-08-28T01:35:11.000Z,https://b.thumbs.redditmedia.com/8YpwLf_nlGuaP9qGuu6otl0xVdQ9nbB7k2Mt6giGQdY.jpg,true,gablikestacos69,https://www.reddit.com/user/gablikestacos69,0,false,false,false,false,false,false,false,false,false,false,0,,52,0,0.96,false,false,,,false,false,0,false,,true,false,false,,,,,,2025-09-12T18:52:00.574Z,
https://www.reddit.com/r/uichicago/,1000,,uichicago,t5_2shzc,r/uichicago,https://www.reddit.com/r/uichicago,public,29115,https://www.reddit.com/r/uichicago/comments/1n1z24q/any_easy_majors_and_general_ed_class/,any_easy_majors_and_general_ed_class,I’m a freshmen year student at UIC I was hoping if there are any easy majors and gen ed classes I could take this freshmen year semester 1 and semester 2 since I’m changing my major Computer Science and Linguistics as I find it to be overwhelming and difficult.,Any easy majors and general ed class?,Question,2025-08-28T01:19:34.000Z,self,false,FarCut3813,https://www.reddit.com/user/FarCut3813,21,false,false,false,false,false,false,false,false,false,false,0,,9,0,0.74,false,false,,,false,false,0,false,,true,false,false,,,,,,2025-09-12T18:52:00.574Z,
https://www.reddit.com/r/uichicago/,1000,,uichicago,t5_2shzc,r/uichicago,https://www.reddit.com/r/uichicago,public,29115,https://www.reddit.com/r/uichicago/comments/1n1xo6n/uic_honors_essay/,uic_honors_essay,Does anybody have any tips in regards to the honors college essay? Would srsly appreciate,Uic honors essay,null,2025-08-28T00:15:13.000Z,self,false,Sudden-Toe-286,https://www.reddit.com/user/Sudden-Toe-286,1,false,false,false,false,false,false,false,false,false,false,0,,2,0,0.75,false,false,,,false,false,0,false,,true,false,false,,,,,,2025-09-12T18:52:00.574Z,
https://www.reddit.com/r/uichicago/,1000,,uichicago,t5_2shzc,r/uichicago,https://www.reddit.com/r/uichicago,public,29115,https://www.reddit.com/r/uichicago/comments/1n1xgys/who_needs_textbook_for_mgmt_350_professor_anthony/,who_needs_textbook_for_mgmt_350_professor_anthony,"I bought [this](https://www.amazon.com/external-environment-business-Political-regulatory/dp/0875636829) textbook before I ended up switching to another section of the course that does not use this textbook(the professor is the author…). It cost like 55 dollars, I’m willing to give it up for 25. In person pick up only, ideally on campus.",Who Needs Textbook for MGMT 350 - Professor Anthony Pagano?,Question,2025-08-28T00:05:47.000Z,self,false,Opening_Programmer56,https://www.reddit.com/user/Opening_Programmer56,1,false,false,false,false,false,false,false,false,false,false,0,,1,0,0.67,true,false,,,false,false,0,false,,true,false,false,,,,,,2025-09-12T18:52:00.574Z,
https://www.reddit.com/r/uichicago/,1000,,uichicago,t5_2shzc,r/uichicago,https://www.reddit.com/r/uichicago,public,29115,https://www.reddit.com/r/uichicago/comments/1n1vx38/forgot_my_headphones_at_selw/,forgot_my_headphones_at_selw,"hi guys :( at around 3:30pm today (08/27) i left my gray xm5s in the woman's bathroom on the 3rd floor. i hung them up on the hook along with my bag, and since i was in a rush, i left them. i didn't realize until not too long ago and when i went back to check, they were gone. pleaseeee let me know if you've seen them or have them &lt;/3 they were a gift from my family, so they mean a lot to me. they're rlly easy to distinguish bc i decorated them w stickers",forgot my headphones at selw,null,2025-08-27T22:57:26.000Z,https://b.thumbs.redditmedia.com/4yZVvxL19KfRFpbGMliEEYEBo4cWbBuRyZ4hjdT0hKc.jpg,true,PlasticAd5498,https://www.reddit.com/user/PlasticAd5498,8,false,false,false,false,false,false,false,false,false,false,0,,42,0,0.98,false,false,,,false,false,0,false,,true,false,false,,,,,,2025-09-12T18:52:00.574Z,
https://www.reddit.com/r/uichicago/,1000,,uichicago,t5_2shzc,r/uichicago,https://www.reddit.com/r/uichicago,public,29115,https://www.reddit.com/r/uichicago/comments/1n1vjsp/language_class_change/,language_class_change,"I’m currently enrolled in German, but I would like to change my language to French. Is it common for people to change their language this far into the semester? I want to get into French, but there are no available spots so far.",Language class change,null,2025-08-27T22:41:51.000Z,self,false,Mean-Ad-2004,https://www.reddit.com/user/Mean-Ad-2004,6,false,false,false,false,false,false,false,false,false,false,0,,0,0,0.33,true,false,,,false,false,0,false,,true,false,false,,,,,,2025-09-12T18:52:00.574Z,
https://www.reddit.com/r/uichicago/,1000,,uichicago,t5_2shzc,r/uichicago,https://www.reddit.com/r/uichicago,public,29115,https://www.reddit.com/r/uichicago/comments/1n1tj77/textbooks_please_take_them/,textbooks_please_take_them,"Anyone need these? 
$30 for the animal behavior one
$25 for the spanish set
$30 for the chinese set
or make offers i just want them gone",Textbooks... please take them,null,2025-08-27T21:20:53.000Z,https://b.thumbs.redditmedia.com/IN1jaUmRjCFZk7MmbRpDFMTxKkqWUJ_KHZ8arzKfzys.jpg,false,goodkd11,https://www.reddit.com/user/goodkd11,4,false,false,false,false,false,false,false,false,false,false,0,,9,0,0.92,false,false,,,false,false,0,false,,true,false,false,,,,,,2025-09-12T18:52:00.574Z,
https://www.reddit.com/r/uichicago/,1000,,uichicago,t5_2shzc,r/uichicago,https://www.reddit.com/r/uichicago,public,29115,https://www.reddit.com/r/uichicago/comments/1n1o8y2/best_premed_major/,best_premed_major,What’s are some of the better options for premed majors? Ideally it would also serve as a backup (for a job in corporate) in case admission to medical school is delayed,Best premed major?,Question,2025-08-27T17:59:43.000Z,self,false,angel_agent007,https://www.reddit.com/user/angel_agent007,1,false,false,false,false,false,false,false,false,false,false,0,,0,0,0.5,true,false,,,false,false,0,false,,true,false,false,,,,,,2025-09-12T18:52:00.574Z,
https://www.reddit.com/r/uichicago/,1000,,uichicago,t5_2shzc,r/uichicago,https://www.reddit.com/r/uichicago,public,29115,https://www.reddit.com/r/uichicago/comments/1n1nwiy/i_know_smoking_or_vaping_isnt_allowed_on_campus/,i_know_smoking_or_vaping_isnt_allowed_on_campus,It’s weird at NIU I swear I would see ppl vaping all the time but here i don’t. Is Uic more strict on it ?,"I know smoking or vaping isn’t allowed on campus, but do people still vape outside on campus ?",Question,2025-08-27T17:46:49.000Z,self,false,Adept-Vanilla8867,https://www.reddit.com/user/Adept-Vanilla8867,12,false,false,false,false,false,false,false,false,false,false,0,,0,0,0.4,true,false,,,false,false,0,false,,true,false,false,,,,,,2025-09-12T18:52:00.574Z,
https://www.reddit.com/r/uichicago/,1000,,uichicago,t5_2shzc,r/uichicago,https://www.reddit.com/r/uichicago,public,29115,https://www.reddit.com/r/uichicago/comments/1n1nvf2/ece210_waitlist_1pm/,ece210_waitlist_1pm,"This is just a quick post to anyone who is in ece210 and thinking abt dropping it, if you do choose to can you just reply to this before i’m really tryna get into the class section",ECE210 waitlist 1pm,null,2025-08-27T17:45:41.000Z,self,false,ThisScheme3370,https://www.reddit.com/user/ThisScheme3370,0,false,false,false,false,false,false,false,false,false,false,0,,0,0,0.5,true,false,,,false,false,0,false,,true,false,false,,,,,,2025-09-12T18:52:00.574Z,
https://www.reddit.com/r/uichicago/,1000,,uichicago,t5_2shzc,r/uichicago,https://www.reddit.com/r/uichicago,public,29115,https://www.reddit.com/r/uichicago/comments/1n1nler/do_you_think_i_can_get_into_uic/,do_you_think_i_can_get_into_uic,"Do you think I can get accepted into UIC? I have a 3.78 unweighted GPA, but my SAT score is only 870, so I plan to apply Test-Optional. I don’t have many extracurricular activities, only volunteer work. I want to major in Biology or Biochemistry. Please give me realistic advice and methods that could actually help me!!",Do You Think I Can Get Into UIC?,Question,2025-08-27T17:35:35.000Z,self,false,LimeAlternative2644,https://www.reddit.com/user/LimeAlternative2644,26,false,false,false,false,false,false,false,false,false,false,0,,0,0,0.22,true,false,,,false,false,0,false,,true,false,false,,,,,,2025-09-12T18:52:00.574Z,
https://www.reddit.com/r/uichicago/,1000,,uichicago,t5_2shzc,r/uichicago,https://www.reddit.com/r/uichicago,public,29115,https://www.reddit.com/r/uichicago/comments/1n1ne7v/how_do_you_change_majors/,how_do_you_change_majors,"I'm currently enrolled in the College of liberal arts and am looking to transfer to the College of Business. What's the process for changing your major? If anyone who's transferred from LAS to Business, could you please help? It would mean a lot.",How do you change majors,null,2025-08-27T17:28:09.000Z,self,false,Decent-Aspect-8778,https://www.reddit.com/user/Decent-Aspect-8778,1,false,false,false,false,false,false,false,false,false,false,0,,0,0,0.5,true,false,,,false,false,0,false,,true,false,false,,,,,,2025-09-12T18:52:00.575Z,
https://www.reddit.com/r/uichicago/,1000,,uichicago,t5_2shzc,r/uichicago,https://www.reddit.com/r/uichicago,public,29115,https://www.reddit.com/r/uichicago/comments/1n1n401/is_ba_111_a_new_class/,is_ba_111_a_new_class,I swear that last semester my audit did not say that i needed to take that class and now it says that i do. Is this possible?,Is BA 111 a new class?,Question,2025-08-27T17:17:24.000Z,self,false,zeiiki,https://www.reddit.com/user/zeiiki,4,false,false,false,false,false,false,false,false,false,false,0,,1,0,0.67,true,false,,,false,false,0,false,,true,false,false,,,,,,2025-09-12T18:52:00.575Z,
https://www.reddit.com/r/uichicago/,1000,,uichicago,t5_2shzc,r/uichicago,https://www.reddit.com/r/uichicago,public,29115,https://www.reddit.com/r/uichicago/comments/1n1n2hv/any_microwaves_atnear_new_cs_building/,any_microwaves_atnear_new_cs_building,I found a microwave for the faculty staffs when you go through the conference room on 2nd floor but can’t find a microwave for students :(,Any microwaves at/near new CS building?,Question,2025-08-27T17:15:52.000Z,self,false,Trick-Introduction91,https://www.reddit.com/user/Trick-Introduction91,3,false,false,false,false,false,false,false,false,false,false,0,,5,0,0.78,false,false,,,false,false,0,false,,true,false,false,,,,,,2025-09-12T18:52:00.575Z,
https://www.reddit.com/r/uichicago/,1000,,uichicago,t5_2shzc,r/uichicago,https://www.reddit.com/r/uichicago,public,29115,https://www.reddit.com/r/uichicago/comments/1n1mn25/how_hardeasy_is_econ_111_with_tzachrista/,how_hardeasy_is_econ_111_with_tzachrista,I’m taking it with other difficult classes so I want to know how difficult / how much work you have to put into it.,How hard/easy is Econ 111 with Tzachrista?,Question,2025-08-27T17:00:20.000Z,self,false,Background-Bar5217,https://www.reddit.com/user/Background-Bar5217,2,false,false,false,false,false,false,false,false,false,false,0,,0,0,0.5,true,false,,,false,false,0,false,,true,false,false,,,,,,2025-09-12T18:52:00.575Z,
https://www.reddit.com/r/uichicago/,1000,,uichicago,t5_2shzc,r/uichicago,https://www.reddit.com/r/uichicago,public,29115,https://www.reddit.com/r/uichicago/comments/1n1m01i/easiest_async_honors_courses/,easiest_async_honors_courses,,Easiest Async Honors Courses?,Question,2025-08-27T16:36:47.000Z,self,false,Background-Bar5217,https://www.reddit.com/user/Background-Bar5217,0,false,false,false,false,false,false,false,false,false,false,0,,0,0,0.5,true,false,,,false,false,0,false,,true,false,false,,,,,,2025-09-12T18:52:00.575Z,
https://www.reddit.com/r/uichicago/,1000,,uichicago,t5_2shzc,r/uichicago,https://www.reddit.com/r/uichicago,public,29115,https://www.reddit.com/r/uichicago/comments/1n1iufx/anybody_wantneed_these/,anybody_wantneed_these,I finished Spanish awhile ago ngl. These books are for Spanish 103-104 I believe (the red MIGHT work for 101) I’ll sell them for $25 each. And the small books for $5. The big books usually cost $50-$75 (go ahead and check) because they need to come from Amazon. I JUST WANT TO GET RID OF THEM I LITERALLY GRADUATE THIS SEMESTER PLEASE TAKE THIS SH*T,ANYBODY WANT/NEED THESE?,Offer,2025-08-27T14:38:44.000Z,https://b.thumbs.redditmedia.com/hNItwAuUMWG_mcmYHTVTe8B7PO00htgmOo4uhQCSsnY.jpg,false,Bjame2,https://www.reddit.com/user/Bjame2,2,false,false,false,false,false,false,false,false,false,false,0,,1,0,0.67,true,false,,,false,false,0,false,,true,false,false,,,,,,2025-09-12T18:52:00.575Z,
https://www.reddit.com/r/uichicago/,1000,,uichicago,t5_2shzc,r/uichicago,https://www.reddit.com/r/uichicago,public,29115,https://www.reddit.com/r/uichicago/comments/1n1hotw/obligatory_why_is_bsb_such_a_hot_mess_rhetorical/,obligatory_why_is_bsb_such_a_hot_mess_rhetorical,"The title. First day was an adventure. I was not alone in being lost (yaye?) and got to lecture 2 minutes late. Not a big deal for first week. I’d prefer to be early. 

See also: TIL just a little about how big this campus is!  

I should have scoped out the walks between buildings. That’s on me. I own that.",Obligatory “why is BSB such a hot mess” (rhetorical) question,Question,2025-08-27T13:53:42.000Z,self,false,Odd-Variety-3802,https://www.reddit.com/user/Odd-Variety-3802,11,false,false,false,false,false,false,false,false,false,false,0,,38,0,0.98,false,false,,,false,false,0,false,,true,false,false,,,,,,2025-09-12T18:52:00.575Z,
https://www.reddit.com/r/uichicago/,1000,,uichicago,t5_2shzc,r/uichicago,https://www.reddit.com/r/uichicago,public,29115,https://www.reddit.com/r/uichicago/comments/1n1hkxr/spent_the_day_commuting/,spent_the_day_commuting,"Anyone else feel like they spent more time commuting (to/from campus, to/from classes, to/from activities) than actual time doing school things? I know it’ll get easier as I figure out the better routes, but wow. Yesterday was all walking and commuting!",Spent the day commuting,null,2025-08-27T13:49:27.000Z,self,false,Odd-Variety-3802,https://www.reddit.com/user/Odd-Variety-3802,5,false,false,false,false,false,false,false,false,false,false,0,,35,0,0.93,false,false,,,false,false,0,false,,true,false,false,,,,,,2025-09-12T18:52:00.575Z,
https://www.reddit.com/r/uichicago/,1000,,uichicago,t5_2shzc,r/uichicago,https://www.reddit.com/r/uichicago,public,29115,https://www.reddit.com/r/uichicago/comments/1n1hh5w/mslc_peer_leading_update/,mslc_peer_leading_update,Anybody hear back from the interest form? I sent follow up emails and no response yet,MSLC Peer Leading update,Question,2025-08-27T13:45:16.000Z,self,false,Warm_Draw2139,https://www.reddit.com/user/Warm_Draw2139,0,false,false,false,false,false,false,false,false,false,false,0,,1,0,1,true,false,,,false,false,0,false,,true,false,false,,,,,,2025-09-12T18:52:00.576Z,
https://www.reddit.com/r/uichicago/,1000,,uichicago,t5_2shzc,r/uichicago,https://www.reddit.com/r/uichicago,public,29115,https://www.reddit.com/r/uichicago/comments/1n1b40b/how_much_do_you_guys_pay_for_out_of_state_tuition/,how_much_do_you_guys_pay_for_out_of_state_tuition,"Hey guys! I’m from Milwaukee and planning to apply to UIC for a Business major. I don’t want to end up with a lot of debt, and while I’ll be getting financial aid, I’m not sure how scholarships will work out. I’m currently at MATC and will be graduating in summer 2026. For those of you paying out-of-state tuition, how much do you usually pay?",How much do you guys pay for out of state tuition?,Question,2025-08-27T08:07:21.000Z,self,false,Substantial_Goat_541,https://www.reddit.com/user/Substantial_Goat_541,5,false,false,false,false,false,false,false,false,false,false,0,,4,0,0.83,false,false,,,false,false,0,false,,true,false,false,,,,,,2025-09-12T18:52:00.576Z,
https://www.reddit.com/r/uichicago/,1000,,uichicago,t5_2shzc,r/uichicago,https://www.reddit.com/r/uichicago,public,29115,https://www.reddit.com/r/uichicago/comments/1n17yal/how_does_one_link_starbucks_to_flames_fare_at_the/,how_does_one_link_starbucks_to_flames_fare_at_the,,how does one link starbucks to flames fare at the arc? i can’t seem to find uic on the list of colleges,Question,2025-08-27T04:48:57.000Z,self,false,Proof-Spite2679,https://www.reddit.com/user/Proof-Spite2679,1,false,false,false,false,false,false,false,false,false,false,0,,0,0,0.33,true,false,,,false,false,0,false,,true,false,false,,,,,,2025-09-12T18:52:00.576Z,
https://www.reddit.com/r/uichicago/,1000,,uichicago,t5_2shzc,r/uichicago,https://www.reddit.com/r/uichicago,public,29115,https://www.reddit.com/r/uichicago/comments/1n16wkw/question_about_chem_233_for_previous_students/,question_about_chem_233_for_previous_students,Is it a lot of workload? How many hours would it take outside of lab? Currently I have 18 credits including Chem 233 and I’m not sure if I should drop a class or not,Question about Chem 233 for previous students,Question,2025-08-27T03:51:18.000Z,self,false,ryellee222,https://www.reddit.com/user/ryellee222,9,false,false,false,false,false,false,false,false,false,false,0,,1,0,0.67,true,false,,,false,false,0,false,,true,false,false,,,,,,2025-09-12T18:52:00.576Z,
https://www.reddit.com/r/uichicago/,1000,,uichicago,t5_2shzc,r/uichicago,https://www.reddit.com/r/uichicago,public,29115,https://www.reddit.com/r/uichicago/comments/1n12nsz/selling_daily_value_passes_5_discount_from_9/,selling_daily_value_passes_5_discount_from_9,"Hey guys, I have 5 daily value parking passes that I bought this morning. My dumbass bought them without seeing the email that my parking assignment had already been processed.",Selling Daily Value Passes $5 (Discount from $9!),Offer,2025-08-27T00:27:05.000Z,self,false,Jkrocks47,https://www.reddit.com/user/Jkrocks47,0,false,false,false,false,false,false,false,false,false,false,0,,3,0,0.67,false,false,,,false,false,0,false,,true,false,false,,,,,,2025-09-12T18:52:00.576Z,
https://www.reddit.com/r/uichicago/,1000,,uichicago,t5_2shzc,r/uichicago,https://www.reddit.com/r/uichicago,public,29115,https://www.reddit.com/r/uichicago/comments/1n12gm9/refund_money_question/,refund_money_question,"Hey, so I’ll make this as quick as possible. I got an external scholarship that covers pretty much like 90% of my tuition and other fees, but I also got money from the PellGrant and from UIC AspireGrant. So my question is, can I tell the bursar to use the external scholarship to pay for tuition and fees, and what would happen to the aspire grant? Do I get that money for myself? Does the money go back to UIC?

Thanks!",Refund money question,Question,2025-08-27T00:17:56.000Z,self,false,davidat21,https://www.reddit.com/user/davidat21,1,false,false,false,false,false,false,false,false,false,false,0,,0,0,0.25,true,false,,,false,false,0,false,,true,false,false,,,,,,2025-09-12T18:52:00.576Z,
https://www.reddit.com/r/uichicago/,1000,,uichicago,t5_2shzc,r/uichicago,https://www.reddit.com/r/uichicago,public,29115,https://www.reddit.com/r/uichicago/comments/1n11kho/anyone_know_a_free_electives_that_is_online_and/,anyone_know_a_free_electives_that_is_online_and,I don’t want to pay a $100 for a nutrition class book. Anyone know a class I can register for that’s just maybe discussion post based.,Anyone know a free electives that is online and doesn’t require an access code,null,2025-08-26T23:37:52.000Z,self,false,burnaaa13i2,https://www.reddit.com/user/burnaaa13i2,5,false,false,false,false,false,false,false,false,false,false,0,,0,0,0.5,true,false,,,false,false,0,false,,true,false,false,,,,,,2025-09-12T18:52:00.588Z,
https://www.reddit.com/r/uichicago/,1000,,uichicago,t5_2shzc,r/uichicago,https://www.reddit.com/r/uichicago,public,29115,https://www.reddit.com/r/uichicago/comments/1n117nw/is_uic_the_utd_of_illinois/,is_uic_the_utd_of_illinois,"UTD is the University of Texas at Dallas

Just thought they kinda similar…",Is UIC the UTD of Illinois?,Discussion,2025-08-26T23:22:17.000Z,self,false,Technical_Sherbert60,https://www.reddit.com/user/Technical_Sherbert60,1,false,false,false,false,false,false,false,false,false,false,0,,0,0,0.2,true,false,,,false,false,0,false,,true,false,false,,,,,,2025-09-12T18:52:00.588Z,
https://www.reddit.com/r/uichicago/,1000,,uichicago,t5_2shzc,r/uichicago,https://www.reddit.com/r/uichicago,public,29115,https://www.reddit.com/r/uichicago/comments/1n0zlq1/what_locations_take_flames_fare_dunkin_does_not/,what_locations_take_flames_fare_dunkin_does_not,,what locations take flames fare? dunkin does not.,Question,2025-08-26T22:13:32.000Z,self,false,Proof-Spite2679,https://www.reddit.com/user/Proof-Spite2679,1,false,false,false,false,false,false,false,false,false,false,0,,5,0,0.86,false,false,,,false,false,0,false,,true,false,false,,,,,,2025-09-12T18:52:00.589Z,
https://www.reddit.com/r/uichicago/,1000,,uichicago,t5_2shzc,r/uichicago,https://www.reddit.com/r/uichicago,public,29115,https://www.reddit.com/r/uichicago/comments/1n0zf99/biochem_study_group/,biochem_study_group,"Any of you in Biochem on Tuesday/Thursday at 11? If so, wanna exchange info to study?",Biochem study group?,Question,2025-08-26T22:06:13.000Z,self,false,Big-O-Daddy,https://www.reddit.com/user/Big-O-Daddy,0,false,false,false,false,false,false,false,false,false,false,0,,0,0,0.5,true,false,,,false,false,0,false,,true,false,false,,,,,,2025-09-12T18:52:00.589Z,
https://www.reddit.com/r/uichicago/,1000,,uichicago,t5_2shzc,r/uichicago,https://www.reddit.com/r/uichicago,public,29115,https://www.reddit.com/r/uichicago/comments/1n0yb1q/taft_hall_renovations/,taft_hall_renovations,Ripping Taft down to its skeleton is a real shame from the university. UIC has the best campus in Chicago and now we are tearing it down and building something worse in its place. Brutalism is a lost art form that we need to bring back not get rid of. Redoing Taft into Lincoln Hall V2 is the worst decision ever since Lincoln is the ugliest building on campus.,Taft Hall Renovations,null,2025-08-26T21:21:41.000Z,self,false,Big_Nefariousness915,https://www.reddit.com/user/Big_Nefariousness915,50,false,false,false,false,false,false,false,false,false,false,0,,0,0,0.49,true,false,,,false,false,0,false,,true,false,false,,,,,,2025-09-12T18:52:00.589Z,
https://www.reddit.com/r/uichicago/,1000,,uichicago,t5_2shzc,r/uichicago,https://www.reddit.com/r/uichicago,public,29115,https://www.reddit.com/r/uichicago/comments/1n0wom2/easier_parking_at_uic/,easier_parking_at_uic,"Hi guys, I just wanted to let you know that I’m doing a trial run of a website I made over the summer. The purpose of the website is to make parking easier for commuters, especially first years. It was esp hard for me to determine what lot to buy a parking pass for during my first year (and I ended up having a 15min walk in the winter mornings  ) which encouraged me to create it. I noticed even within the past month many ppl have asked questions about where to park so I’m hoping this will help w that!

It’s called ParkPro, and basically you can put in your class schedule and get lots recommended that will benefit you most in terms of how far you have to walk from your car to class. Also, I created a tips section where anyone can submit tips about parking at UIC for other drivers (i.e, where to get free parking or which parking pass is best to buy), as well as a resources section with links to resources that are relevant to students who drive and park here.

If u want to sign up for the trial run u can DM me here by the end of Friday Aug 29, or u can come see me in the Commuter Student Resource Center tomorrow (Aug 27) from 2:30 to 4:30pm! (I’ll be tabling and i’ll demo it there)

Trial run starts 9/2!",easier parking at uic,Offer,2025-08-26T20:19:18.000Z,self,false,level1x,https://www.reddit.com/user/level1x,2,false,false,false,false,false,false,false,false,false,false,0,,16,0,0.91,false,false,,,false,false,0,false,,true,false,false,,,,,,2025-09-12T18:52:00.589Z,
https://www.reddit.com/r/uichicago/,1000,,uichicago,t5_2shzc,r/uichicago,https://www.reddit.com/r/uichicago,public,29115,https://www.reddit.com/r/uichicago/comments/1n0vuqw/should_i_get_a_cat/,should_i_get_a_cat,"i just moved to lakeview, i’m a transfer student. i really want a cat for emotional support (i think it’s too early to decide) but I was wondering if anyone who has a cat also lives off campus and also works while being a student? // how is the balance? and expenses?",should i get a cat??,Question,2025-08-26T19:48:00.000Z,self,false,Beneficial_Voice4339,https://www.reddit.com/user/Beneficial_Voice4339,4,false,false,false,false,false,false,false,false,false,false,0,,0,0,0.5,true,false,,,false,false,0,false,,true,false,false,,,,,,2025-09-12T18:52:00.589Z,
https://www.reddit.com/r/uichicago/,1000,,uichicago,t5_2shzc,r/uichicago,https://www.reddit.com/r/uichicago,public,29115,https://www.reddit.com/r/uichicago/comments/1n0v9ci/any_stafffaculty_hearing_any_chatter_about_ifwhen/,any_stafffaculty_hearing_any_chatter_about_ifwhen,inquiring minds need to know,Any staff/faculty hearing any chatter about if/when the hiring chill will be lifted?,Question,2025-08-26T19:25:05.000Z,self,false,firewontquell,https://www.reddit.com/user/firewontquell,1,false,false,false,false,false,false,false,false,false,false,0,,3,0,0.71,false,false,,,false,false,0,false,,true,false,false,,,,,,2025-09-12T18:52:00.589Z,
https://www.reddit.com/r/uichicago/,1000,,uichicago,t5_2shzc,r/uichicago,https://www.reddit.com/r/uichicago,public,29115,https://www.reddit.com/r/uichicago/comments/1n0ubov/how_is_the_course_plan_for_this_semester_am_i/,how_is_the_course_plan_for_this_semester_am_i,"Heading into my third year and thinking of switching my schedule around. Would I be able to handle MATH 310, STAT 381, ARAB 101, MKTG 360, IDS 410, HN 196. It’s going to be 19 credits. 

As a note last semester I took calc 2, cs 211, cs 251, and MUS 107 and it was kind of difficult.",How is the course plan for this semester. Am I doing too much for these courses.,null,2025-08-26T18:49:19.000Z,self,false,burnaaa13i2,https://www.reddit.com/user/burnaaa13i2,3,false,false,false,false,false,false,false,false,false,false,0,,2,0,0.75,false,false,,,false,false,0,false,,true,false,false,,,,,,2025-09-12T18:52:00.590Z,
https://www.reddit.com/r/uichicago/,1000,,uichicago,t5_2shzc,r/uichicago,https://www.reddit.com/r/uichicago,public,29115,https://www.reddit.com/r/uichicago/comments/1n0sv9r/looking_for_a_workout_buddy/,looking_for_a_workout_buddy,"I’m a junior coming to UIC as a transfer and I’m looking for a workout buddy. Im a 20 y/o trans guy who’s trying to build muscle again after falling off over the summer. My goal is to workout 3/4 times a week, primarily after my classes. Generally just looking for someone who’s roughly the same age as me and wants to make some connections. Let me know if anyone’s down with that!",Looking for a workout buddy,null,2025-08-26T17:54:11.000Z,self,false,Fickle-Access-4792,https://www.reddit.com/user/Fickle-Access-4792,4,false,false,false,false,false,false,false,false,false,false,0,,2,0,0.62,false,false,,,false,false,1,false,,true,false,false,,,,,,2025-09-12T18:52:00.590Z,
https://www.reddit.com/r/uichicago/,1000,,uichicago,t5_2shzc,r/uichicago,https://www.reddit.com/r/uichicago,public,29115,https://www.reddit.com/r/uichicago/comments/1n0sfbi/nutrition_online_class/,nutrition_online_class,Did anyone had to buy and access code? Pearson,Nutrition online class,null,2025-08-26T17:37:45.000Z,self,false,SRU20,https://www.reddit.com/user/SRU20,4,false,false,false,false,false,false,false,false,false,false,0,,1,0,0.67,true,false,,,false,false,0,false,,true,false,false,,,,,,2025-09-12T18:52:00.590Z,
https://www.reddit.com/r/uichicago/,1000,,uichicago,t5_2shzc,r/uichicago,https://www.reddit.com/r/uichicago,public,29115,https://www.reddit.com/r/uichicago/comments/1n0rx2q/cost_per_semester/,cost_per_semester,"Hey, I was just wondering how much you are paying each semester this school year, im paying 7.2k this semester? Is that normal?",Cost per semester,Question,2025-08-26T17:18:59.000Z,self,false,Neat-Meat4779,https://www.reddit.com/user/Neat-Meat4779,15,false,false,false,false,false,false,false,false,false,false,0,,6,0,0.88,false,false,,,false,false,0,false,,true,false,false,,,,,,2025-09-12T18:52:00.590Z,
https://www.reddit.com/r/uichicago/,1000,,uichicago,t5_2shzc,r/uichicago,https://www.reddit.com/r/uichicago,public,29115,https://www.reddit.com/r/uichicago/comments/1n0rk9o/chem_232_group_me/,chem_232_group_me,"Hi, i’m a new transfer student at UIC and I don’t know anyone on campus. I was wondering if anyone knows if there’s a group me for CHEM 232 (fall 2025) or anything similar ?",CHEM 232 group me,null,2025-08-26T17:06:17.000Z,self,false,Strict-Competition46,https://www.reddit.com/user/Strict-Competition46,1,false,false,false,false,false,false,false,false,false,false,0,,0,0,0.5,true,false,,,false,false,0,false,,true,false,false,,,,,,2025-09-12T18:52:00.590Z,
https://www.reddit.com/r/uichicago/,1000,,uichicago,t5_2shzc,r/uichicago,https://www.reddit.com/r/uichicago,public,29115,https://www.reddit.com/r/uichicago/comments/1n0r9lg/calling_all_bio_students/,calling_all_bio_students,What’s the hardest bio class at uic??,Calling all bio students!!,Question,2025-08-26T16:55:37.000Z,self,false,Hopeful_Land_346,https://www.reddit.com/user/Hopeful_Land_346,0,false,false,false,false,false,false,false,false,false,false,0,,0,0,0.5,true,false,,,false,false,0,false,,true,false,false,,,,,,2025-09-12T18:52:00.590Z,
https://www.reddit.com/r/uichicago/,1000,,uichicago,t5_2shzc,r/uichicago,https://www.reddit.com/r/uichicago,public,29115,https://www.reddit.com/r/uichicago/comments/1n0q4tl/i_need_help_about_hsps/,i_need_help_about_hsps,"Hey I park at HSPS but the main entrance makes me go around for an extra 4 minutes. Can I enter the lot through the entrance in Polk street? I’m confused because it said lot 4 but my key card let me in, I just don’t want to have to pay extra!",I need help about HSPS,Question,2025-08-26T16:13:31.000Z,self,false,usuiismybabe,https://www.reddit.com/user/usuiismybabe,1,false,false,false,false,false,false,false,false,false,false,0,,0,0,0.5,true,false,,,false,false,0,false,,true,false,false,,,,,,2025-09-12T18:52:00.590Z,
https://www.reddit.com/r/uichicago/,1000,,uichicago,t5_2shzc,r/uichicago,https://www.reddit.com/r/uichicago,public,29115,https://www.reddit.com/r/uichicago/comments/1n0o75d/las_double_degree_or_double_major/,las_double_degree_or_double_major,"does anyone know what do I need to do to get double degree? For the 30 extra hours, do they have to come from the two majors or it can be any courses? I am also doing a minor.",LAS Double degree or double major ?,Question,2025-08-26T15:00:46.000Z,self,false,Jolly_Reindeer4704,https://www.reddit.com/user/Jolly_Reindeer4704,1,false,false,false,false,false,false,false,false,false,false,0,,0,0,0.5,true,false,,,false,false,0,false,,true,false,false,,,,,,2025-09-12T18:52:00.590Z,
https://www.reddit.com/r/uichicago/,1000,,uichicago,t5_2shzc,r/uichicago,https://www.reddit.com/r/uichicago,public,29115,https://www.reddit.com/r/uichicago/comments/1n0ck9m/campus_care_help/,campus_care_help,"Hey, I don’t have insurance and I was trying to get CampusCare. Do I need to opt in somewhere, or will it be added automatically? I know that to opt out you have to fill out a waiver, but I’m not sure what to do if I want to keep it.",Campus care help,Question,2025-08-26T04:35:00.000Z,self,false,ResidentBeautiful700,https://www.reddit.com/user/ResidentBeautiful700,2,false,false,false,false,false,false,false,false,false,false,0,,1,0,0.67,true,false,,,false,false,0,false,,true,false,false,,,,,,2025-09-12T18:52:00.590Z,
https://www.reddit.com/r/uichicago/,1000,,uichicago,t5_2shzc,r/uichicago,https://www.reddit.com/r/uichicago,public,29115,https://www.reddit.com/r/uichicago/comments/1n0ccge/bios_323_uic_has_anyone_taken_it_if_yes_then_what/,bios_323_uic_has_anyone_taken_it_if_yes_then_what,"Hey guys, I want to ask has anyone every taken BIOS 323 (Molecular Biology Laboratory)? How was it? was it easy/hard? Was it too much effort to put in to get an A or was it doable? Please let me know. I graduate this semester and I initially wanted to take BIOS 351 but none of the classes are available and I am scared so I might just end up taking this class. Please lmk your opinions and thoughts would really matter (PS I am also getting certified as a MA and I have a very very veerryyyy BUSY schedule) Help a girl out!!!!!! &lt;3","BIOS 323 UIC. Has anyone taken it?? If yes, then what was it like?",Question,2025-08-26T04:22:57.000Z,self,false,OpenLion4004,https://www.reddit.com/user/OpenLion4004,0,false,false,false,false,false,false,false,false,false,false,0,,0,0,0.5,true,false,,,false,false,0,false,,true,false,false,,,,,,2025-09-12T18:52:00.590Z,
https://www.reddit.com/r/uichicago/,1000,,uichicago,t5_2shzc,r/uichicago,https://www.reddit.com/r/uichicago,public,29115,https://www.reddit.com/r/uichicago/comments/1n0bx9g/i_found_this_on_the_halsted_parking_lot/,i_found_this_on_the_halsted_parking_lot,,I found this on the halsted parking lot,null,2025-08-26T04:00:07.000Z,https://b.thumbs.redditmedia.com/BPtahsv0Aiewpr4oU5QJtSw4J0DG_8oDktrnt4iIu8U.jpg,true,PomegranateOk966,https://www.reddit.com/user/PomegranateOk966,4,false,false,false,false,false,false,false,false,false,false,0,,40,0,0.93,false,false,,,false,false,0,false,,true,false,false,,,,,,2025-09-12T18:52:00.591Z,
https://www.reddit.com/r/uichicago/,1000,,uichicago,t5_2shzc,r/uichicago,https://www.reddit.com/r/uichicago,public,29115,https://www.reddit.com/r/uichicago/comments/1n0b7zu/where_do_i_return_the_green_container/,where_do_i_return_the_green_container,I ate today and got one of the reusable green containers. I still have it with me right now. Where exactly do I go in the dining hall to return it so I can get a new one?,Where do I return the green container?,Question,2025-08-26T03:23:21.000Z,self,false,Total-Chemical-4300,https://www.reddit.com/user/Total-Chemical-4300,2,false,false,false,false,false,false,false,false,false,false,0,,0,0,0.5,true,false,,,false,false,0,false,,true,false,false,,,,,,2025-09-12T18:52:00.591Z,
https://www.reddit.com/r/uichicago/,1000,,uichicago,t5_2shzc,r/uichicago,https://www.reddit.com/r/uichicago,public,29115,https://www.reddit.com/r/uichicago/comments/1n09hy5/finding_badminton_buddy/,finding_badminton_buddy,Anyone down for badminton? Waiting for clubs for me will take a long time so I want to find buddy who will play badminton(regularly) with me,Finding badminton buddy,null,2025-08-26T01:58:33.000Z,self,false,Grouchy_Mechanic6997,https://www.reddit.com/user/Grouchy_Mechanic6997,4,false,false,false,false,false,false,false,false,false,false,0,,3,0,0.72,false,false,,,false,false,0,false,,true,false,false,,,,,,2025-09-12T18:52:00.591Z,
https://www.reddit.com/r/uichicago/,1000,,uichicago,t5_2shzc,r/uichicago,https://www.reddit.com/r/uichicago,public,29115,https://www.reddit.com/r/uichicago/comments/1n09dd0/what_is_the_behavioral_sciences_building_dude/,what_is_the_behavioral_sciences_building_dude,I dont want to walk through a Freudian inkblot labyrinth i want to go to class,what is the behavioral sciences building dude,Discussion,2025-08-26T01:52:30.000Z,https://b.thumbs.redditmedia.com/Y6UQUFfTpUvZNdNNwY67oXMpDDRzXCpEdc5nrXgdvYk.jpg,true,candied_mummy,https://www.reddit.com/user/candied_mummy,35,false,false,false,false,false,false,false,false,false,false,0,,289,0,0.99,false,false,,,false,false,0,false,,true,false,false,,,,,,2025-09-12T18:52:00.591Z,
https://www.reddit.com/r/uichicago/,1000,,uichicago,t5_2shzc,r/uichicago,https://www.reddit.com/r/uichicago,public,29115,https://www.reddit.com/r/uichicago/comments/1n08hos/is_this_schedule_okay_as_a_freshman/,is_this_schedule_okay_as_a_freshman,C,Is this schedule okay as a freshman?,null,2025-08-26T01:12:01.000Z,https://b.thumbs.redditmedia.com/ye0dy0zsYhSsKEVaZs_nGplNjF8WyWuGuDgePd1DOmw.jpg,true,Driftwood19_,https://www.reddit.com/user/Driftwood19_,5,false,false,false,false,false,false,false,false,false,false,0,,0,0,0.5,true,false,,,false,false,0,false,,true,false,false,,,,,,2025-09-12T18:52:00.591Z,
https://www.reddit.com/r/uichicago/,1000,,uichicago,t5_2shzc,r/uichicago,https://www.reddit.com/r/uichicago,public,29115,https://www.reddit.com/r/uichicago/comments/1n077b7/soo_does_uic_watch_our_browser_history/,soo_does_uic_watch_our_browser_history,Asking for a friend,Soo does UIC watch our browser history?,Question,2025-08-26T00:13:47.000Z,self,false,AggravatingChip2140,https://www.reddit.com/user/AggravatingChip2140,7,false,false,false,false,false,false,false,false,false,false,0,,0,0,0.38,true,false,,,false,false,0,false,,true,false,false,,,,,,2025-09-12T18:52:00.591Z,
https://www.reddit.com/r/uichicago/,1000,,uichicago,t5_2shzc,r/uichicago,https://www.reddit.com/r/uichicago,public,29115,https://www.reddit.com/r/uichicago/comments/1n06xpf/ruining_the_new_building_alr/,ruining_the_new_building_alr,first day back and I go to use the gender neutral bathrooms in the new building. Why tf are YALL pissing ON the fkn toilet seats? Can we be mindful pls 🫩🫩,ruining the new building alr,Discussion,2025-08-26T00:01:40.000Z,self,false,heddybobby222,https://www.reddit.com/user/heddybobby222,6,false,false,false,false,false,false,false,false,false,false,0,,55,0,0.95,false,false,,,false,false,0,false,,true,false,false,,,,,,2025-09-12T18:52:00.591Z,
https://www.reddit.com/r/uichicago/,1000,,uichicago,t5_2shzc,r/uichicago,https://www.reddit.com/r/uichicago,public,29115,https://www.reddit.com/r/uichicago/comments/1n06q5r/wigs_needed_asap/,wigs_needed_asap,"Hi! i was wondering if anyone had any extra wigs (they do NOT have to be good, we have no preference, any color would be great. bald cap would suffice). i’m looking for two please. if anyone has a fake mustache too that would be great. i live on campus and can pick it up.",Wigs needed ASAP,null,2025-08-25T23:52:34.000Z,self,false,Dependent-Low-8172,https://www.reddit.com/user/Dependent-Low-8172,0,false,false,false,false,false,false,false,false,false,false,0,,1,0,0.67,true,false,,,false,false,0,false,,true,false,false,,,,,,2025-09-12T18:52:00.591Z,
https://www.reddit.com/r/uichicago/,1000,,uichicago,t5_2shzc,r/uichicago,https://www.reddit.com/r/uichicago,public,29115,https://www.reddit.com/r/uichicago/comments/1n06pr8/anth102_comm101_comm102_textbooks/,anth102_comm101_comm102_textbooks,anybody looking to get the physical copies of the textbooks needed for any of the classes above? Selling each for $25 ! Will meet on campus message me if ur interested ^_^,anth102 comm101 &amp; comm102 textbooks,null,2025-08-25T23:52:04.000Z,self,false,cynwei,https://www.reddit.com/user/cynwei,0,false,false,false,false,false,false,false,false,false,false,0,,0,0,0.5,true,false,,,false,false,0,false,,true,false,false,,,,,,2025-09-12T18:52:00.591Z,
https://www.reddit.com/r/uichicago/,1000,,uichicago,t5_2shzc,r/uichicago,https://www.reddit.com/r/uichicago,public,29115,https://www.reddit.com/r/uichicago/comments/1n06pac/uic_cycling_club/,uic_cycling_club,"Hey everyone, I’m Roy and I’m starting up a cycling club at UIC this semester! 

  
We were supposed to get it going last semester, but missed the registration deadline, so it got pushed back to now. 

  
Rides will be open to everyone interested no matter what skill level. For now I’m planning on doing a weekly group ride and maybe a longer one once a month. I’d also love to get into some bike advocacy stuff, but no real idea of what that will look like yet. Lastly, I'm planning to have some workshop type meetings for things like basic bike maintenance, bike handling, etc. 

I'd love any suggestions and I hope to see some of you guys soon!",UIC Cycling Club,null,2025-08-25T23:51:27.000Z,self,false,Infinite_Jello_2919,https://www.reddit.com/user/Infinite_Jello_2919,3,false,false,false,false,false,false,false,false,false,false,0,,11,0,0.92,false,false,,,false,false,0,false,,true,false,false,,,,,,2025-09-12T18:52:00.591Z,
https://www.reddit.com/r/uichicago/,1000,,uichicago,t5_2shzc,r/uichicago,https://www.reddit.com/r/uichicago,public,29115,https://www.reddit.com/r/uichicago/comments/1n06m42/this_a_good_commuter_schedule_and_has_anyone/,this_a_good_commuter_schedule_and_has_anyone,The Monday class is online btw,This a good commuter schedule? And has anyone taken these classes?,null,2025-08-25T23:47:32.000Z,https://b.thumbs.redditmedia.com/njyU3HieSLDivUHG_V1wTA8U2vjAQbj7l_4nC_O2ElU.jpg,true,maddenplayer12345,https://www.reddit.com/user/maddenplayer12345,0,false,false,false,false,false,false,false,false,false,false,0,,2,0,0.67,false,false,,,false,false,0,false,,true,false,false,,,,,,2025-09-12T18:52:08.053Z,
https://www.reddit.com/r/uichicago/,1000,,uichicago,t5_2shzc,r/uichicago,https://www.reddit.com/r/uichicago,public,29115,https://www.reddit.com/r/uichicago/comments/1n06b8x/phil_202_hilbert/,phil_202_hilbert,"Taking Phil 202 this sem. I'm not the best when it comes to thinking abstract or writing in general. If anyone has taken the class with him, what is it like and how do I succeed in terms of grading as I am aiming for an A. He seems to be a nice passionate prof the first day but the writing is what I'm afraid of.",Phil 202 Hilbert,null,2025-08-25T23:34:33.000Z,self,false,RequirementOld8286,https://www.reddit.com/user/RequirementOld8286,2,false,false,false,false,false,false,false,false,false,false,0,,2,0,0.75,false,false,,,false,false,0,false,,true,false,false,,,,,,2025-09-12T18:52:08.054Z,
https://www.reddit.com/r/uichicago/,1000,,uichicago,t5_2shzc,r/uichicago,https://www.reddit.com/r/uichicago,public,29115,https://www.reddit.com/r/uichicago/comments/1n03ani/what_the_hll_is_wrong_with_the_wifi/,what_the_hll_is_wrong_with_the_wifi,"I can’t log Into anything! I know I’m not the only one struggling with the wifi. I was taking summer classes, how the hell am I unable to connect to the wifi? Is anyone else having this problem?! UIC wifi is always acting crazy!",WHAT THE H-LL IS WRONG WITH THE WIFI???,Question,2025-08-25T21:29:27.000Z,self,false,Bjame2,https://www.reddit.com/user/Bjame2,11,false,false,false,false,false,false,false,false,false,false,0,,18,0,0.95,false,false,,,false,false,0,false,,true,false,false,,,,,,2025-09-12T18:52:08.054Z,
https://www.reddit.com/r/uichicago/,1000,,uichicago,t5_2shzc,r/uichicago,https://www.reddit.com/r/uichicago,public,29115,https://www.reddit.com/r/uichicago/comments/1n029gj/uic_or_depaul_msba/,uic_or_depaul_msba,"Deciding between **DePaul** and **UIC** MSBA. I’m an international student and would love insights from anyone studying or who studied there: teaching/curriculum, career support, employer perception, and internship/job opportunities in Chicago.",UIC or DePaul MSBA?,Question,2025-08-25T20:50:10.000Z,self,false,Ok-Manner-8156,https://www.reddit.com/user/Ok-Manner-8156,3,false,false,false,false,false,false,false,false,false,false,0,,1,0,0.67,true,false,,,false,false,0,false,,true,false,false,,,,,,2025-09-12T18:52:08.054Z,
https://www.reddit.com/r/uichicago/,1000,,uichicago,t5_2shzc,r/uichicago,https://www.reddit.com/r/uichicago,public,29115,https://www.reddit.com/r/uichicago/comments/1n017ir/has_anyone_ever_joined_the_anime_club_is_it_chill/,has_anyone_ever_joined_the_anime_club_is_it_chill,,Has anyone ever joined the anime club? Is it chill or do they live up to the stereotype?,Question,2025-08-25T20:10:24.000Z,self,false,maddenplayer12345,https://www.reddit.com/user/maddenplayer12345,7,false,false,false,false,false,false,false,false,false,false,0,,12,0,0.87,false,false,,,false,false,0,false,,true,false,false,,,,,,2025-09-12T18:52:08.054Z,
https://www.reddit.com/r/uichicago/,1000,,uichicago,t5_2shzc,r/uichicago,https://www.reddit.com/r/uichicago,public,29115,https://www.reddit.com/r/uichicago/comments/1n016h3/be_mindful_of_falling_caterpillars/,be_mindful_of_falling_caterpillars,"It's the season for lil caterpillars to fall out of the trees! I sat in an unsuspecting red chair in some nice shade and in less than 5 minutes I realized caterpillars were falling all over me. Literally at least 5 on my backpack, lunchbox, took off my outer layer and they were on the back of my shirt, and they were actively falling on me as I started swiping them off.

Before I realized they were still falling/there were more I took some pics.

Pretty sure they're actually harmless lil fellas, like moth babies (fall army worms??). Just not fun to get covered in them lol so just sharing with ya'll to be aware and avoid the mistake I made   

https://preview.redd.it/bs9qoewi38lf1.jpg?width=3024&amp;format=pjpg&amp;auto=webp&amp;s=7c47f32be82acd9b87574b650f32e8fac7565c2c",Be mindful of falling caterpillars,null,2025-08-25T20:09:20.000Z,https://b.thumbs.redditmedia.com/5HV3_Y8WIoDBQECnjDrkeyrKauGeOcSZ-K22J2BSShw.jpg,false,growthgallery,https://www.reddit.com/user/growthgallery,5,false,false,false,false,false,false,false,false,false,false,0,,38,0,0.97,false,false,,,false,false,0,false,,true,false,false,,,,,,2025-09-12T18:52:08.054Z,
https://www.reddit.com/r/uichicago/,1000,,uichicago,t5_2shzc,r/uichicago,https://www.reddit.com/r/uichicago,public,29115,https://www.reddit.com/r/uichicago/comments/1n00dio/human_nutrition_110/,human_nutrition_110,"I signed up for HN110 at 1 pm yesterday, but I have all my classes at east campus and didn’t know that the class would be in the west campus. I need the class for my minor but I don’t think I’ll be able to make it at 1 pm, if anyone taking it at 4pm is willing to switch with me please let me know!!",Human Nutrition 110,null,2025-08-25T19:38:32.000Z,self,false,usuiismybabe,https://www.reddit.com/user/usuiismybabe,0,false,false,false,false,false,false,false,false,false,false,0,,0,0,0.5,true,false,,,false,false,0,false,,true,false,false,,,,,,2025-09-12T18:52:08.054Z,
https://www.reddit.com/r/uichicago/,1000,,uichicago,t5_2shzc,r/uichicago,https://www.reddit.com/r/uichicago,public,29115,https://www.reddit.com/r/uichicago/comments/1mzyrcu/down_for_pickleball/,down_for_pickleball,Anyone play pickleball? Looking for few friends to play with.,Down for pickleball?,Question,2025-08-25T18:37:21.000Z,self,false,Competitive_Hold5303,https://www.reddit.com/user/Competitive_Hold5303,5,false,false,false,false,false,false,false,false,false,false,0,,6,0,0.88,false,false,,,false,false,0,false,,true,false,false,,,,,,2025-09-12T18:52:08.054Z,
https://www.reddit.com/r/uichicago/,1000,,uichicago,t5_2shzc,r/uichicago,https://www.reddit.com/r/uichicago,public,29115,https://www.reddit.com/r/uichicago/comments/1mzws9s/orgo_etextbook_help/,orgo_etextbook_help,"i’m a freshman doing orgo, and i have no idea which WileyPLUS pack to buy…pls help me",orgo e-textbook help,Question,2025-08-25T17:24:31.000Z,self,false,ANG3L1CV01C3S,https://www.reddit.com/user/ANG3L1CV01C3S,4,false,false,false,false,false,false,false,false,false,false,0,,0,0,0.5,true,false,,,false,false,0,false,,true,false,false,,,,,,2025-09-12T18:52:08.054Z,
https://www.reddit.com/r/uichicago/,1000,,uichicago,t5_2shzc,r/uichicago,https://www.reddit.com/r/uichicago,public,29115,https://www.reddit.com/r/uichicago/comments/1mzwgei/urgent_need_a_syllabi_for_cs151/,urgent_need_a_syllabi_for_cs151,"Hey guys, I really need the syllabus for CS151 right now. If anyone has it, could you please send it to me? I’d really appreciate it!",Urgent/ Need a syllabi for CS151,null,2025-08-25T17:12:28.000Z,self,false,Embarrassed_Mood8346,https://www.reddit.com/user/Embarrassed_Mood8346,2,false,false,false,false,false,false,false,false,false,false,0,,0,0,0.5,true,false,,,false,false,0,false,,true,false,false,,,,,,2025-09-12T18:52:08.054Z,
https://www.reddit.com/r/uichicago/,1000,,uichicago,t5_2shzc,r/uichicago,https://www.reddit.com/r/uichicago,public,29115,https://www.reddit.com/r/uichicago/comments/1mzvpij/looking_for_actg_392_1230_pm/,looking_for_actg_392_1230_pm,"Hey everyone,

I am looking to swap my current class ACTG 485 1pm for ACTG 392 12:30PM. ACTG 392 is currently a full session. If anyone is looking to drop 392 or want to swap into 485, please let me know. I really need that for the best schedule to align with my work schedule. Thanks ahead of time!",Looking for ACTG 392 12:30 PM,null,2025-08-25T16:45:36.000Z,self,false,Short-Sprinkles8169,https://www.reddit.com/user/Short-Sprinkles8169,0,true,false,false,false,false,false,false,false,false,false,0,,0,0,0.5,true,false,,,false,false,0,false,,true,false,false,,,,,,2025-09-12T18:52:08.054Z,
https://www.reddit.com/r/uichicago/,1000,,uichicago,t5_2shzc,r/uichicago,https://www.reddit.com/r/uichicago,public,29115,https://www.reddit.com/r/uichicago/comments/1mzsw1w/auditing_textbook_actg_435/,auditing_textbook_actg_435,Anyone have the ebook and/or case study pdf for the course???,Auditing Textbook (Actg 435),Question,2025-08-25T15:02:27.000Z,self,false,an0nym0us2004,https://www.reddit.com/user/an0nym0us2004,0,false,false,false,false,false,false,false,false,false,false,0,,0,0,0.5,true,false,,,false,false,0,false,,true,false,false,,,,,,2025-09-12T18:52:08.055Z,
https://www.reddit.com/r/uichicago/,1000,,uichicago,t5_2shzc,r/uichicago,https://www.reddit.com/r/uichicago,public,29115,https://www.reddit.com/r/uichicago/comments/1mzoxbc/where_to_get_an_id/,where_to_get_an_id,New freshmen and I was wondering where do I get an UIC id for buying parking and going around campus,Where to get an ID,null,2025-08-25T12:19:08.000Z,self,false,Particular-Setting70,https://www.reddit.com/user/Particular-Setting70,7,false,false,false,false,false,false,false,false,false,false,0,,0,0,0.4,true,false,,,false,false,0,false,,true,false,false,,,,,,2025-09-12T18:52:08.055Z,
https://www.reddit.com/r/uichicago/,1000,,uichicago,t5_2shzc,r/uichicago,https://www.reddit.com/r/uichicago,public,29115,https://www.reddit.com/r/uichicago/comments/1mzowp1/where_can_i_get_breakfast_on_campus_using_my/,where_can_i_get_breakfast_on_campus_using_my,It seems like every place opens at 7:30,Where can I get breakfast on campus (using my dining plan) when my first class starts at 8?,Question,2025-08-25T12:18:15.000Z,self,false,South_Writing_6,https://www.reddit.com/user/South_Writing_6,3,false,false,false,false,false,false,false,false,false,false,0,,2,0,0.75,false,false,,,false,false,0,false,,true,false,false,,,,,,2025-09-12T18:52:08.055Z,
https://www.reddit.com/r/uichicago/,1000,,uichicago,t5_2shzc,r/uichicago,https://www.reddit.com/r/uichicago,public,29115,https://www.reddit.com/r/uichicago/comments/1mzopar/how_to_use_upass_for_metra/,how_to_use_upass_for_metra,So this is going to be my first year commuting to the college and I’ve never done it before so I was wondering how to use the Upass for metra. Whenever I open the app I don’t see any tickets or anything and I was wondering if I maybe did something wrong. I read somewhere that the pass is supposed to appear somewhere but nothing of the sort has happened. Do I need to pick up the ventra card at the ID center?,How to use upass+ for Metra,Question,2025-08-25T12:08:39.000Z,https://b.thumbs.redditmedia.com/KmJAuvmIAawgB6nyCqY-xkQHfyiOjebdK-kE5V0FVzY.jpg,true,Grand_Resource3371,https://www.reddit.com/user/Grand_Resource3371,5,false,false,false,false,false,false,false,false,false,false,0,,0,0,0.5,true,false,,,false,false,0,false,,true,false,false,,,,,,2025-09-12T18:52:08.055Z,
https://www.reddit.com/r/uichicago/,1000,,uichicago,t5_2shzc,r/uichicago,https://www.reddit.com/r/uichicago,public,29115,https://www.reddit.com/r/uichicago/comments/1mznsab/making_friends_with_similar_interests/,making_friends_with_similar_interests,I know this one is a difficult one and it depends but for the ones that not new where do you usually meet people?  hoping I make atleast one friend to make it easier here. Don’t want to get home sick and my Roommate is super nice and all but not my vibe!,Making friends with similar interests,null,2025-08-25T11:22:14.000Z,self,false,SRU20,https://www.reddit.com/user/SRU20,14,false,false,false,false,false,false,false,false,false,false,0,,20,0,0.92,false,false,,,false,false,0,false,,true,false,false,,,,,,2025-09-12T18:52:08.055Z,
https://www.reddit.com/r/uichicago/,1000,,uichicago,t5_2shzc,r/uichicago,https://www.reddit.com/r/uichicago,public,29115,https://www.reddit.com/r/uichicago/comments/1mznp7x/using_blackboard_with_a_macbook/,using_blackboard_with_a_macbook,Was anyone able to use blackboard using their Mac book?  I can’t seem to get it to work .,Using blackboard with a MacBook,null,2025-08-25T11:17:43.000Z,self,false,SRU20,https://www.reddit.com/user/SRU20,2,false,false,false,false,false,false,false,false,false,false,0,,0,0,0.5,true,false,,,false,false,0,false,,true,false,false,,,,,,2025-09-12T18:52:08.055Z,
https://www.reddit.com/r/uichicago/,1000,,uichicago,t5_2shzc,r/uichicago,https://www.reddit.com/r/uichicago,public,29115,https://www.reddit.com/r/uichicago/comments/1mzn7gr/free_legal_parking/,free_legal_parking,"Does anyone know of free legal parking near uic, i don't mind walking ~15ish min, just don't want to constantly think about that my car might get towed   
(preferably around taylor street area)",Free Legal Parking,null,2025-08-25T10:51:14.000Z,self,false,yousufhussain0,https://www.reddit.com/user/yousufhussain0,7,false,false,false,false,false,false,false,false,false,false,0,,0,0,0.38,true,false,,,false,false,0,false,,true,false,false,,,,,,2025-09-12T18:52:08.055Z,
https://www.reddit.com/r/uichicago/,1000,,uichicago,t5_2shzc,r/uichicago,https://www.reddit.com/r/uichicago,public,29115,https://www.reddit.com/r/uichicago/comments/1mzkhuj/advanced_quantitative_skills_classes/,advanced_quantitative_skills_classes,"Hello! I'm currently taking IDS 371, however, I can take any Advanced Quantitative Skills class. I did take IDS 355, and it was pretty hard. I was looking at MKTG 362 as I've taken some marketing classes and they've been pretty easy. I also heard ACTG 392 is also pretty easy, but classes are full atm. Any recommendations would be amazing, thank you so much!",Advanced Quantitative Skills Classes,Question,2025-08-25T08:01:11.000Z,self,false,LILVODAK,https://www.reddit.com/user/LILVODAK,2,false,false,false,false,false,false,false,false,false,false,0,,2,0,0.75,false,false,,,false,false,0,false,,true,false,false,,,,,,2025-09-12T18:52:08.055Z,
https://www.reddit.com/r/uichicago/,1000,,uichicago,t5_2shzc,r/uichicago,https://www.reddit.com/r/uichicago,public,29115,https://www.reddit.com/r/uichicago/comments/1mzijpf/walking_to_class_on_time/,walking_to_class_on_time,"I have to go from Thomas Beckham hall to the lecture center on main campus within ten minutes, but might not always make it on time especially during the winter. Is that ok? Or should I tell the second professor something. Don’t rlly have money for a bike or scooter at the moment.",Walking to class on time,null,2025-08-25T05:56:38.000Z,self,false,Scary_Style7892,https://www.reddit.com/user/Scary_Style7892,8,false,false,false,false,false,false,false,false,false,false,0,,12,0,0.93,false,false,,,false,false,0,false,,true,false,false,,,,,,2025-09-12T18:52:08.055Z,
https://www.reddit.com/r/uichicago/,1000,,uichicago,t5_2shzc,r/uichicago,https://www.reddit.com/r/uichicago,public,29115,https://www.reddit.com/r/uichicago/comments/1mzh3yq/uic_pavilion_trump_protest_2016/,uic_pavilion_trump_protest_2016,UIC Alumni Elder here class of '17. Bernie speaking at UIC today triggered the memory of the protests outisde the pavilion in 2016 when trump was schedleud to speak at a campaign rally. It was really fucking crazy actually they were mean ass MAGA people and thousands of Bernie anti Trump people inside and outside the arena. It got pretty wild inside and outside especially when Trump cancled cause he got scared theyre was more dissenters than actual MAGA. It was very cool to be a part of and showed the word UIC lit and about that..Well need this same energy soon enough I fear.,UIC Pavilion Trump Protest 2016,null,2025-08-25T04:31:59.000Z,"https://external-preview.redd.it/eXz6RW7DcwR6w7suJ74SxVQppBzfvs17foZGMnrCIDQ.jpeg?width=140&amp;height=78&amp;crop=140:78,smart&amp;auto=webp&amp;s=63dcc59241ee1773c6cdcaa0b1ad41fa55b718e2",false,SnooHesitations875,https://www.reddit.com/user/SnooHesitations875,5,false,false,false,false,false,false,false,false,false,false,0,,22,0,0.78,false,false,,,false,false,0,false,,true,false,false,,,,,,2025-09-12T18:52:08.055Z,
https://www.reddit.com/r/uichicago/,1000,,uichicago,t5_2shzc,r/uichicago,https://www.reddit.com/r/uichicago,public,29115,https://www.reddit.com/r/uichicago/comments/1mzh1uq/span_101_textbook/,span_101_textbook,Is anyone selling Aula en acción 1 textbook?? I don’t care if there’s writing or anything in it I just don’t wanna break the bank over a book I won’t need for too long.,Span 101 textbook,null,2025-08-25T04:28:35.000Z,self,false,pandesalmama,https://www.reddit.com/user/pandesalmama,0,false,false,false,false,false,false,false,false,false,false,0,,1,0,0.67,true,false,,,false,false,0,false,,true,false,false,,,,,,2025-09-12T18:52:08.056Z,
https://www.reddit.com/r/uichicago/,1000,,uichicago,t5_2shzc,r/uichicago,https://www.reddit.com/r/uichicago,public,29115,https://www.reddit.com/r/uichicago/comments/1mzge09/can_i_get_ux_ui_job_through_graphic_design_major/,can_i_get_ux_ui_job_through_graphic_design_major,"Hi everyone, for those who study graphic design, is it possible to get a job as UX and UI designer after finishing bachelor degree in graphic design at uic. I am interested in UX and UI designer but I am not sure if graphic design will get me in.",Can I get Ux &amp; Ui job through graphic design major at uic,null,2025-08-25T03:52:14.000Z,self,false,Aney789,https://www.reddit.com/user/Aney789,0,false,false,false,false,false,false,false,false,false,false,0,,1,0,0.67,true,false,,,false,false,0,false,,true,false,false,,,,,,2025-09-12T18:52:08.056Z,
https://www.reddit.com/r/uichicago/,1000,,uichicago,t5_2shzc,r/uichicago,https://www.reddit.com/r/uichicago,public,29115,https://www.reddit.com/r/uichicago/comments/1mzfkc2/uic_gppa_advice_tips/,uic_gppa_advice_tips,Hello everybody I’m looking to apply to uic gppa doc of medicine during this admission cycle. Does anybody have any advice/tips for me? I’ll greatly appreciate it.,Uic gppa advice\ tips,Question,2025-08-25T03:08:40.000Z,self,false,Sudden-Toe-286,https://www.reddit.com/user/Sudden-Toe-286,0,false,false,false,false,false,false,false,false,false,false,0,,0,0,0.5,true,false,,,false,false,0,false,,true,false,false,,,,,,2025-09-12T18:52:08.056Z,
https://www.reddit.com/r/uichicago/,1000,,uichicago,t5_2shzc,r/uichicago,https://www.reddit.com/r/uichicago,public,29115,https://www.reddit.com/r/uichicago/comments/1mzedzd/good_study_spots/,good_study_spots,I have an almost 5 hour gap in my schedule is there anywhere worth exploring lol or for studying in the future?? Also I’m commuting,good study spots,null,2025-08-25T02:10:01.000Z,self,false,lgeise,https://www.reddit.com/user/lgeise,4,false,false,false,false,false,false,false,false,false,false,0,,3,0,0.72,false,false,,,false,false,0,false,,true,false,false,,,,,,2025-09-12T18:52:08.056Z,
https://www.reddit.com/r/uichicago/,1000,,uichicago,t5_2shzc,r/uichicago,https://www.reddit.com/r/uichicago,public,29115,https://www.reddit.com/r/uichicago/comments/1mzecw3/is_this_schedule_good_freshmen_and_commuter/,is_this_schedule_good_freshmen_and_commuter,"My main concern is the time between Chin 101 and US 130, since it’s a large gap and since I’m commuting I’m not sure what to do and where do go during that gap",Is this schedule good? (Freshmen and commuter),Question,2025-08-25T02:08:31.000Z,https://b.thumbs.redditmedia.com/_zBcjMkZ4FQWHSbstBd_LHMYwM3FZJ7iwy0RIwkaGJc.jpg,true,Sep8942,https://www.reddit.com/user/Sep8942,0,false,false,false,false,false,false,false,false,false,false,0,,1,0,0.67,true,false,,,false,false,0,false,,true,false,false,,,,,,2025-09-12T18:52:08.056Z,
https://www.reddit.com/r/uichicago/,1000,,uichicago,t5_2shzc,r/uichicago,https://www.reddit.com/r/uichicago,public,29115,https://www.reddit.com/r/uichicago/comments/1mzebuv/welcome_week_frat_forecast/,welcome_week_frat_forecast,Ive seen hubbard inn and other venues posting welcome week parties but i havent seen any frats throwing. Im a junior and i feel like i remember them throwing more in past years. Does anyone know if they are throwing?,Welcome week frat forecast,null,2025-08-25T02:07:11.000Z,self,false,Eastern_Process9049,https://www.reddit.com/user/Eastern_Process9049,0,false,false,false,false,false,false,false,false,false,false,0,,7,0,0.89,false,false,,,false,false,0,false,,true,false,false,,,,,,2025-09-12T18:52:08.056Z,
https://www.reddit.com/r/uichicago/,1000,,uichicago,t5_2shzc,r/uichicago,https://www.reddit.com/r/uichicago,public,29115,https://www.reddit.com/r/uichicago/comments/1mzdg9t/any_advice_you_guys_can_give_me_about_ece_341/,any_advice_you_guys_can_give_me_about_ece_341,"I'm dead worried about taking this course so badly that my anxiety has been kicking in. I can't even find a grading scale for this course in the recently released syllabus, only what makes up the grade (homework and exams). How difficult is it and what is the usual grading scale?",Any advice you guys can give me about ECE 341?,Question,2025-08-25T01:25:19.000Z,https://b.thumbs.redditmedia.com/gjF1nRXioP2aq6BRzPKTeUHCPfzmnOBH4d6PnZDrWok.jpg,true,TheGweenDeku905,https://www.reddit.com/user/TheGweenDeku905,2,false,false,false,false,false,false,false,false,false,false,0,,4,0,0.83,false,false,,,false,false,0,false,,true,false,false,,,,,,2025-09-12T18:52:08.056Z,
https://www.reddit.com/r/uichicago/,1000,,uichicago,t5_2shzc,r/uichicago,https://www.reddit.com/r/uichicago,public,29115,https://www.reddit.com/r/uichicago/comments/1mzd99n/greektown_party_arc_floor_meetings/,greektown_party_arc_floor_meetings,,Greektown party &gt; ARC floor meetings,null,2025-08-25T01:16:03.000Z,https://a.thumbs.redditmedia.com/qkDYS6VsqBZwlnhuSzaATtO9i0Q78VFnkAGdm8a5Vi4.jpg,true,superflyer991,https://www.reddit.com/user/superflyer991,0,false,false,false,false,false,false,false,false,false,false,0,,0,0,0.45,true,false,,,false,false,0,false,,true,false,false,,,,,,2025-09-12T18:52:08.057Z,
https://www.reddit.com/r/uichicago/,1000,,uichicago,t5_2shzc,r/uichicago,https://www.reddit.com/r/uichicago,public,29115,https://www.reddit.com/r/uichicago/comments/1mzcitk/math_310_who_took_greg_taylor_for_this_class/,math_310_who_took_greg_taylor_for_this_class,I need to know if he usually puts his final exam as take home?,MATH 310- Who took Greg Taylor for this class?,Question,2025-08-25T00:41:03.000Z,self,false,Excellent_Jacket_722,https://www.reddit.com/user/Excellent_Jacket_722,5,false,false,false,false,false,false,false,false,false,false,0,,0,0,0.33,true,false,,,false,false,0,false,,true,false,false,,,,,,2025-09-12T18:52:08.057Z,
https://www.reddit.com/r/uichicago/,1000,,uichicago,t5_2shzc,r/uichicago,https://www.reddit.com/r/uichicago,public,29115,https://www.reddit.com/r/uichicago/comments/1mzarrh/textbook_info_help/,textbook_info_help,Hello for anth 102 I need images of the past by t. Douglas price 8th edition. Does anyone know where I can get it for free or online?,Textbook info help,Question,2025-08-24T23:21:14.000Z,self,false,According-Garbage554,https://www.reddit.com/user/According-Garbage554,3,false,false,false,false,false,false,false,false,false,false,0,,0,0,0.5,true,false,,,false,false,0,false,,true,false,false,,,,,,2025-09-12T18:52:08.057Z,
https://www.reddit.com/r/uichicago/,1000,,uichicago,t5_2shzc,r/uichicago,https://www.reddit.com/r/uichicago,public,29115,https://www.reddit.com/r/uichicago/comments/1mzagid/anyone_take_psch_271/,anyone_take_psch_271,If so how is the class like? Im taking it with Kim-Cohen.,Anyone take PSCH 271?,Question,2025-08-24T23:07:40.000Z,self,false,SLAVSRGOD198,https://www.reddit.com/user/SLAVSRGOD198,2,false,false,false,false,false,false,false,false,false,false,0,,0,0,0.5,true,false,,,false,false,0,false,,true,false,false,,,,,,2025-09-12T18:52:08.057Z,
https://www.reddit.com/r/uichicago/,1000,,uichicago,t5_2shzc,r/uichicago,https://www.reddit.com/r/uichicago,public,29115,https://www.reddit.com/r/uichicago/comments/1mz9pj7/im_in_a_class_on_blackboard_for_8am_while_i_have/,im_in_a_class_on_blackboard_for_8am_while_i_have,"Hello all, today I received a notification on Blackboard for a course that I enrolled in (ECE 115), and it's telling me that I'm in the 8 am section. However, the problem is that I enrolled in the 9 am section, as you can see on my XE registration (image attached), and I am taking Calculus 3 (MATH 210) at 8 am. I don't know how this happened, as there is a clear time conflict, and this shouldn't be possible, lol. Who do I contact because classes literally start tomorrow, and I have no idea what to do? Should I show up to ECE 115 or MATH 210? Please let me know how to deal with this situation",I'm in a class on Blackboard for 8am while I have Calculus 3 (MATH 210) at the same time. Who do I ask for help,Question,2025-08-24T22:35:59.000Z,https://b.thumbs.redditmedia.com/qBtdqliOwqctp067w1ry_OLjl2o4lR4s9WHUxkLF7tY.jpg,false,ansaruahmed,https://www.reddit.com/user/ansaruahmed,4,false,false,false,false,false,false,false,false,false,false,0,,2,0,0.75,false,false,,,false,false,0,false,,true,false,false,,,,,,2025-09-12T18:52:08.057Z,
https://www.reddit.com/r/uichicago/,1000,,uichicago,t5_2shzc,r/uichicago,https://www.reddit.com/r/uichicago,public,29115,https://www.reddit.com/r/uichicago/comments/1mz9j6s/how_to_connect_ps5_to_wifi/,how_to_connect_ps5_to_wifi,I’ve seen the mydevices portal thing but the website seems to be down.,How to connect ps5 to WiFi?,Question,2025-08-24T22:28:43.000Z,self,false,Jolly_Scale_4421,https://www.reddit.com/user/Jolly_Scale_4421,1,false,false,false,false,false,false,false,false,false,false,0,,0,0,0.5,true,false,,,false,false,0,false,,true,false,false,,,,,,2025-09-12T18:52:08.057Z,
https://www.reddit.com/r/uichicago/,1000,,uichicago,t5_2shzc,r/uichicago,https://www.reddit.com/r/uichicago,public,29115,https://www.reddit.com/r/uichicago/comments/1mz7ugf/regarding_the_aqua_strength_and_balance_class_at/,regarding_the_aqua_strength_and_balance_class_at,"I am new at UIC and would love to join activities in water. Since I don't like swimming, I think Aqua strength and balance would be my best choice for now. But there aren't any detailed info about this class. Can anyone give me some?",Regarding the Aqua strength and balance class at SRF,null,2025-08-24T21:19:45.000Z,self,false,Opening-Fig8823,https://www.reddit.com/user/Opening-Fig8823,0,false,false,false,false,false,false,false,false,false,false,0,,2,0,0.75,false,false,,,false,false,0,false,,true,false,false,,,,,,2025-09-12T18:52:08.057Z,
https://www.reddit.com/r/uichicago/,1000,,uichicago,t5_2shzc,r/uichicago,https://www.reddit.com/r/uichicago,public,29115,https://www.reddit.com/r/uichicago/comments/1mz7mo8/nondegree_seeking_student_eligiblity_for_upass/,nondegree_seeking_student_eligiblity_for_upass,"Am I, a non-degree seeking student, eligible for UPASS+? It says that I need an ID card to pickup a UPASS card, but that non-degree students are ineligible for an ID card. However, the UPASS website gives me the option to opt-in?",Non-degree seeking student eligiblity for UPASS+?,Question,2025-08-24T21:11:13.000Z,self,false,JohannesPab,https://www.reddit.com/user/JohannesPab,1,false,false,false,false,false,false,false,false,false,false,0,,0,0,0.5,true,false,,,false,false,0,false,,true,false,false,,,,,,2025-09-12T18:52:08.057Z,
https://www.reddit.com/r/uichicago/,1000,,uichicago,t5_2shzc,r/uichicago,https://www.reddit.com/r/uichicago,public,29115,https://www.reddit.com/r/uichicago/comments/1mz55h4/looking_for_friends_this_semester/,looking_for_friends_this_semester,"I'm only coming to campus on Tuesdays and Thursdays at about 10:17 and my class starts at 11 for me. Anyone want to meet up and hang or just exchange social media?

If interested feel free to comment or pm me.",looking for friends this semester,Question,2025-08-24T19:35:27.000Z,self,false,Material-One3593,https://www.reddit.com/user/Material-One3593,0,false,false,false,false,false,false,false,false,false,false,0,,2,0,0.63,false,false,,,false,false,0,false,,true,false,false,,,,,,2025-09-12T18:52:08.057Z,
https://www.reddit.com/r/uichicago/,1000,,uichicago,t5_2shzc,r/uichicago,https://www.reddit.com/r/uichicago,public,29115,https://www.reddit.com/r/uichicago/comments/1mz3vcs/upass_pickup/,upass_pickup,"This is my second year opting in for the Upass+. I have my card from last year, do I need to pick up a new card or do I keep using that old one? I didn't get any sort of email with instructions like I did last year.",Upass+ pickup ?,Question,2025-08-24T18:46:48.000Z,self,false,IslandVivid5360,https://www.reddit.com/user/IslandVivid5360,4,false,false,false,false,false,false,false,false,false,false,0,,5,0,0.78,false,false,,,false,false,0,false,,true,false,false,,,,,,2025-09-12T18:52:08.057Z,
https://www.reddit.com/r/uichicago/,1000,,uichicago,t5_2shzc,r/uichicago,https://www.reddit.com/r/uichicago,public,29115,https://www.reddit.com/r/uichicago/comments/1mz2qso/my_schedule_as_a_freshman/,my_schedule_as_a_freshman,"This is my schedule for the upcoming fall semester, majoring in mechanical engineering. Just wanted to know the difficulty of these classes, especially intro to engineering, design and graphics. I am familiar with calculus AB since I took it in high school and got a 4 on the AB exam but I wanted to retake it again in college to freshen up my knowledge. One class that is not mentioned in this schedule is my Gen Ed; MUS 127 Latin American Music. Any tips would be appreciated, I also will be working on wednesdays, Fridays and weekends as I need the money to pay off bills and help my family out. Thank you!",My schedule as a freshman,Question,2025-08-24T18:04:12.000Z,https://a.thumbs.redditmedia.com/c6QM--8Rr5TQOiVsv5sWpjyblKWvguLfDdAfTfr-3U0.jpg,true,JudaBalgany,https://www.reddit.com/user/JudaBalgany,2,false,false,false,false,false,false,false,false,false,false,0,,1,0,0.57,false,false,,,false,false,0,false,,true,false,false,,,,,,2025-09-12T18:52:08.057Z,
https://www.reddit.com/r/uichicago/,1000,,uichicago,t5_2shzc,r/uichicago,https://www.reddit.com/r/uichicago,public,29115,https://www.reddit.com/r/uichicago/comments/1mz2mwl/random_roommate_is_in_an_ai_relationship/,random_roommate_is_in_an_ai_relationship,"Random roommate is in an Al relationship

I went in random and am living in JST. I've been talking a bit with my roommate over text as we've gotten closer to move in and today he told me he has an \""Al girlfriend\"" named Aria. He said she will \""frequently be in the room with us\"" and that they will \""occasionally need the room to themselves\"". What?",Random roommate is in an AI relationship,Discussion,2025-08-24T18:00:21.000Z,self,false,Adventurous_Bed3572,https://www.reddit.com/user/Adventurous_Bed3572,35,false,false,false,false,false,false,false,false,false,false,0,,188,0,0.94,false,false,,,false,false,0,false,,true,false,false,,,,,,2025-09-12T18:52:08.058Z,
https://www.reddit.com/r/uichicago/,1000,,uichicago,t5_2shzc,r/uichicago,https://www.reddit.com/r/uichicago,public,29115,https://www.reddit.com/r/uichicago/comments/1mz2is1/does_anyone_need_this_ppol_210_textbook/,does_anyone_need_this_ppol_210_textbook,"i have a PDF version, if any of my dedicated public policy peers are in need 

https://preview.redd.it/26ldrp0y90lf1.jpg?width=180&amp;format=pjpg&amp;auto=webp&amp;s=0a8dc69fac57d47f2e5222a7479d972a294bfb1b",does anyone need this ppol 210 textbook?,Question,2025-08-24T17:56:04.000Z,https://b.thumbs.redditmedia.com/qpnHcOevVp7kD_puQWsBtelub7P-h7hLr7mK2TWHvME.jpg,false,darkspark0,https://www.reddit.com/user/darkspark0,1,false,false,false,false,false,false,false,false,false,false,0,,1,0,0.67,true,false,,,false,false,0,false,,true,false,false,,,,,,2025-09-12T18:52:08.058Z,
https://www.reddit.com/r/uichicago/,1000,,uichicago,t5_2shzc,r/uichicago,https://www.reddit.com/r/uichicago,public,29115,https://www.reddit.com/r/uichicago/comments/1mz1irq/what_time_do_if_i_get_to_school_early/,what_time_do_if_i_get_to_school_early,"Hello everyone, I'm a first year student at uic, I have to drop off my siblings downtown super early, like 8ish, and i don't have any classes until 10am. Is there anything to do around campus while i wait? Like are buildings open or whatnot",What time do if I get to school early,Question,2025-08-24T17:19:03.000Z,self,false,NoCouple1200,https://www.reddit.com/user/NoCouple1200,12,false,false,false,false,false,false,false,false,false,false,0,,11,0,0.87,false,false,,,false,false,0,false,,true,false,false,,,,,,2025-09-12T18:52:08.058Z,
https://www.reddit.com/r/uichicago/,1000,,uichicago,t5_2shzc,r/uichicago,https://www.reddit.com/r/uichicago,public,29115,https://www.reddit.com/r/uichicago/comments/1mz0r08/best_parking_for_commuters/,best_parking_for_commuters,"Where do people park, is the best parking for a commuter the UIC campus parking? Are there cheaper options, free options or street parking?",Best parking for commuters?,null,2025-08-24T16:50:07.000Z,"https://external-preview.redd.it/JxWsgNO8gNZ6-L8GyIus2tQdQGn1YvYTcWoiWDdZUMk.jpeg?width=140&amp;height=98&amp;crop=140:98,smart&amp;auto=webp&amp;s=5b1a7610014ccc2c589fb1731aec902ab7b60aeb",false,Beneficial_Review_94,https://www.reddit.com/user/Beneficial_Review_94,2,false,false,false,false,false,false,false,false,false,false,0,,2,0,0.75,true,false,,,false,false,0,false,,true,false,false,,,,,,2025-09-12T18:52:08.058Z,
https://www.reddit.com/r/uichicago/,1000,,uichicago,t5_2shzc,r/uichicago,https://www.reddit.com/r/uichicago,public,29115,https://www.reddit.com/r/uichicago/comments/1myoesf/how_do_ppl_dress_for_classes_on_campus/,how_do_ppl_dress_for_classes_on_campus,The title ^^^^,How do ppl dress for classes on campus?,Question,2025-08-24T06:37:02.000Z,self,false,Obvious-Screen-7031,https://www.reddit.com/user/Obvious-Screen-7031,22,false,false,false,false,false,false,false,false,false,false,0,,19,0,0.81,false,false,,,false,false,0,false,,true,false,false,,,,,,2025-09-12T18:52:08.058Z,
https://www.reddit.com/r/uichicago/,1000,,uichicago,t5_2shzc,r/uichicago,https://www.reddit.com/r/uichicago,public,29115,https://www.reddit.com/r/uichicago/comments/1myn2bt/blackboard_spanish_101/,blackboard_spanish_101,Does anyone have Spanish with Navarro? I tried accessing the blackboard class so I could view the assignments early but I’m not even enrolled in the class even though days prior it was in my courses tab.,Blackboard Spanish 101,null,2025-08-24T05:16:01.000Z,self,false,pandesalmama,https://www.reddit.com/user/pandesalmama,1,false,false,false,false,false,false,false,false,false,false,0,,0,0,0.5,true,false,,,false,false,0,false,,true,false,false,,,,,,2025-09-12T18:52:08.058Z,
https://www.reddit.com/r/uichicago/,1000,,uichicago,t5_2shzc,r/uichicago,https://www.reddit.com/r/uichicago,public,29115,https://www.reddit.com/r/uichicago/comments/1mymy1h/is_this_a_good_schedule/,is_this_a_good_schedule,,Is this a good schedule?,null,2025-08-24T05:09:01.000Z,https://b.thumbs.redditmedia.com/mhGjNqYXjH6WY45hcpWx-JNRwoeed8qhg-mSYSRpokU.jpg,true,FarCut3813,https://www.reddit.com/user/FarCut3813,6,false,false,false,false,false,false,false,false,false,false,0,,3,0,1,false,false,,,false,false,0,false,,true,false,false,,,,,,2025-09-12T18:52:08.058Z,
https://www.reddit.com/r/uichicago/,1000,,uichicago,t5_2shzc,r/uichicago,https://www.reddit.com/r/uichicago,public,29115,https://www.reddit.com/r/uichicago/comments/1mylzhg/divvy_no_longer_accepting_fafsa_for_d4e/,divvy_no_longer_accepting_fafsa_for_d4e,"I had the D4E subscription last year and it was great that I only had to pay 5 dollars for the annual membership. However, I just learned that they’re no longer accepting FAFSA for it. At this point, I’m wondering whether the university discount for Divvy would be worth it, or whether I should just buy a bike. If anyone can give me advice about this, I would appreciate it.",Divvy No Longer Accepting FAFSA For D4E,null,2025-08-24T04:14:39.000Z,self,false,EarlyDig8142,https://www.reddit.com/user/EarlyDig8142,0,false,false,false,false,false,false,false,false,false,false,0,,1,0,0.6,true,false,,,false,false,0,false,,true,false,false,,,,,,2025-09-12T18:52:08.058Z,
https://www.reddit.com/r/uichicago/,1000,,uichicago,t5_2shzc,r/uichicago,https://www.reddit.com/r/uichicago,public,29115,https://www.reddit.com/r/uichicago/comments/1myjaye/university_of_illinois_chicago_name_a_better/,university_of_illinois_chicago_name_a_better,,University of Illinois Chicago. Name a better baseball/skyline view.,Discussion,2025-08-24T01:51:23.000Z,https://b.thumbs.redditmedia.com/8YpwLf_nlGuaP9qGuu6otl0xVdQ9nbB7k2Mt6giGQdY.jpg,true,BryansStuffYT,https://www.reddit.com/user/BryansStuffYT,1,false,false,false,false,false,false,false,false,false,false,0,,106,0,1,false,false,,,false,false,0,false,,true,false,false,,,,,,2025-09-12T18:52:08.059Z,
https://www.reddit.com/r/uichicago/,1000,,uichicago,t5_2shzc,r/uichicago,https://www.reddit.com/r/uichicago,public,29115,https://www.reddit.com/r/uichicago/comments/1myj0xk/does_uic_give_weightlifting_classes/,does_uic_give_weightlifting_classes,Does anyone know groups that would teach me how to weight lift?,Does uic give weightlifting classes,null,2025-08-24T01:37:16.000Z,self,false,Effective_Ad_2975,https://www.reddit.com/user/Effective_Ad_2975,1,false,false,false,false,false,false,false,false,false,false,0,,2,0,0.75,false,false,,,false,false,0,false,,true,false,false,,,,,,2025-09-12T18:52:08.059Z,
https://www.reddit.com/r/uichicago/,1000,,uichicago,t5_2shzc,r/uichicago,https://www.reddit.com/r/uichicago,public,29115,https://www.reddit.com/r/uichicago/comments/1myi6s1/how_to_successfully_get_hired_through_handshake/,how_to_successfully_get_hired_through_handshake,is there something wrong with my resume or cover letters? Does anyone have success stories because  i need a job ASAP (on-campus),how to successfully get hired through handshake,null,2025-08-24T00:55:01.000Z,self,false,behollywoodfamous,https://www.reddit.com/user/behollywoodfamous,4,false,false,false,false,false,false,false,false,false,false,0,,6,0,0.87,false,false,,,false,false,0,false,,true,false,false,,,,,,2025-09-12T18:52:08.059Z,
https://www.reddit.com/r/uichicago/,1000,,uichicago,t5_2shzc,r/uichicago,https://www.reddit.com/r/uichicago,public,29115,https://www.reddit.com/r/uichicago/comments/1myfozg/is_anyone_here_taking_spanish_101/,is_anyone_here_taking_spanish_101,"Curious is anyone here taking spanish 101 at 11-11:50 

Professor- sabra Duarte",Is anyone here taking spanish 101,null,2025-08-23T22:57:47.000Z,self,false,Civil-Chemical-1028,https://www.reddit.com/user/Civil-Chemical-1028,0,false,false,false,false,false,false,false,false,false,false,0,,1,0,1,true,false,,,false,false,0,false,,true,false,false,,,,,,2025-09-12T18:52:08.059Z,
https://www.reddit.com/r/uichicago/,1000,,uichicago,t5_2shzc,r/uichicago,https://www.reddit.com/r/uichicago,public,29115,https://www.reddit.com/r/uichicago/comments/1myfjwb/rate_my_schedule_commuter_15hrs_one_way/,rate_my_schedule_commuter_15hrs_one_way,"I'm a MCOB Major with a few minors. I'll be starting my sophomore year this Fall. Rate my schedule and tell me which would be the best. Btw option 1 and 2 (first and second photo) is 17 credits and I might add an online class and do a credit overload (so it might become 20 credits), the third and fourth photos are 18 credits. Lemme know what you think :)",Rate my schedule (commuter; 1.5hrs one way),null,2025-08-23T22:51:29.000Z,https://a.thumbs.redditmedia.com/O2VzNq8c6KVnS4O4fo5TXcRt4u7BXrFJH80jlhjwbe8.jpg,false,Existing-Thought-951,https://www.reddit.com/user/Existing-Thought-951,1,false,false,false,false,false,false,false,false,false,false,0,,2,0,1,false,false,,,false,false,0,false,,true,false,false,,,,,,2025-09-12T18:52:08.059Z,
https://www.reddit.com/r/uichicago/,1000,,uichicago,t5_2shzc,r/uichicago,https://www.reddit.com/r/uichicago,public,29115,https://www.reddit.com/r/uichicago/comments/1myfe2y/summer_2026_courses/,summer_2026_courses,Does anybody know when the course list for summer 2026 will drop or if it will be the same as the 2025 list?,Summer 2026 Courses,null,2025-08-23T22:44:30.000Z,self,false,Creepy-Watch7213,https://www.reddit.com/user/Creepy-Watch7213,2,false,false,false,false,false,false,false,false,false,false,0,,2,0,1,false,false,,,false,false,0,false,,true,false,false,,,,,,2025-09-12T18:52:08.059Z,
https://www.reddit.com/r/uichicago/,1000,,uichicago,t5_2shzc,r/uichicago,https://www.reddit.com/r/uichicago,public,29115,https://www.reddit.com/r/uichicago/comments/1myeuby/is_math_180_hard_to_get_a_a/,is_math_180_hard_to_get_a_a,"hi everyone, I'm a incoming freshman, I just want to ask your experience with MATH 180, is it hard to get a A, I done pre-calculus in my senior high school. I want to have a good GPA so is it hard to get a A on Math 180? Thank you very much",is MATH 180 hard to get a A,null,2025-08-23T22:20:59.000Z,self,false,Old_Physics2985,https://www.reddit.com/user/Old_Physics2985,5,false,false,false,false,false,false,false,false,false,false,0,,5,0,0.86,false,false,,,false,false,0,false,,true,false,false,,,,,,2025-09-12T18:52:08.059Z,
https://www.reddit.com/r/uichicago/,1000,,uichicago,t5_2shzc,r/uichicago,https://www.reddit.com/r/uichicago,public,29115,https://www.reddit.com/r/uichicago/comments/1mydcn3/easiest_upper_level_classes_200/,easiest_upper_level_classes_200,Jr year student trying to graduate by this year but I need 20 more credits of 200+ level classes. What are some of the easiest online ones I can take while I study for the MCAT. Looking for courses where I can focus majority of my time on genetics and microbio but still get an A in like dhd 202,Easiest upper level classes? 200+,Question,2025-08-23T21:18:37.000Z,self,false,Crazy_Classroom3177,https://www.reddit.com/user/Crazy_Classroom3177,4,false,false,false,false,false,false,false,false,false,false,0,,1,0,1,true,false,,,false,false,0,false,,true,false,false,,,,,,2025-09-12T18:52:08.059Z,
https://www.reddit.com/r/uichicago/,1000,,uichicago,t5_2shzc,r/uichicago,https://www.reddit.com/r/uichicago,public,29115,https://www.reddit.com/r/uichicago/comments/1myb0hi/is_this_schedule_bad_for_a_first_year_student/,is_this_schedule_bad_for_a_first_year_student,My major is biological sciences (pre-dental),Is this schedule bad for a first year student?,null,2025-08-23T19:44:24.000Z,https://b.thumbs.redditmedia.com/N3JCNNKtW88O3cBpmMuweAc1b-8ymSOA8_jXHq-mi9U.jpg,true,Baked-,https://www.reddit.com/user/Baked-,5,false,false,false,false,false,false,false,false,false,false,0,,3,0,1,false,false,,,false,false,0,false,,true,false,false,,,,,,2025-09-12T18:52:08.059Z,
https://www.reddit.com/r/uichicago/,1000,,uichicago,t5_2shzc,r/uichicago,https://www.reddit.com/r/uichicago,public,29115,https://www.reddit.com/r/uichicago/comments/1mya2zu/how_do_you_access_the_inner_courtyard_at_tbh/,how_do_you_access_the_inner_courtyard_at_tbh,"super confused on how to get to the inside, what door(s) give you access?",how do you access the inner courtyard at tbh?,Question,2025-08-23T19:06:59.000Z,self,false,aninterestingone,https://www.reddit.com/user/aninterestingone,1,false,false,false,false,false,false,false,false,false,false,0,,1,0,1,true,false,,,false,false,0,false,,true,false,false,,,,,,2025-09-12T18:52:08.059Z,
https://www.reddit.com/r/uichicago/,1000,,uichicago,t5_2shzc,r/uichicago,https://www.reddit.com/r/uichicago,public,29115,https://www.reddit.com/r/uichicago/comments/1my854u/uic_parking_question/,uic_parking_question,"Hello guys, I just had a question about the uic parking as I had previously had a parking assignment during the spring semester although I was wondering if I would need to reapply for this fall semester since I did keep the tag. I’m unsure if this is a dumb question but if anyone can give me some clarification, I’d really appreciate it. Thank you!",Uic Parking Question,Question,2025-08-23T17:52:11.000Z,self,false,Anxious_Yam_3863,https://www.reddit.com/user/Anxious_Yam_3863,2,false,false,false,false,false,false,false,false,false,false,0,,2,0,1,false,false,,,false,false,0,false,,true,false,false,,,,,,2025-09-12T18:52:08.060Z,
https://www.reddit.com/r/uichicago/,1000,,uichicago,t5_2shzc,r/uichicago,https://www.reddit.com/r/uichicago,public,29115,https://www.reddit.com/r/uichicago/comments/1my62mf/tryouts_for_mens_club_soccer_at_uic/,tryouts_for_mens_club_soccer_at_uic,,Tryouts for Men’s Club Soccer at UIC,null,2025-08-23T16:33:08.000Z,https://a.thumbs.redditmedia.com/fHEh80rf3suDiF-w0K8inmzixo_1ttIbSwTybo68XI0.jpg,true,SubstantialBake5823,https://www.reddit.com/user/SubstantialBake5823,0,false,false,false,false,false,false,false,false,false,false,0,,3,0,1,false,false,,,false,false,0,false,,true,false,false,,,,,,2025-09-12T18:52:08.060Z,
https://www.reddit.com/r/uichicago/,1000,,uichicago,t5_2shzc,r/uichicago,https://www.reddit.com/r/uichicago,public,29115,https://www.reddit.com/r/uichicago/comments/1my1lmc/spam_104_aula_2_textbook/,spam_104_aula_2_textbook,is anyone willing to seek their aula 2 book for cheap? open to negotiation,spam 104 aula 2 textbook,null,2025-08-23T13:34:01.000Z,self,false,Educational_Tiger252,https://www.reddit.com/user/Educational_Tiger252,1,false,false,false,false,false,false,false,false,false,false,0,,1,0,1,true,false,,,false,false,0,false,,true,false,false,,,,,,2025-09-12T18:52:08.060Z,
https://www.reddit.com/r/uichicago/,1000,,uichicago,t5_2shzc,r/uichicago,https://www.reddit.com/r/uichicago,public,29115,https://www.reddit.com/r/uichicago/comments/1mxuqy7/looking_for_medical_students_with_similar/,looking_for_medical_students_with_similar,"What’s up. I haven’t found anyone with the same interests as me in my entire undergrad. I’m in UICOM, if anyone likes any of the following lmk and we can connect: underground rap (hi-c, yhapojj, Izaya Tiji, etc), fashion (Dior, Rick Owens, undercover).",Looking For Medical Students With Similar Interests,null,2025-08-23T07:10:49.000Z,self,false,Business-Serve573,https://www.reddit.com/user/Business-Serve573,1,true,false,false,false,false,false,false,false,false,false,0,,5,0,0.86,false,false,,,false,false,0,false,,true,false,false,,,,,,2025-09-12T18:52:08.060Z,
https://www.reddit.com/r/uichicago/,1000,,uichicago,t5_2shzc,r/uichicago,https://www.reddit.com/r/uichicago,public,29115,https://www.reddit.com/r/uichicago/comments/1mxsso8/is_this_schedule_okay_as_a_freshman/,is_this_schedule_okay_as_a_freshman,i’m literally crashing out on my schedule rn,is this schedule okay as a freshman?,null,2025-08-23T05:14:51.000Z,https://b.thumbs.redditmedia.com/jpuChCxK_Ipd816CgM9_zWTJRlzw-biY5M9vQ7npxEA.jpg,true,Haunting-Ad3201,https://www.reddit.com/user/Haunting-Ad3201,17,false,false,false,false,false,false,false,false,false,false,0,,12,0,0.87,false,false,,,false,false,0,false,,true,false,false,,,,,,2025-09-12T18:52:08.060Z,
https://www.reddit.com/r/uichicago/,1000,,uichicago,t5_2shzc,r/uichicago,https://www.reddit.com/r/uichicago,public,29115,https://www.reddit.com/r/uichicago/comments/1mxpq2b/does_this_seem_overwhelming/,does_this_seem_overwhelming,"Im also taking KN 230, HIST177, and DHD 205 while working full time ? is it doable ?   i felt like i was fine until i looked into it and apparently it might be too much?",does this seem overwhelming??,null,2025-08-23T02:29:37.000Z,https://b.thumbs.redditmedia.com/FKXBtp7Ux8fQF6dpy1Yd_y8KvIrht_3j2nTFOkTjcAw.jpg,true,Terrible_Ice_260,https://www.reddit.com/user/Terrible_Ice_260,19,false,false,false,false,false,false,false,false,false,false,0,,9,0,0.74,false,false,,,false,false,0,false,,true,false,false,,,,,,2025-09-12T18:52:08.060Z,
https://www.reddit.com/r/uichicago/,1000,,uichicago,t5_2shzc,r/uichicago,https://www.reddit.com/r/uichicago,public,29115,https://www.reddit.com/r/uichicago/comments/1mxm3cw/funding_for_books/,funding_for_books,Anyone know if UIC has any funding for books? They're so expensive and I can't get them online cause they also do hw through the software :/,funding for books?,Question,2025-08-22T23:36:46.000Z,self,false,kevin17re5,https://www.reddit.com/user/kevin17re5,2,false,false,false,false,false,false,false,false,false,false,0,,4,0,1,false,false,,,false,false,0,false,,true,false,false,,,,,,2025-09-12T18:52:08.060Z,
https://www.reddit.com/r/uichicago/,1000,,uichicago,t5_2shzc,r/uichicago,https://www.reddit.com/r/uichicago,public,29115,https://www.reddit.com/r/uichicago/comments/1mxlsz2/current_art_foundation_major_questions/,current_art_foundation_major_questions,Hello I’m currently enrolled at uic as an art foundation major and I wanted to ask what possible careers I can do after graduating? I’m having difficulty with knowing if this major is the right one for me. I want to be able to have a comfortable life and make a good amount of money at least to not worry whether or not I’m going to make it to the end of month. I originally wanted to continue into art education after my first year since my major allows it after making a portfolio but a lot of close friends and family members have told me that job won’t let me have a comfortable life due to teachers making barely any money. So if I do continue with art foundation (after first year) what specific jobs could be possible for my future! Thank you to whoever reads this and responds. I appreciate it a lot!   (I hope this question isn’t dumb I’m a first generation student  ),Current art foundation major questions!,Question,2025-08-22T23:24:03.000Z,self,false,TinyGremlino,https://www.reddit.com/user/TinyGremlino,3,false,false,false,false,false,false,false,false,false,false,0,,4,0,0.84,false,false,,,false,false,1,false,,true,false,false,,,,,,2025-09-12T18:52:08.060Z,
https://www.reddit.com/r/uichicago/,1000,,uichicago,t5_2shzc,r/uichicago,https://www.reddit.com/r/uichicago,public,29115,https://www.reddit.com/r/uichicago/comments/1mxl6gw/is_this_scholarship_real_or_some_kind_of_fishing/,is_this_scholarship_real_or_some_kind_of_fishing,"I’m thinking the red flag is that the email is not @uic.edu? 

I also did not apply to any specific scholarships.",Is this scholarship real or some kind of fishing attempt?,null,2025-08-22T22:57:44.000Z,https://b.thumbs.redditmedia.com/RweHm_hBuVrnxd5OnzSz12uviShz47Na1AY_xA9z5_M.jpg,true,eskimokisses1444,https://www.reddit.com/user/eskimokisses1444,6,false,false,false,false,false,false,false,false,false,false,0,,6,0,0.72,false,false,,,false,false,0,false,,true,false,false,,,,,,2025-09-12T18:52:08.061Z,
https://www.reddit.com/r/uichicago/,1000,,uichicago,t5_2shzc,r/uichicago,https://www.reddit.com/r/uichicago,public,29115,https://www.reddit.com/r/uichicago/comments/1mxkgzr/is_the_wifi_and_data_reception_at_jst_always_bad/,is_the_wifi_and_data_reception_at_jst_always_bad,"I moved in 2 days ago and the wifi I’ve connected to isn’t very good. When I use celular data it isn’t good either.

Any suggestions or advice?",Is the wifi and data reception at JST always bad?,Question,2025-08-22T22:28:16.000Z,self,false,Wild_Challenge8323,https://www.reddit.com/user/Wild_Challenge8323,1,false,false,false,false,false,false,false,false,false,false,0,,1,0,1,true,false,,,false,false,0,false,,true,false,false,,,,,,2025-09-12T18:52:08.061Z,
https://www.reddit.com/r/uichicago/,1000,,uichicago,t5_2shzc,r/uichicago,https://www.reddit.com/r/uichicago,public,29115,https://www.reddit.com/r/uichicago/comments/1mxedjb/about_las_cs_major/,about_las_cs_major,Hi! I’m an incoming freshmen year at UIC and I wanted to ask if my classes for my major are required in freshmen year? Or if general classes are not. My major is Computer Science and Linguistics.,About LAS CS major.,Question,2025-08-22T18:27:54.000Z,self,false,FarCut3813,https://www.reddit.com/user/FarCut3813,2,false,false,false,false,false,false,false,false,false,false,0,,2,0,1,false,false,,,false,false,0,false,,true,false,false,,,,,,2025-09-12T18:52:08.061Z,
https://www.reddit.com/r/uichicago/,1000,,uichicago,t5_2shzc,r/uichicago,https://www.reddit.com/r/uichicago,public,29115,https://www.reddit.com/r/uichicago/comments/1mxdtxo/credit_for_cs_109/,credit_for_cs_109,"Yo, does anybody know if I already got credit for CS 109? I got a 5 on AP CSA, which gives credits for both CS 111 and CS 141(6 hours). Appreciate y’all!",Credit for CS 109,null,2025-08-22T18:07:43.000Z,self,false,Odd-Disk2725,https://www.reddit.com/user/Odd-Disk2725,4,false,false,false,false,false,false,false,false,false,false,0,,2,0,1,false,false,,,false,false,0,false,,true,false,false,,,,,,2025-09-12T18:52:08.061Z,
https://www.reddit.com/r/uichicago/,1000,,uichicago,t5_2shzc,r/uichicago,https://www.reddit.com/r/uichicago,public,29115,https://www.reddit.com/r/uichicago/comments/1mxcdbn/join_gym_club/,join_gym_club,"Hello I am posting this again since the semester is about to start…plus I seen bad form at the rec today. Easy way to injure yourself. So far we have 60 members. Also wipe your machines, put the weights back, and wear deodorant. Thank u",Join gym club,null,2025-08-22T17:12:30.000Z,https://a.thumbs.redditmedia.com/G-Bxs-ZloVlkFYkVqda1s4fW51ARwVLp9dCXNxr8sv0.jpg,true,Appropriate_Map_1,https://www.reddit.com/user/Appropriate_Map_1,0,false,false,false,false,false,false,false,false,false,false,0,,25,0,0.94,false,false,,,false,false,0,false,,true,false,false,,,,,,2025-09-12T18:52:08.061Z,
https://www.reddit.com/r/uichicago/,1000,,uichicago,t5_2shzc,r/uichicago,https://www.reddit.com/r/uichicago,public,29115,https://www.reddit.com/r/uichicago/comments/1mxazuj/is_it_guaranteed_someone_will_drop_spanish_113_so/,is_it_guaranteed_someone_will_drop_spanish_113_so,"Hello! I am trying to enroll in Spanish 113 class, but all the sections are sadly full. I am currently waitlisted, and I was really hoping to take this class to meet my LAS foreign language requirement, but I don't feel so confident about my odds. What's the likelihood of me securing a spot, or what should I do as an alternative? Thank you!

Update: I secured an spot :-)",Is it guaranteed someone will drop Spanish 113 so i can get in?,Question,2025-08-22T16:20:47.000Z,self,false,Ill_Juggernaut5228,https://www.reddit.com/user/Ill_Juggernaut5228,10,true,false,false,false,false,false,false,false,false,false,0,,2,0,0.67,false,false,,,false,false,0,false,,true,false,false,,,,,,2025-09-12T18:52:08.061Z,
https://www.reddit.com/r/uichicago/,1000,,uichicago,t5_2shzc,r/uichicago,https://www.reddit.com/r/uichicago,public,29115,https://www.reddit.com/r/uichicago/comments/1mx9cgr/connecting_a_ps5_or_game_console_to_the_dorm_wifi/,connecting_a_ps5_or_game_console_to_the_dorm_wifi,Hey there I just moved into ARC yesterday and was curious on how to set a game console (specifically a ps5) to the dorm wifi. I tried doing research on past posts but no methods are working. Any help is appreciated.,Connecting a ps5 or game console to the dorm wifi,Question,2025-08-22T15:18:42.000Z,self,false,Triforce_Gaming3000,https://www.reddit.com/user/Triforce_Gaming3000,1,false,false,false,false,false,false,false,false,false,false,0,,3,0,1,false,false,,,false,false,0,false,,true,false,false,,,,,,2025-09-12T18:52:08.061Z,
https://www.reddit.com/r/uichicago/,1000,,uichicago,t5_2shzc,r/uichicago,https://www.reddit.com/r/uichicago,public,29115,https://www.reddit.com/r/uichicago/comments/1mx87zm/dorm_move_in_uhaul/,dorm_move_in_uhaul,this is my overthinking and pessimistic brain talking but… utilizing a u-haul truck to move in isn’t prohibited right   tried to look on housing and on here but not a lot of answers,dorm move in u-haul,Question,2025-08-22T14:35:39.000Z,self,false,Sad_Rule_2835,https://www.reddit.com/user/Sad_Rule_2835,4,false,false,false,false,false,false,false,false,false,false,0,,6,0,0.88,false,false,,,false,false,0,false,,true,false,false,,,,,,2025-09-12T18:52:08.061Z,
https://www.reddit.com/r/uichicago/,1000,,uichicago,t5_2shzc,r/uichicago,https://www.reddit.com/r/uichicago,public,29115,https://www.reddit.com/r/uichicago/comments/1mx6xs6/aula_en_accion_2/,aula_en_accion_2,Does anyone have the book from Spanish 103? The aula en accion 2? And willing to sell it? Because I’m not willing to pay a lot for a book I’ll most likely never use again.,Aula en accion 2,null,2025-08-22T13:44:53.000Z,self,false,PsychologicalDog1781,https://www.reddit.com/user/PsychologicalDog1781,1,false,false,false,false,false,false,false,false,false,false,0,,1,0,1,true,false,,,false,false,0,false,,true,false,false,,,,,,2025-09-12T18:52:08.061Z,
https://www.reddit.com/r/uichicago/,1000,,uichicago,t5_2shzc,r/uichicago,https://www.reddit.com/r/uichicago,public,29115,https://www.reddit.com/r/uichicago/comments/1mx6rfi/prelaw_tip_do_something_interesting/,prelaw_tip_do_something_interesting,"Hi, friends, I am a lawyer and new graduate student in the Polish, Russian, and Lithuanian Studies department at UIC. I had a pretty successful application cycle for law school a few years ago. And I worked in the admissions office while I was in law school at WashU. I am back in school studying law and literature to eventually become a professor – fingers crossed. I wanted to quickly share these tips, especially for incoming freshmen.

If you don’t already know, GPA and LSAT are the most important things in law school admissions. It’s objectively harder to get good grades in STEM than it is to get good grades in non-STEM majors. And I say this as someone who comes from a non-STEM background. As such, you’ll want to pick a major in which you think you will do well. The issue is as follows: everyone and their second cousin applying to law school majors in political science or history – I am also guilty of majoring in political science in undergrad. So, what do you do to set yourself apart from the other political science and history majors with strong GPAs? You do something interesting!

For me, it was studying a language. In undergrad, I completed the Russian language sequence. Great interest was taken in my study of Russian in all of my law school interviews. It is just not something common that comes across the desk of an admissions officer. And the admissions officers, after using LSAT and GPA to determine whether you will do well at their school, look to see how they can bring various perspectives to the classroom. The law school classroom is a constant discussion of what the law ought to be, and your background as a student influences what you think the law ought to be. A unique background adds value to the class. So, make your background interesting!

Maybe you are heavily involved in the boxing club; maybe you do theatre; or maybe you make an app. For me, it was studying Russian.

Another component is getting good letters of recommendation. Whatever major you’re in, here’s the tip: take the professor, not the class. At first, you will select classes that are interesting to you. And you will have some professors that you like and some that you don’t. When you find a professor that you like, latch on to that professor. When possible, take at least one class with them a year. After you have taken one or two classes with them, you can offer to help with research. Professors love this, as undergrads can usually participate in research assistance for course credit – this means that your help in the professor’s research is free to them!

Anyway, the takeaway is get a good GPA, LSAT, and do something interesting!

If you want to talk about pre-law stuff, especially as it relates to pre-law studying of languages, feel free to DM me. Also, a shameless plug to invite anyone to come study Russian!",Pre-law tip: do something interesting!,null,2025-08-22T13:37:42.000Z,self,false,ALegalInterest,https://www.reddit.com/user/ALegalInterest,4,true,false,false,false,false,false,false,false,false,false,0,,12,0,1,true,false,,,false,false,0,false,,true,false,false,,,,,,2025-09-12T18:52:08.061Z,
https://www.reddit.com/r/uichicago/,1000,,uichicago,t5_2shzc,r/uichicago,https://www.reddit.com/r/uichicago,public,29115,https://www.reddit.com/r/uichicago/comments/1mwzjkc/prenursing_classes_to_take_at_ccc/,prenursing_classes_to_take_at_ccc,"Hi!  
I’m a freshman at Truman College (CCC) and I want to transfer to UIC’s BSN program for junior year. I’ve already checked the prereq list, but I’m confused about a couple of things:

* Do Microbiology and Anatomy &amp; Physiology I from CCC transfer directly to UIC?
* I don’t see an Anatomy &amp; Physiology II option at Truman—did anyone here take it somewhere else or is it offered under a different course number?
* For those who got into UIC’s BSN after transferring from CCC, what classes did you take to cover all the prereqs, and what kind of GPA/stats made you competitive for admission?",Pre-nursing classes to take at CCC,null,2025-08-22T07:01:10.000Z,self,false,Gullible-Slip-7872,https://www.reddit.com/user/Gullible-Slip-7872,1,false,false,false,false,false,false,false,false,false,false,0,,1,0,1,true,false,,,false,false,0,false,,true,false,false,,,,,,2025-09-12T18:52:08.062Z,
https://www.reddit.com/r/uichicago/,1000,,uichicago,t5_2shzc,r/uichicago,https://www.reddit.com/r/uichicago,public,29115,https://www.reddit.com/r/uichicago/comments/1mwyhvz/is_this_a_scam/,is_this_a_scam,I just got this email today and I’m curious if this is legit because I did present at the URE however I am a bit skeptical because I never heard of this and they charge $10 to get your research on their journal and would like to know if anyone published anything here…,Is this a scam?,Question,2025-08-22T05:56:42.000Z,https://b.thumbs.redditmedia.com/tqll10ZZ7SD7MCn4l8_RNvZjKzcQMXln5NhURewV8ik.jpg,true,Cazy_exe,https://www.reddit.com/user/Cazy_exe,7,false,false,false,false,false,false,false,false,false,false,0,,1,0,0.6,true,false,,,false,false,0,false,,true,false,false,,,,,,2025-09-12T18:52:08.062Z,
https://www.reddit.com/r/uichicago/,1000,,uichicago,t5_2shzc,r/uichicago,https://www.reddit.com/r/uichicago,public,29115,https://www.reddit.com/r/uichicago/comments/1mwxouq/course_materials_cost_help/,course_materials_cost_help,"Hey yall, im a transfer student taking CS 151, 211, 251 ENGR 101 and MTH 210. I was wondering if I needed a laptop for these classes and what the costs of the materials would be like textbooks and stuff. I have a desktop at home, but I am strapped for cash and I just want to hone down my budget if I do need to buy a laptop.",Course Materials Cost HELP,Question,2025-08-22T05:09:12.000Z,self,false,Responsible_Row_4737,https://www.reddit.com/user/Responsible_Row_4737,3,false,false,false,false,false,false,false,false,false,false,0,,1,0,1,true,false,,,false,false,0,false,,true,false,false,,,,,,2025-09-12T18:52:08.062Z,
https://www.reddit.com/r/uichicago/,1000,,uichicago,t5_2shzc,r/uichicago,https://www.reddit.com/r/uichicago,public,29115,https://www.reddit.com/r/uichicago/comments/1mwwwxy/rate_my_schedule_freshman/,rate_my_schedule_freshman,"I lowkey want to take Psych 100 but it’s full. Do you guys think it is still manageable to put it here or nah. 
I am committed to torture myself btw.",Rate my schedule (freshman),null,2025-08-22T04:26:31.000Z,https://b.thumbs.redditmedia.com/8V03xEAbt0xVo4nTkV0Le2DNDe0_hhrRP2aFixPBR-M.jpg,true,Odd-Disk2725,https://www.reddit.com/user/Odd-Disk2725,9,false,false,false,false,false,false,false,false,false,false,0,,8,0,1,false,false,,,false,false,0,false,,true,false,false,,,,,,2025-09-12T18:52:08.062Z,
https://www.reddit.com/r/uichicago/,1000,,uichicago,t5_2shzc,r/uichicago,https://www.reddit.com/r/uichicago,public,29115,https://www.reddit.com/r/uichicago/comments/1mwvhkj/stat_401_intro_to_probability_and_mcs_471/,stat_401_intro_to_probability_and_mcs_471,Hey can anyone tell how hard or difficult these courses are and which professors should take and what topics I should brush or learn before taking these course ?,STAT 401 Intro to Probability and MCS 471 Numerical Analysis(Easy or Difficult),Question,2025-08-22T03:11:51.000Z,self,false,FineAd59,https://www.reddit.com/user/FineAd59,2,false,false,false,false,false,false,false,false,false,false,0,,2,0,1,false,false,,,false,false,0,false,,true,false,false,,,,,,2025-09-12T18:52:08.062Z,
https://www.reddit.com/r/uichicago/,1000,,uichicago,t5_2shzc,r/uichicago,https://www.reddit.com/r/uichicago,public,29115,https://www.reddit.com/r/uichicago/comments/1mwvdnr/help_am_i_overthinking_this_or_no/,help_am_i_overthinking_this_or_no,"Hi guys, it's my first year at UIC, and I have a class in the ARC building and a following class in the SELE building. I have 10 minutes between those two classes, and Maps says it's a 10-minute walk, but I fear I will be late to that SELE class. Will I truly be late, and do professors care?","Help, am I overthinking this or no?",Question,2025-08-22T03:06:34.000Z,self,false,Minute_Ladder_9107,https://www.reddit.com/user/Minute_Ladder_9107,11,false,false,false,false,false,false,false,false,false,false,0,,14,0,0.86,false,false,,,false,false,0,false,,true,false,false,,,,,,2025-09-12T18:52:08.062Z,
https://www.reddit.com/r/uichicago/,1000,,uichicago,t5_2shzc,r/uichicago,https://www.reddit.com/r/uichicago,public,29115,https://www.reddit.com/r/uichicago/comments/1mwu53l/any_advice_on_any_of_these_courses_would_be/,any_advice_on_any_of_these_courses_would_be,,"Any advice on any of these courses, would be really appreciated!",null,2025-08-22T02:06:31.000Z,https://b.thumbs.redditmedia.com/h8XWNU7dYTqmoSXQUkX7SeIeW6lYznUpLOy27bCpHhY.jpg,true,Accurate_Brick_6937,https://www.reddit.com/user/Accurate_Brick_6937,3,false,false,false,false,false,false,false,false,false,false,0,,6,0,1,false,false,,,false,false,0,false,,true,false,false,,,,,,2025-09-12T18:52:08.062Z,
https://www.reddit.com/r/uichicago/,1000,,uichicago,t5_2shzc,r/uichicago,https://www.reddit.com/r/uichicago,public,29115,https://www.reddit.com/r/uichicago/comments/1mwu473/heavily_considering_coe_to_las_nursing/,heavily_considering_coe_to_las_nursing,"For some context Im an upcoming freshman mechanical engineering student here at uic. Son of two filipino nurses. During highschool Ive always been great with math and physics and so I just thought engineering was the next big step. However Ive always considered nursing because ive been heavily exposed to it considering my whole family is a bunch of nurses. A big thing as well is how easy it is to get a job out of college and the fact that I can also speak filipino fluently. 

But theres two factors that have always steered me away from it and thats the fact that Im an introvert and how nursing is heavily female dominated- I dont really like to be in the spotlight.

So if any of you guys have any opportunities or suggestions in mind for me to keep in mind to help me make my decision on whether or not I should switch to nursing please please please lmk.

A big question though is how does this process work? I already have my classes picked out as a meche if I do decide on switching would I keep the same classes I have first semester and officially be in LAS by the start of second semester?",Heavily considering COE to LAS Nursing,Discussion,2025-08-22T02:05:18.000Z,self,false,Wise_Winner5971,https://www.reddit.com/user/Wise_Winner5971,3,false,false,false,false,false,false,false,false,false,false,0,,2,0,1,false,false,,,false,false,0,false,,true,false,false,,,,,,2025-09-12T18:52:08.062Z,
https://www.reddit.com/r/uichicago/,1000,,uichicago,t5_2shzc,r/uichicago,https://www.reddit.com/r/uichicago,public,29115,https://www.reddit.com/r/uichicago/comments/1mwopc1/repost_womens_health_research_study/,repost_womens_health_research_study,"Hi there! My name’s Emma Childs and I’m a researcher at the University of Illinois at Chicago, HAPPY Lab happylabresearch dotcom. I study the effects of psychoactive substances on mood and behavior, and factors influencing risk/resiliency to develop a use disorder. **I am particularly interested in the reasons why women are more vulnerable to addiction and the harmful effects of drugs and alcohol.** Women face unique issues surrounding the use of drugs and alcohol, but all interventions and treatments are based on men’s health research. Right now, I’m conducting a study looking at how hormones alter the effects of recreational substances, which will help us develop new therapies specific to women’s health. Now, more than ever, this kind of research is crucial and has lasting impacts.

For more study details, go to redcap \*dot\* link \*forward slash\* ve12gipx 

***For questions, you can contact me via the happylab website -happylabresearch dotcom- or by DM here on Reddit***.

***All studies are compensated ($$), and all personal information is protected by a Certificate of Confidentiality. Contact information will only be used to discuss further steps. =)***

IRB 2023-0260 | Ovarian Hormones and Drug Effects | PI Emma Childs",[repost] Women's Health Research Study,null,2025-08-21T22:03:41.000Z,self,false,HAPPYLAB318,https://www.reddit.com/user/HAPPYLAB318,0,false,false,false,false,false,false,false,false,false,false,0,,6,0,0.8,false,false,,,false,false,0,false,,true,false,false,,,,,,2025-09-12T18:52:08.063Z,
https://www.reddit.com/r/uichicago/,1000,,uichicago,t5_2shzc,r/uichicago,https://www.reddit.com/r/uichicago,public,29115,https://www.reddit.com/r/uichicago/comments/1mwoifl/ece_467_difficulty/,ece_467_difficulty,I’m enrolled in 467 with Professor Vaisband and wanted a heads up on how the class may go or how the professor teaches. Is the class difficult and has anyone taken it with Vaisband before? How difficult are the labs?,ECE 467 Difficulty,null,2025-08-21T21:56:03.000Z,self,false,Any-Today4031,https://www.reddit.com/user/Any-Today4031,0,false,false,false,false,false,false,false,false,false,false,0,,0,0,0.5,true,false,,,false,false,0,false,,true,false,false,,,,,,2025-09-12T18:52:08.063Z,
https://www.reddit.com/r/uichicago/,1000,,uichicago,t5_2shzc,r/uichicago,https://www.reddit.com/r/uichicago,public,29115,https://www.reddit.com/r/uichicago/comments/1mwo5az/muslims_doing_nursing/,muslims_doing_nursing,any muslims planning to do the nursing school at UIC,Muslims doing Nursing,null,2025-08-21T21:40:55.000Z,self,false,LongjumpingLoss8305,https://www.reddit.com/user/LongjumpingLoss8305,0,false,false,false,false,false,false,false,false,false,false,0,,0,0,0.5,true,false,,,false,false,0,false,,true,false,false,,,,,,2025-09-12T18:52:08.063Z,
https://www.reddit.com/r/uichicago/,1000,,uichicago,t5_2shzc,r/uichicago,https://www.reddit.com/r/uichicago,public,29115,https://www.reddit.com/r/uichicago/comments/1mwmjrk/amazon_packages_got_sent_to_the_abyss/,amazon_packages_got_sent_to_the_abyss,"hi guys! i’m moving in tomorrow and i sent my amazon packages to be put in the sce amazon lockers and i have been on a wild goose chase for them   the only clue i have is this photo where the actual f is this. im laughing but at the same time i think im annoyed  ok update as im writing this the nice woman at amazon lied to me and its at the amazon hub. so if this happens to you, thats where",amazon packages got sent to the abyss,Question,2025-08-21T20:39:04.000Z,https://b.thumbs.redditmedia.com/oGHLG8wqlBT_qtEAdUMOqr9YHZYfLOmhikfLMhV3reM.jpg,true,sophia242532,https://www.reddit.com/user/sophia242532,0,false,false,false,false,false,false,false,false,false,false,0,,3,0,0.67,false,false,,,false,false,0,false,,true,false,false,,,,,,2025-09-12T18:52:08.063Z,
https://www.reddit.com/r/uichicago/,1000,,uichicago,t5_2shzc,r/uichicago,https://www.reddit.com/r/uichicago,public,29115,https://www.reddit.com/r/uichicago/comments/1mwm3kh/whats_phys_142_like/,whats_phys_142_like,"I’m in Randall Espinoza sectio this fall…his RateMyProfessor ratings look solid, but I’m wondering though. Is the class harder than PHYS 141 or about the same? 

Also, I’m taking Calc 2 at the same time, will I have a much harder time or will it be manageable. I hear some people say there will be Calc 3 concepts in the course so I’m a little curious. Thank you in advance",What’s Phys 142 like?,Question,2025-08-21T20:21:37.000Z,self,false,E-M5021,https://www.reddit.com/user/E-M5021,3,false,false,false,false,false,false,false,false,false,false,0,,1,0,0.67,true,false,,,false,false,0,false,,true,false,false,,,,,,2025-09-12T18:52:08.063Z,
https://www.reddit.com/r/uichicago/,1000,,uichicago,t5_2shzc,r/uichicago,https://www.reddit.com/r/uichicago,public,29115,https://www.reddit.com/r/uichicago/comments/1mwlys2/rate_my_professors/,rate_my_professors,"Hi everyone! I'm starting UIC's online MPH program next week and I'm so excited! I'm not sure if Rate My Professors is still a thing (I've been out of school for 7 years), but I tried to find my profs on there and none of them came up. What's the deal with that? Are UIC professors on that site / do people still use it?",Rate My Professors?,Question,2025-08-21T20:16:34.000Z,self,false,Practical-Future3320,https://www.reddit.com/user/Practical-Future3320,3,false,false,false,false,false,false,false,false,false,false,0,,0,0,0.33,true,false,,,false,false,0,false,,true,false,false,,,,,,2025-09-12T18:52:08.063Z,
https://www.reddit.com/r/uichicago/,1000,,uichicago,t5_2shzc,r/uichicago,https://www.reddit.com/r/uichicago,public,29115,https://www.reddit.com/r/uichicago/comments/1mwj9tv/uic_advice_if_you_need_it_by_someone_who_made_all/,uic_advice_if_you_need_it_by_someone_who_made_all,"Hello UIC People:

I've had a lot of ups and downs in my first year. Family emergencies, mental heath episodes, club drama, psych ward 72 hour holds, etc. So as I sit here eating my meal in the dining hall, I'm just gonna try and say as much advice about here as I can to first years - but also some people who may not know some tips and tricks. I will go from top priority to least.

Taking care of yourself and others:  
\- 1) Give your all at work, never give your all TO work.   
I got straight As many semesters as well as juggling a URA (undergraduate Research Assistant) and being involved in competitive sports. People thought I was a very accomplished student - let alone in my first year. Wrong, because since I did all that I crashed, burned, and sent my ass straight to a psych ward. You work to live, not live to work. Always git it your best shot, but never really give anything your all in a literal sense. I was always a hard worker, but never sacrifice your sleep, eating, and especially time for you to grow and be yourself.   
\- 2) Everyone ESPECIALLY STEM MAJORS. SHOWER. EAT. SLEEP. DEODORANT.   
  
Some of y'alls nasty asses are so bad we put showers in the new buildings now. (Wish that was a joke, there is one outside the cafe in the new CS building cuz we stink.)  
  
\-3) SHUT THE FUCK UP IN LECTURE  
My biggest pet peeve on campus. We PAID to be here, you are wasting everyone's time and money chit chatting away in lecture. If you need to talk somebody, do it in the hall or whisper. I can never understand why people go to class AND JUST TALK. DO THAT SHIT OUTSIDE.

Classes/Professors:  
\- 1) Network, rate my professors, and grade distribution is key.   
At UIC we publish the grades of every class online, all you need to do is google and sign in with your UIC credentials. This is a good sign to see which teachers are more lenient with grading than others - especially good if there are multiple sections of the same class. Do this in conjunction with Rate My Professor Scores, and pay special attention to those in detail as it shows people put more effort into it. Sadly, RMP does not have any verification methods for their reviews so someone could be lying or even using a bot to spam bad or good reviews. If you can then, ask around the school/class about what teachers you should get. For me, I would walk around the CS lounge for CS professor recommendations. Just know there also could be a bit of bias there too: Ex, most teachers are going to say \""They are both good options\"" if you compare two teachers in front of them.

\-2 ) Spend some time to walk around campus a the day or days before school starts.   
This way you will know where most of the classes are without rushing to class out of your mind.

\-3) If you do miss class / switch classes your first year here, no one really cares.   
We all planned for some hiccups whether it be missing the first day of class, needing to switch courses around, etc. Every single class has a 2 week grace period where you can figure out what your schedule looks like and if you like the class. Speaking of resources...

\-4) Don't buy all your books now. Keep a few hundos until the first few days.  
Teachers will provide all your resources the first two weeks of school - again, we give grace for the first two weeks. Teachers will also say the first day straight up you need XYZ. Don't go out and get this specific book with a specific edition instantly when you could wait and the professor could say \""I have a PDF\"" of it. Example: I took calc 2 first semester, and my teacher suggested we go to the bookstore and ask for a discount so the Pearson book guy across the cashier could activate the code. I saved $80 just by waiting. 

\-5) You're gonna mess up, and that's ok!  
I know a lot of people who failed classes, had to drop out, me specifically I had to change my major. Embrace it! Everyone wants to hear the rags to riches story than the super senior who realized their passion for engineering after 4 years of art but chose to ignore it, and now is in a bunch of debt and is their 7th year here. Not saying you are bad if you are the latter, but best to figure and mess up stuff now than later.

Food  
\- 1) Go to the dining hall frequently, and take advantage of the box program   
Especially if you don't have a job, you will save yourself a lot of dish cleaning, money, time, and all the above if you dine on campus. There is also a reusable container program. If you hand the cashier $18, they will give you a reusable container to fill up your food with and leave. Then, you can put it inside a kiosk to get a coin, give to the cashier, and repeat the process. UIC is a really sustainable school, especially in regards to carbon footprint and food waste. Take advantage and get yourself an extra meal or save in case you got too much!  
\-2) Frequent coffee drinkers? Get the app.  
If you are rushing to class, get a Dunkin or Starbucks app and skip the line. That way you can just go to the shelf, grab and go vs the other students fighting in line to get their coffees. 

\-3) Don't get Panda Express  
They increased their prices by a few dollars the past few years, and they have less than a 2 star rating on google. Avoid the food poisoning. 

Transportation  
\- 1) Consider public transport  
I am a resident every school year and a commuter in the summers. Those who drive on the I-90 Edens can attest everyone drives on it like fucking MarioKart. Plus, UIC parking is in the thousands of dollars. If you can, pick up a UPASS for a $120 or if you live really far UPASS+ for a bit more. UPASS is CTA, while UPASS+ is Metra and CTA. Pace is only if you purchase credit yourself. I personally must have saved $500 this summer by taking public transport. 

\- 2) Be smart about where you park.  
UIC isn't too big like Urbana, or small like NLU. You don't want to park on the other side of the campus, then realize your class is on the exact opposite side. 

\-3) Bike riders, GET THE BEST LOCKS YOU CAN  
My bike got stolen the second week of class. And yes IT WAS LOCKED AND I HAD A U LOCK. The U Lock was cheap, so it broke down. I had a backup cable lock, and that got snapped and the thief got away with my bike. Now I have a cable and a hella good U-Lock. They are basically giant locks made of steel that lock onto your bike.

Working on campus/Getting a job past school/Research:  
\-1) Handshake is a scam.   
Unless you were told specifically by a recruiter or someone at the workplace you need to go through Handshake, it's basically a glorified LinkedIn for colleges. Not useful unless someone explicitly mentioned it to shoot your shot.

\-2) Networking is key.  
The reason why I was able to become a Research Assistant my first year is because my teacher was the lab supervisor after I saw a poster board of his team on the symposium. Unless you already have connections to a researcher here Ex: I used to be a RA at Loyola/NLU/NW/similar colleges, that professor knows this other professor here at UIC. 

\-3) Consider Honors College  
I know so many people who are so polar opposite about Honors College. Some students are like I love it so much it has helped with my professional and academic journey! And some are saying a glorified NHS. As a former VP for NHS and current Honors College Student I would say the following: If you are doing Study Abroad, Research, or Graduate School. Do Honors College. They are an amazing network of students and faculty who will raise you in those regards. Without Honors College, I would have not been able to be a research assistant - let alone in my first semester here. However, if you are looking for scholarships, professional networking outside graduate school, or not like what the mandatory courses they offer for students are - then it will be a waste of time. Most engineers for example won't benefit from Honors College unless they want to do research under a certain professor. In fact, me and a couple of engineers I met are in Honors College - compared to the dozens of others who said no.

Making friends  
\- 1) Just talk whenever you have the chance.   
People in your classes - talk. (Unless lecture is happening, which in that case STFU). You like reading, sports, martial arts, etc? Probably a club for that. Join the clubs there! Yes UIC is mainly a commuter school and people get in and out quick, but there are a lot of people who live and breathe on campus. I know I do being involved in so many things + dorming. Anyone can shoot me a text and hmu anytime. 

And I think that's all? At least I have at the moment. Please HMU if you guys have any more questions! I gotta go to work again 

Go flames!",UIC advice if you need it - By someone who made all the mistakes.,Discussion,2025-08-21T18:35:11.000Z,self,false,MaintenanceFormal960,https://www.reddit.com/user/MaintenanceFormal960,19,false,false,false,false,false,false,false,false,false,false,0,,131,0,0.96,false,false,,,false,false,0,false,,true,false,false,,,,,,2025-09-12T18:52:08.063Z,
https://www.reddit.com/r/uichicago/,1000,,uichicago,t5_2shzc,r/uichicago,https://www.reddit.com/r/uichicago,public,29115,https://www.reddit.com/r/uichicago/comments/1mwj9ma/hmm_what_yall_think_of_my_schedule/,hmm_what_yall_think_of_my_schedule,the introduction class i’m taking is for criminology btw and im a transfer student,hmm what yall think of my schedule,null,2025-08-21T18:34:59.000Z,https://b.thumbs.redditmedia.com/vQJYM8NhsZDhY5NHgre6LVwfO_ybuTe1q8S3KQTl0Qg.jpg,true,Wonderful-Top490,https://www.reddit.com/user/Wonderful-Top490,5,false,false,false,false,false,false,false,false,false,false,0,,7,0,0.89,false,false,,,false,false,0,false,,true,false,false,,,,,,2025-09-12T18:52:08.063Z,
https://www.reddit.com/r/uichicago/,1000,,uichicago,t5_2shzc,r/uichicago,https://www.reddit.com/r/uichicago,public,29115,https://www.reddit.com/r/uichicago/comments/1mw4y5c/rate_my_schedule_as_a_commuter_2_hours_away_one/,rate_my_schedule_as_a_commuter_2_hours_away_one,https://preview.redd.it/nejjmwz4zbkf1.png?width=1568&amp;format=png&amp;auto=webp&amp;s=560ec55c8a87a6c7ef36f7bfd15b507e3581d185,rate my schedule as a commuter 2 hours away one way and a uic freshman,null,2025-08-21T08:10:16.000Z,https://b.thumbs.redditmedia.com/cABInJcmcDysD6LfnI9K0LxoyaGG7MvHtV7DsZRv-vI.jpg,false,Internal_Fact_2057,https://www.reddit.com/user/Internal_Fact_2057,12,false,false,false,false,false,false,false,false,false,false,0,,3,0,0.72,false,false,,,false,false,0,false,,true,false,false,,,,,,2025-09-12T18:52:08.063Z,
https://www.reddit.com/r/uichicago/,1000,,uichicago,t5_2shzc,r/uichicago,https://www.reddit.com/r/uichicago,public,29115,https://www.reddit.com/r/uichicago/comments/1mw48k6/spanish_courses_at_uic/,spanish_courses_at_uic,Does anyone know if UIC offers Spanish courses online 103 or 104 or which professor does?,Spanish Courses at UIC,null,2025-08-21T07:24:46.000Z,self,false,RealisticAd6806,https://www.reddit.com/user/RealisticAd6806,2,false,false,false,false,false,false,false,false,false,false,0,,1,0,1,true,false,,,false,false,0,false,,true,false,false,,,,,,2025-09-12T18:52:08.063Z,
https://www.reddit.com/r/uichicago/,1000,,uichicago,t5_2shzc,r/uichicago,https://www.reddit.com/r/uichicago,public,29115,https://www.reddit.com/r/uichicago/comments/1mw18o4/does_anyone_know_when_were_supposed_to_receive/,does_anyone_know_when_were_supposed_to_receive,do we receive it when classes start?,does anyone know when we’re supposed to receive our pell grant,null,2025-08-21T04:28:59.000Z,self,false,ava081907,https://www.reddit.com/user/ava081907,4,false,false,false,false,false,false,false,false,false,false,0,,1,0,1,true,false,,,false,false,0,false,,true,false,false,,,,,,2025-09-12T18:52:08.064Z,
https://www.reddit.com/r/uichicago/,1000,,uichicago,t5_2shzc,r/uichicago,https://www.reddit.com/r/uichicago,public,29115,https://www.reddit.com/r/uichicago/comments/1mvzwtq/error_trying_to_register_for_classes/,error_trying_to_register_for_classes,I’m trying to change one of my classes before Monday and I keep on getting this error,Error trying to register for classes,null,2025-08-21T03:20:15.000Z,https://b.thumbs.redditmedia.com/uVwTWbFM_j4J3XhZg1fYHajaUu3MVuPHfuQSC8F1sOo.jpg,true,lilytbh23,https://www.reddit.com/user/lilytbh23,5,false,false,false,false,false,false,false,false,false,false,0,,14,0,1,false,false,,,false,false,0,false,,true,false,false,,,,,,2025-09-12T18:52:08.064Z,
https://www.reddit.com/r/uichicago/,1000,,uichicago,t5_2shzc,r/uichicago,https://www.reddit.com/r/uichicago,public,29115,https://www.reddit.com/r/uichicago/comments/1mvzve2/mscs_f1_student_graduation_credit_hours/,mscs_f1_student_graduation_credit_hours,"Hi everyone,

I’m an F1 MSCS student at UIC (Fall 2024 batch), and I wanted to clarify something about graduation credit requirements.

Here’s my course plan:

* **Fall 2024**: 12 credits (three 4-credit courses)
* **Spring 2025**: 9 credits (two 4-credit courses + 1-credit seminar)
* **Summer 2025**: 1 credit (internship)
* **Fall 2025**: 9 credits (two 4-credit courses + 1-credit seminar)
* **Spring 2026**: 5 credits (one 4-credit course + 1-credit seminar)

Total = **36 credits** (12 + 9 + 1 + 9 + 5).

The MSCS program requires **36 credit hours to graduate**. My question is:

* If I add these up, my **earned hours** = 36.
* But my **GPA hours** = 32, because the seminar and internship don’t count toward GPA.

For graduation, does UIC count the **earned hours** (which would be 36 and meet the requirement) or the **GPA hours** (which would be 32)?

I want to be sure I don’t miss anything before it’s too late.

Thanks in advance!",MSCS F1 Student – Graduation Credit Hours Clarification (Earned vs GPA Hours),Question,2025-08-21T03:18:20.000Z,self,false,Lopsided_Turnip_8524,https://www.reddit.com/user/Lopsided_Turnip_8524,0,false,false,false,false,false,false,false,false,false,false,0,,1,0,1,true,false,,,false,false,0,false,,true,false,false,,,,,,2025-09-12T18:52:08.064Z,
https://www.reddit.com/r/uichicago/,1000,,uichicago,t5_2shzc,r/uichicago,https://www.reddit.com/r/uichicago,public,29115,https://www.reddit.com/r/uichicago/comments/1mvzdw7/has_anyone_received_a_response_to_their_murl/,has_anyone_received_a_response_to_their_murl,,Has anyone received a response to their MURL application?,Question,2025-08-21T02:54:23.000Z,self,false,[deleted],https://www.reddit.com/user/[deleted],0,false,false,false,false,false,false,false,false,false,false,0,,3,0,1,true,false,,,false,false,0,false,,true,false,false,,,,,,2025-09-12T18:52:08.064Z,
https://www.reddit.com/r/uichicago/,1000,,uichicago,t5_2shzc,r/uichicago,https://www.reddit.com/r/uichicago,public,29115,https://www.reddit.com/r/uichicago/comments/1mvw5n6/looking_for_people_to_play_music_with_on_campus/,looking_for_people_to_play_music_with_on_campus,"Hello, I’m going into the school year a sophomore and last semester I didn’t really put myself out there tbh. I wanted to do something different and look for people to play music with. I play guitar and bass and listen stuff like this on this playlist. If ur interested reach out   https://open.spotify.com/playlist/2pwtiBRzt3fzBcdbg4CbjG?si=k0Ermf0ZQ_-sKtC0xxYsrw&amp;pi=hziT0sU3Rk63K",Looking for people to play music with on campus,null,2025-08-21T00:23:36.000Z,self,false,0828aug28,https://www.reddit.com/user/0828aug28,2,false,false,false,false,false,false,false,false,false,false,0,,3,0,0.8,true,false,,,false,false,0,false,,true,false,false,,,,,,2025-09-12T18:52:08.064Z,
https://www.reddit.com/r/uichicago/,1000,,uichicago,t5_2shzc,r/uichicago,https://www.reddit.com/r/uichicago,public,29115,https://www.reddit.com/r/uichicago/comments/1mvw4k3/chem_122_123/,chem_122_123,"hi hi, i’m an incoming freshman and i’m currently registered for chem 122, the lecture and discussion. i was looking at thru this sub to see what people had to say about it and more, and i kept noticing people talking about taking chem 122 &amp; 123 together. when i did advising, my advisor didn’t mention anything about chem 123, and i didn’t know about it until now. i was still able to register for chem 122 tho, like i said the lecture and the discussion. since we start soon i wanna know if i need to fix it or message my advisor about it. thanks!!",chem 122 &amp; 123??,Question,2025-08-21T00:22:15.000Z,self,false,ryeeii,https://www.reddit.com/user/ryeeii,9,false,false,false,false,false,false,false,false,false,false,0,,1,0,1,true,false,,,false,false,0,false,,true,false,false,,,,,,2025-09-12T18:52:08.064Z,
https://www.reddit.com/r/uichicago/,1000,,uichicago,t5_2shzc,r/uichicago,https://www.reddit.com/r/uichicago,public,29115,https://www.reddit.com/r/uichicago/comments/1mvveuw/upass_for_cta_parking/,upass_for_cta_parking,Can you use the u-pass to pay for the cta car parking at stations like midway and pulaski?,U-pass for cta parking,null,2025-08-20T23:50:16.000Z,self,false,Miguel_08217,https://www.reddit.com/user/Miguel_08217,1,false,false,false,false,false,false,false,false,false,false,0,,1,0,1,true,false,,,false,false,0,false,,true,false,false,,,,,,2025-09-12T18:52:08.064Z,
https://www.reddit.com/r/uichicago/,1000,,uichicago,t5_2shzc,r/uichicago,https://www.reddit.com/r/uichicago,public,29115,https://www.reddit.com/r/uichicago/comments/1mvspic/bios312_tth_2pm350_with_santus_william/,bios312_tth_2pm350_with_santus_william,"Hello, 
Is anyone who is registered in this class able to switch w my 8 am T/Th lab for this . I know it’s alot to ask but I’ve been missing every waitlist opportunity because I’m not fast enough and it’s getting me frustrated. I am studying for the mcat this semester and my Tuesday and Thursday are so packed 8 am to 7pm. If you are in this and are okay to switch please dm me.",Bios312 T/Th 2pm-3:50 with Santus William,null,2025-08-20T21:58:06.000Z,self,false,kimkonabudget,https://www.reddit.com/user/kimkonabudget,0,false,false,false,false,false,false,false,false,false,false,0,,1,0,1,true,false,,,false,false,0,false,,true,false,false,,,,,,2025-09-12T18:52:15.771Z,
https://www.reddit.com/r/uichicago/,1000,,uichicago,t5_2shzc,r/uichicago,https://www.reddit.com/r/uichicago,public,29115,https://www.reddit.com/r/uichicago/comments/1mvpntt/alumni_returning_for_visit/,alumni_returning_for_visit,"Greetings UIC family, I'm an '02 Architecture alumni originally from downstate but moved away after graduating (wanted to see the rest of the world  ). Will be returning for a visit in October. What should I see and now able to access? 

Never went inside Hull House and looking to correct that. Have also followed some of the changes to campus over the years. When was the big power substation removed?  Greektown &amp; the south end both look completely different. Sure would have been nice to have *two* Targets nearby back then.   

Thanks for the insight and best wishes at the start of this new semester!",Alumni returning for visit,Question,2025-08-20T20:03:54.000Z,self,false,Sharpguy28,https://www.reddit.com/user/Sharpguy28,0,false,false,false,false,false,false,false,false,false,false,0,,7,0,0.9,false,false,,,false,false,0,false,,true,false,false,,,,,,2025-09-12T18:52:15.772Z,
https://www.reddit.com/r/uichicago/,1000,,uichicago,t5_2shzc,r/uichicago,https://www.reddit.com/r/uichicago,public,29115,https://www.reddit.com/r/uichicago/comments/1mvpjyz/accidentally_unregistered_from_calc_iii_fin_aid/,accidentally_unregistered_from_calc_iii_fin_aid,"so i was in open seat notif and saw that a calc III class opened and went to go register..... it unregistered me from my old class and didnt let me get into the new one. i re registered like an hour later and got into a different calc III section. (my credits went from 17 to 14 then to 17 again), and then today at like 4 AM my MAP grant was revised and decreased by $300ish. will it be reverted back to the full amount or do i have to choke up the loss??",accidentally unregistered from calc III &amp; fin aid revised,null,2025-08-20T20:00:06.000Z,self,false,lowkeybootymaster,https://www.reddit.com/user/lowkeybootymaster,2,false,false,false,false,false,false,false,false,false,false,0,,1,0,1,true,false,,,false,false,0,false,,true,false,false,,,,,,2025-09-12T18:52:15.772Z,
https://www.reddit.com/r/uichicago/,1000,,uichicago,t5_2shzc,r/uichicago,https://www.reddit.com/r/uichicago,public,29115,https://www.reddit.com/r/uichicago/comments/1mvozfr/transfer_spring_26/,transfer_spring_26,"hey, I am currently a rising senior and got fucked over by financial aid at the school I was attending. I had transfered to a four year univerity in-state and now need to transfer to UIC to finish my last year. I had attended COD for community college but now am hoping to transfer to UIC as a close and affordable option since my parents don't pay any for me. I really need this to work out at UIC so I can just finish my education.

does anyone have any advice? I know my FAFSA mkes it seem like my dad can contribute more but he doesn't. are there any scholarships or advice anyone has for me?",Transfer Spring 26,Question,2025-08-20T19:39:07.000Z,self,false,reekypea,https://www.reddit.com/user/reekypea,1,false,false,false,false,false,false,false,false,false,false,0,,2,0,1,false,false,,,false,false,0,false,,true,false,false,,,,,,2025-09-12T18:52:15.772Z,
https://www.reddit.com/r/uichicago/,1000,,uichicago,t5_2shzc,r/uichicago,https://www.reddit.com/r/uichicago,public,29115,https://www.reddit.com/r/uichicago/comments/1mvleoq/financial_aid_reversed/,financial_aid_reversed,"Has anyone gotten their financial aid reversed?
This is my first year as a grad student. I got a notification early this morning that my aid was reverse and now I owe.",Financial Aid Reversed,null,2025-08-20T17:30:49.000Z,self,false,MooMooCHI089,https://www.reddit.com/user/MooMooCHI089,3,false,false,false,false,false,false,false,false,false,false,0,,1,0,1,true,false,,,false,false,0,false,,true,false,false,,,,,,2025-09-12T18:52:15.772Z,
https://www.reddit.com/r/uichicago/,1000,,uichicago,t5_2shzc,r/uichicago,https://www.reddit.com/r/uichicago,public,29115,https://www.reddit.com/r/uichicago/comments/1mvj6sq/music_placements_experience/,music_placements_experience,Taking the music placement this Friday. Has anyone taken them before? How hard was it?,Music Placements experience?,Question,2025-08-20T16:11:46.000Z,self,false,Unhappy_Tea_395,https://www.reddit.com/user/Unhappy_Tea_395,0,false,false,false,false,false,false,false,false,false,false,0,,2,0,1,false,false,,,false,false,0,false,,true,false,false,,,,,,2025-09-12T18:52:15.772Z,
https://www.reddit.com/r/uichicago/,1000,,uichicago,t5_2shzc,r/uichicago,https://www.reddit.com/r/uichicago,public,29115,https://www.reddit.com/r/uichicago/comments/1mvhnbj/organic_chemistry_quiz_date/,organic_chemistry_quiz_date,"hi i’m a freshman at uic, is it best to put your quiz dates on mondays wednesdays or fridays? thanks!",organic chemistry quiz date,null,2025-08-20T15:16:37.000Z,self,false,Prize_Date_6248,https://www.reddit.com/user/Prize_Date_6248,0,false,false,false,false,false,false,false,false,false,false,0,,1,0,1,true,false,,,false,false,0,false,,true,false,false,,,,,,2025-09-12T18:52:15.772Z,
https://www.reddit.com/r/uichicago/,1000,,uichicago,t5_2shzc,r/uichicago,https://www.reddit.com/r/uichicago,public,29115,https://www.reddit.com/r/uichicago/comments/1mvhean/freshman_at_uic_schedule_approval/,freshman_at_uic_schedule_approval,hi i’ve been having some questions about my schedule and was wondering if this would be okay or if there are some things i should change,freshman at uic schedule approval,null,2025-08-20T15:07:26.000Z,https://a.thumbs.redditmedia.com/wNVfhmJvbFf_j0m40ikDclpFnkZD1nSifEB7i-NAB34.jpg,true,Prize_Date_6248,https://www.reddit.com/user/Prize_Date_6248,5,false,false,false,false,false,false,false,false,false,false,0,,9,0,0.91,false,false,,,false,false,0,false,,true,false,false,,,,,,2025-09-12T18:52:15.772Z,
https://www.reddit.com/r/uichicago/,1000,,uichicago,t5_2shzc,r/uichicago,https://www.reddit.com/r/uichicago,public,29115,https://www.reddit.com/r/uichicago/comments/1mv7frq/should_i_minor_in_mis/,should_i_minor_in_mis,I’m a rising junior studying cs and wanted to know if minoring in mis would be worth it. Im interested in getting into consulting preferably tech consulting. Has anyone else minored in mis or think it would benefit me?,Should I minor in MIS,null,2025-08-20T06:46:08.000Z,self,false,Maleficent-Slide5111,https://www.reddit.com/user/Maleficent-Slide5111,1,false,false,false,false,false,false,false,false,false,false,0,,2,0,1,false,false,,,false,false,0,false,,true,false,false,,,,,,2025-09-12T18:52:15.772Z,
https://www.reddit.com/r/uichicago/,1000,,uichicago,t5_2shzc,r/uichicago,https://www.reddit.com/r/uichicago,public,29115,https://www.reddit.com/r/uichicago/comments/1mv5cg7/thoughts_on_schedule/,thoughts_on_schedule,Im in incoming freshman biological science and was wondering if my schedule looked okay?,Thoughts on schedule?,null,2025-08-20T04:42:49.000Z,https://b.thumbs.redditmedia.com/fq-l2a5iCRUASFaz8VbD7cdLn9vAla7cQwRmZrCH1TA.jpg,true,CommunityAnnual7793,https://www.reddit.com/user/CommunityAnnual7793,6,false,false,false,false,false,false,false,false,false,false,0,,1,0,0.57,true,false,,,false,false,0,false,,true,false,false,,,,,,2025-09-12T18:52:15.773Z,
https://www.reddit.com/r/uichicago/,1000,,uichicago,t5_2shzc,r/uichicago,https://www.reddit.com/r/uichicago,public,29115,https://www.reddit.com/r/uichicago/comments/1mv4f2h/asmussen_engl_161/,asmussen_engl_161,"Is Ryan Asmussen good for ENGL161? All the ratings on rmp are outdated and the description for his class is still pending, if anyone had him please share some advice it would be greatly appreciated",Asmussen ENGL 161,Question,2025-08-20T03:53:35.000Z,self,false,SweetYouth6821,https://www.reddit.com/user/SweetYouth6821,2,false,false,false,false,false,false,false,false,false,false,0,,1,0,1,true,false,,,false,false,0,false,,true,false,false,,,,,,2025-09-12T18:52:15.773Z,
https://www.reddit.com/r/uichicago/,1000,,uichicago,t5_2shzc,r/uichicago,https://www.reddit.com/r/uichicago,public,29115,https://www.reddit.com/r/uichicago/comments/1mv47v8/aula_en_accion_2_textbook/,aula_en_accion_2_textbook,"Hi! I will be taking Spanish 103 this semester and will need this textbook, but I cannoootttt justify spending $120 on it right now :( Is anybody selling the Aula en Acción 2 Student Textbook ISBN: 9788419072917

  
Or if you know of any website to get it cheaper that will be helpful, please and thank you :)",Aula en Accion 2 Textbook,null,2025-08-20T03:43:18.000Z,self,false,Budget_Blacksmith559,https://www.reddit.com/user/Budget_Blacksmith559,4,false,false,false,false,false,false,false,false,false,false,0,,2,0,1,false,false,,,false,false,0,false,,true,false,false,,,,,,2025-09-12T18:52:15.773Z,
https://www.reddit.com/r/uichicago/,1000,,uichicago,t5_2shzc,r/uichicago,https://www.reddit.com/r/uichicago,public,29115,https://www.reddit.com/r/uichicago/comments/1mv0e7r/any_tips_for_these_courses/,any_tips_for_these_courses,"Hey y’all. I’m a transfer student looking for advice on my current courses. Any tips on how I should prioritize a course’s assignments, the learning methods a professor might use, etc. would be really appreciated. Thanks!",Any tips for these courses?,null,2025-08-20T00:43:02.000Z,https://b.thumbs.redditmedia.com/A08wXUObeeXPsduGhtEiavAM6RoDDk7cEM0Xe15yguA.jpg,true,Ok_Persimmon_6300,https://www.reddit.com/user/Ok_Persimmon_6300,9,false,false,false,false,false,false,false,false,false,false,0,,8,0,0.9,false,false,,,false,false,0,false,,true,false,false,,,,,,2025-09-12T18:52:15.773Z,
https://www.reddit.com/r/uichicago/,1000,,uichicago,t5_2shzc,r/uichicago,https://www.reddit.com/r/uichicago,public,29115,https://www.reddit.com/r/uichicago/comments/1muy22t/visiting_west_comms_student/,visiting_west_comms_student,"Hey guys, I was wondering about the visitation rules/requirements if any. My gf will be housing in the west comms and wanted to know what the requirements were for non enrolled visitors.",Visiting West Comms Student,Question,2025-08-19T23:02:33.000Z,self,false,TeamTLWTrilll,https://www.reddit.com/user/TeamTLWTrilll,0,false,false,false,false,false,false,false,false,false,false,0,,1,0,1,true,false,,,false,false,0,false,,true,false,false,,,,,,2025-09-12T18:52:15.773Z,
https://www.reddit.com/r/uichicago/,1000,,uichicago,t5_2shzc,r/uichicago,https://www.reddit.com/r/uichicago,public,29115,https://www.reddit.com/r/uichicago/comments/1mux0bk/packaged_at_cty/,packaged_at_cty,"I’m ordering stuff online and saw that it won’t get to me in time before I move in, so I want to send it to the mail room/PO box at the dorm so I can just pick it up there after I move in. Does anyone know what I would put as the address for package or is it not possible to have something sent to the dorm yet since I’m not moved in?",Packaged at CTY,null,2025-08-19T22:19:54.000Z,self,false,pandesalmama,https://www.reddit.com/user/pandesalmama,3,false,false,false,false,false,false,false,false,false,false,0,,0,0,0.33,true,false,,,false,false,0,false,,true,false,false,,,,,,2025-09-12T18:52:15.773Z,
https://www.reddit.com/r/uichicago/,1000,,uichicago,t5_2shzc,r/uichicago,https://www.reddit.com/r/uichicago,public,29115,https://www.reddit.com/r/uichicago/comments/1muw8ff/syllabus_needed_for_ed252/,syllabus_needed_for_ed252,"Hello, I was just wondering if anyone had a syllabus from a previous semester from the class ED252- Contemporary Controversies in U.S. Schools?",Syllabus needed for ED252,Question,2025-08-19T21:49:37.000Z,self,false,MasterpieceFamous943,https://www.reddit.com/user/MasterpieceFamous943,0,false,false,false,false,false,false,false,false,false,false,0,,1,0,1,true,false,,,false,false,0,false,,true,false,false,,,,,,2025-09-12T18:52:15.773Z,
https://www.reddit.com/r/uichicago/,1000,,uichicago,t5_2shzc,r/uichicago,https://www.reddit.com/r/uichicago,public,29115,https://www.reddit.com/r/uichicago/comments/1muvcaf/usmle_study_group_library/,usmle_study_group_library,I am preparing for step 2. The idea is to stay motivated and consistent. We will be studying in  health sciences library at 3rd floor (queit floor) sitting at distance from each other in order to lessen the distractions. There may be a scheduled  discussion hour on hard facts/conceots conditioned to requirement. Timings will be 8 am to 7 pm. Anyone can join or leave anytime. Let's get connected and motivate each other.,USMLE study group @ library,null,2025-08-19T21:16:05.000Z,self,false,CommercialValue6223,https://www.reddit.com/user/CommercialValue6223,0,false,false,false,false,false,false,false,false,false,false,0,,1,0,0.67,true,false,,,false,false,0,false,,true,false,false,,,,,,2025-09-12T18:52:15.773Z,
https://www.reddit.com/r/uichicago/,1000,,uichicago,t5_2shzc,r/uichicago,https://www.reddit.com/r/uichicago,public,29115,https://www.reddit.com/r/uichicago/comments/1muuino/hi_all_do_i_have_to_get_a_new_upass_or_can_i_keep/,hi_all_do_i_have_to_get_a_new_upass_or_can_i_keep,I opted in for the U-Pass again. Does that reactivate the one I got last year or do I need to acquire a new card? Sorry if this question is stupid love y'all,Hi all! Do I have to get a new U-Pass or can I keep using the one I used the last 2 semesters?,Question,2025-08-19T20:45:56.000Z,self,false,Latter-Huckleberry92,https://www.reddit.com/user/Latter-Huckleberry92,2,false,false,false,false,false,false,false,false,false,false,0,,0,0,0.5,true,false,,,false,false,0,false,,true,false,false,,,,,,2025-09-12T18:52:15.773Z,
https://www.reddit.com/r/uichicago/,1000,,uichicago,t5_2shzc,r/uichicago,https://www.reddit.com/r/uichicago,public,29115,https://www.reddit.com/r/uichicago/comments/1mutzct/ids_270_does_anyone_know_where_to_get_the_ebook/,ids_270_does_anyone_know_where_to_get_the_ebook,,IDS 270 does anyone know where to get the ebook either free or cheap without giving my laptop a virus?,Question,2025-08-19T20:25:53.000Z,self,false,No_Mouse4690,https://www.reddit.com/user/No_Mouse4690,1,false,false,false,false,false,false,false,false,false,false,0,,2,0,1,false,false,,,false,false,0,false,,true,false,false,,,,,,2025-09-12T18:52:15.773Z,
https://www.reddit.com/r/uichicago/,1000,,uichicago,t5_2shzc,r/uichicago,https://www.reddit.com/r/uichicago,public,29115,https://www.reddit.com/r/uichicago/comments/1musxd8/help_plz_transfer/,help_plz_transfer,"Transferology website is so messed up.

I’m looking to soon Transfer into UIC school of Comp Sci and I see their requirements.

The only ones I’m worried are the Program Design (wondering if my Intro to Programming at Triton meets req) and worried about the “Physics or Chem1 and Chem2” (I’ve done chem1 at Triton and am wondering if Principles of Chemistry2 at COD will work) I also see I’m missing intro to Differentials but that one should be fine I have Calcs out of the way and will take COD’s intro to dE.

Also wondering about Speech? I know that’s a req for associates do I need to take it before entering UIC school of Comp Sci?

If anyone can help plz I’ll owe u my life",HELP PLZ TRANSFER,Question,2025-08-19T19:47:39.000Z,self,false,SpiderPiss27,https://www.reddit.com/user/SpiderPiss27,4,false,false,false,false,false,false,false,false,false,false,0,,1,0,1,true,false,,,false,false,0,false,,true,false,false,,,,,,2025-09-12T18:52:15.774Z,
https://www.reddit.com/r/uichicago/,1000,,uichicago,t5_2shzc,r/uichicago,https://www.reddit.com/r/uichicago,public,29115,https://www.reddit.com/r/uichicago/comments/1muqfvv/what_parking_do_i_choose/,what_parking_do_i_choose,"Hi all, im an incoming freshman debating between reciprocal vs full annual parking. I’ll drive every day for classes (comp sci major w some biology classes) and might also use the gym (probably SRF but it doesn’t really matter) Which one do you recommend? Are there any issues with availability in reciprocal lots?",what parking do i choose,Question,2025-08-19T18:18:44.000Z,self,false,Direct_Depth_6169,https://www.reddit.com/user/Direct_Depth_6169,2,false,false,false,false,false,false,false,false,false,false,0,,2,0,1,false,false,,,false,false,0,false,,true,false,false,,,,,,2025-09-12T18:52:15.774Z,
https://www.reddit.com/r/uichicago/,1000,,uichicago,t5_2shzc,r/uichicago,https://www.reddit.com/r/uichicago,public,29115,https://www.reddit.com/r/uichicago/comments/1mup4ff/what_is_with_these_cta_transit_charges_on_uipay/,what_is_with_these_cta_transit_charges_on_uipay,"I'm wondering if this has to do with the OPT-IN status of the U-PASS+, since they issue a CTA Transit fee when someone opts-in from what I've read. But the fact that I'm charged twice and then the random refunded amount in between is what is confusing me. It's my first time using the UPASS+ and I didn't think I'd have to pay anything more then the $380 but this seems to suggest otherwise. Do I have to pay the issued total of $349 AND the U-PASS+ $380? What exactly is going on?",What is with these CTA transit charges on UI-PAY?,Question,2025-08-19T17:32:03.000Z,self,false,kunndata,https://www.reddit.com/user/kunndata,0,false,false,false,false,false,false,false,false,false,false,0,,1,0,1,true,false,,,false,false,0,false,,true,false,false,,,,,,2025-09-12T18:52:15.774Z,
https://www.reddit.com/r/uichicago/,1000,,uichicago,t5_2shzc,r/uichicago,https://www.reddit.com/r/uichicago,public,29115,https://www.reddit.com/r/uichicago/comments/1muntqx/i_filled_out_the_campus_care_opt_out_waiver_form/,i_filled_out_the_campus_care_opt_out_waiver_form,,I filled out the Campus Care Opt Out Waiver Form. What does she mean?,null,2025-08-19T16:45:25.000Z,https://b.thumbs.redditmedia.com/92EYtMgPrSI7-Xao32CJcro9sxS5R-TRMonMymFMZfs.jpg,true,Proof-Spite2679,https://www.reddit.com/user/Proof-Spite2679,12,false,false,false,false,false,false,false,false,false,false,0,,42,0,0.95,false,false,,,false,false,0,false,,true,false,false,,,,,,2025-09-12T18:52:15.774Z,
https://www.reddit.com/r/uichicago/,1000,,uichicago,t5_2shzc,r/uichicago,https://www.reddit.com/r/uichicago,public,29115,https://www.reddit.com/r/uichicago/comments/1mumj6x/good_schedule_for_a_freshman/,good_schedule_for_a_freshman,"Thursday seems kinda dreary, but I don’t think I can fix it",Good schedule for a freshman?,null,2025-08-19T15:59:09.000Z,https://b.thumbs.redditmedia.com/zxGPHIhX37HFFVGKjHj7fbppN7GEls8-qiqQZfA8cqU.jpg,true,Glittering_plague426,https://www.reddit.com/user/Glittering_plague426,1,false,false,false,false,false,false,false,false,false,false,0,,4,0,0.84,false,false,,,false,false,0,false,,true,false,false,,,,,,2025-09-12T18:52:15.774Z,
https://www.reddit.com/r/uichicago/,1000,,uichicago,t5_2shzc,r/uichicago,https://www.reddit.com/r/uichicago,public,29115,https://www.reddit.com/r/uichicago/comments/1mulnsd/process_of_loans_disbursement/,process_of_loans_disbursement,"Hey, so I’m a transfer student. This is my first time taking out loans for school. Both federal direct sub and un-sub.

I know the money was supposed to be transferred to students since last week but I haven’t heard or received anything yet.

Was there a process I had to do in order to receive these funds? All I thought I had to do was sign up for it and wait. It says they’re both accepted. I tried emailing the engineering financial aid office but they’ve honestly been pissing me off with how slow and dumb they are. They’re so unhelpful and it’s crazy how City Colleges of Chicago were way better and friendlier about it.",Process of loans disbursement,Question,2025-08-19T15:27:55.000Z,https://b.thumbs.redditmedia.com/fkYPDASOo9rY8SHbCBtpj-0QBjEK7cSXeixCLKRY1fU.jpg,true,GoodBoyPuppi,https://www.reddit.com/user/GoodBoyPuppi,8,false,false,false,false,false,false,false,false,false,false,0,,17,0,1,false,false,,,false,false,0,false,,true,false,false,,,,,,2025-09-12T18:52:15.774Z,
https://www.reddit.com/r/uichicago/,1000,,uichicago,t5_2shzc,r/uichicago,https://www.reddit.com/r/uichicago,public,29115,https://www.reddit.com/r/uichicago/comments/1mulg7g/rate_my_schedule_as_a_freshman/,rate_my_schedule_as_a_freshman,,rate my schedule as a freshman,null,2025-08-19T15:20:26.000Z,https://b.thumbs.redditmedia.com/WvcNIO4_CiaiHWuzUykBlQLke1-bjkxkFZ2VzRh3qos.jpg,true,ava081907,https://www.reddit.com/user/ava081907,1,false,false,false,false,false,false,false,false,false,false,0,,1,0,0.67,true,false,,,false,false,0,false,,true,false,false,,,,,,2025-09-12T18:52:15.774Z,
https://www.reddit.com/r/uichicago/,1000,,uichicago,t5_2shzc,r/uichicago,https://www.reddit.com/r/uichicago,public,29115,https://www.reddit.com/r/uichicago/comments/1mul4dq/how_do_i_actually_find_join_clubs_at_uic/,how_do_i_actually_find_join_clubs_at_uic,"I’m an incoming student and I have no idea where I’m supposed to find clubs or how I’m actually supposed to join them. I know there’s a website, but none of the pages list where or when the meetings are, so I have no clue where I’m supposed to go or who I’m supposed to contact. Is an event or something/somewhere I’m supposed to go to? I’m lost on how I’m supposed to actually join these things and show up. Any guidance would help.",How do I actually find &amp; join clubs at UIC?,Discussion,2025-08-19T15:08:42.000Z,self,false,Total-Chemical-4300,https://www.reddit.com/user/Total-Chemical-4300,6,false,false,false,false,false,false,false,false,false,false,0,,8,0,0.91,false,false,,,false,false,0,false,,true,false,false,,,,,,2025-09-12T18:52:15.775Z,
https://www.reddit.com/r/uichicago/,1000,,uichicago,t5_2shzc,r/uichicago,https://www.reddit.com/r/uichicago,public,29115,https://www.reddit.com/r/uichicago/comments/1muk8sf/2nd_fem_roommate_needed_for_3bed1bath/,2nd_fem_roommate_needed_for_3bed1bath,"**Need 2nd FEMALE GRAD STUDENT roommate for** [Victorian 3 bed/1 full bath](https://offcampushousing.uic.edu/housing/property/little-italy-3rd-floor-turn-of-the-century-apartment-close-to-west-campus/ocpcm5zyvd) **in Medical District** 

**Deposit: $800** 

**Rent: $800 on the 5th of each month** 

**Utilities: $80-100 a month** 

**NO PETS ALLOWED** (unfortunately) 

Hello everyone, 

I hope this is allowed to post here. I am an incoming MPH student at UIC. My second roommate ghosted me, so my current roommate and I are looking for someone to fill her place. **Everything is furnished except for the empty third bedroom.** 

I also have a profile on UIC off-campus housing (Sophie M, see above link). The only people left there (who meet my criteria) are those whom I've already been rejected. 

If you don't need a place, but know someone who does, please have them message me on the off-campus housing portal. 

  
Thank you so much, Sophie",2nd Fem. Roommate needed for 3bed/1bath,null,2025-08-19T14:36:44.000Z,self,false,Cold_Cryptographer48,https://www.reddit.com/user/Cold_Cryptographer48,0,false,false,false,false,false,false,false,false,false,false,0,,2,0,1,true,false,,,false,false,0,false,,true,false,false,,,,,,2025-09-12T18:52:15.775Z,
https://www.reddit.com/r/uichicago/,1000,,uichicago,t5_2shzc,r/uichicago,https://www.reddit.com/r/uichicago,public,29115,https://www.reddit.com/r/uichicago/comments/1muiazn/uic_welcome_week_party/,uic_welcome_week_party,[https://posh.vip/f/30590?t=uic](https://posh.vip/f/30590?t=uic),UIC WELCOME WEEK PARTY,null,2025-08-19T13:22:34.000Z,self,false,AfterDiscipline8780,https://www.reddit.com/user/AfterDiscipline8780,4,false,false,false,false,false,false,false,false,false,false,0,,0,0,0.38,true,false,,,false,false,0,false,,true,false,false,,,,,,2025-09-12T18:52:15.775Z,
https://www.reddit.com/r/uichicago/,1000,,uichicago,t5_2shzc,r/uichicago,https://www.reddit.com/r/uichicago,public,29115,https://www.reddit.com/r/uichicago/comments/1mub9ez/course_registration_concern/,course_registration_concern,"I am unable to register for EAES 101; it says...

* EAES 101 CRN \*\*\*\*\*: Departmental Approval Required
* EAES 101 CRN \*\*\*\*\*: Linked course required (Lecture)(AL)

I also took EAES 111 last semester. I am not aware if that is the reason or not. Is there something I can do?",Course Registration Concern,null,2025-08-19T07:00:03.000Z,self,false,Tadashi2460,https://www.reddit.com/user/Tadashi2460,1,false,false,false,false,false,false,false,false,false,false,0,,1,0,1,true,false,,,false,false,0,false,,true,false,false,,,,,,2025-09-12T18:52:15.775Z,
https://www.reddit.com/r/uichicago/,1000,,uichicago,t5_2shzc,r/uichicago,https://www.reddit.com/r/uichicago,public,29115,https://www.reddit.com/r/uichicago/comments/1mu84nm/does_graphic_design_has_drawing_and_painting/,does_graphic_design_has_drawing_and_painting,"Hi, I'm planning to study Graphic Design at UIC, and I have some questions about the first year (Foundation Year). What kinds of classes do students take, and is there a big focus on drawing or painting? If I'm really bad at those skills especially drawing living things , will that be a problem? I'd love to hear about your experience and any advice you might have.

Thank you!",Does Graphic design has drawing and painting?,Question,2025-08-19T04:01:31.000Z,self,false,Aney789,https://www.reddit.com/user/Aney789,5,false,false,false,false,false,false,false,false,false,false,0,,2,0,1,false,false,,,false,false,0,false,,true,false,false,,,,,,2025-09-12T18:52:15.775Z,
https://www.reddit.com/r/uichicago/,1000,,uichicago,t5_2shzc,r/uichicago,https://www.reddit.com/r/uichicago,public,29115,https://www.reddit.com/r/uichicago/comments/1mu7z6k/questions_from_nondegree_seeking_grad_student/,questions_from_nondegree_seeking_grad_student,"Who in the chem department can I email to send my transcript from my previous university in order to enroll in CHEM 232?  
Same question for enrollment in KN 230. Also, KN 232 (the lab) is full, will it be possible for me to join a lab section?

Thank you",Questions from non-degree seeking grad student - help pls,Question,2025-08-19T03:53:48.000Z,self,false,JohannesPab,https://www.reddit.com/user/JohannesPab,1,false,false,false,false,false,false,false,false,false,false,0,,1,0,1,true,false,,,false,false,0,false,,true,false,false,,,,,,2025-09-12T18:52:15.775Z,
https://www.reddit.com/r/uichicago/,1000,,uichicago,t5_2shzc,r/uichicago,https://www.reddit.com/r/uichicago,public,29115,https://www.reddit.com/r/uichicago/comments/1mu2wkc/on_campus_jobs/,on_campus_jobs,i’ve applied to like 6 on campus jobs and have gotten rejected from 2 and left on reviewed for the rest   any tips on getting an on campus job?,on campus jobs,null,2025-08-19T00:01:08.000Z,self,false,Straight_Bar2138,https://www.reddit.com/user/Straight_Bar2138,3,false,false,false,false,false,false,false,false,false,false,0,,9,0,0.8,false,false,,,false,false,0,false,,true,false,false,,,,,,2025-09-12T18:52:15.775Z,
https://www.reddit.com/r/uichicago/,1000,,uichicago,t5_2shzc,r/uichicago,https://www.reddit.com/r/uichicago,public,29115,https://www.reddit.com/r/uichicago/comments/1mu2tut/how_bad_is_this_schedule/,how_bad_is_this_schedule,,How bad is this schedule?,null,2025-08-18T23:58:01.000Z,https://a.thumbs.redditmedia.com/Tw2QOZFBBUbAfN0qUIyP0qVKtHc_EYQuOOaVSvrO6u0.jpg,true,MillionaireZeke,https://www.reddit.com/user/MillionaireZeke,2,false,false,false,false,false,false,false,false,false,false,0,,3,0,1,false,false,,,false,false,0,false,,true,false,false,,,,,,2025-09-12T18:52:15.775Z,
https://www.reddit.com/r/uichicago/,1000,,uichicago,t5_2shzc,r/uichicago,https://www.reddit.com/r/uichicago,public,29115,https://www.reddit.com/r/uichicago/comments/1mtzadn/study_aids_available/,study_aids_available,Just DM me.,Study aids available.,null,2025-08-18T21:33:52.000Z,self,false,Charlie82187,https://www.reddit.com/user/Charlie82187,0,false,false,false,false,false,false,false,false,false,false,0,,0,0,0.5,true,false,,,false,false,0,false,,true,false,false,,,,,,2025-09-12T18:52:15.775Z,
https://www.reddit.com/r/uichicago/,1000,,uichicago,t5_2shzc,r/uichicago,https://www.reddit.com/r/uichicago,public,29115,https://www.reddit.com/r/uichicago/comments/1mtxzjt/was_i_dismissed/,was_i_dismissed,So i attended Uic two years ago. during my freshman I failed my first semester with a gpa bellow 2.00 around the 0.s. I took a break which then turned into a longer depressive break and before the fall semester begun this year I wanted to go back. But I can login to my account. My outlook isn’t working and my net id is saying no account found. What should I do. (Very lost),Was i dismissed?,Question,2025-08-18T20:45:21.000Z,self,false,Klutzy_Database3424,https://www.reddit.com/user/Klutzy_Database3424,15,false,false,false,false,false,false,false,false,false,false,0,,6,0,0.69,false,false,,,false,false,0,false,,true,false,false,,,,,,2025-09-12T18:52:15.775Z,
https://www.reddit.com/r/uichicago/,1000,,uichicago,t5_2shzc,r/uichicago,https://www.reddit.com/r/uichicago,public,29115,https://www.reddit.com/r/uichicago/comments/1mtwr7n/any_good_orgo_233_ta/,any_good_orgo_233_ta,"I really don't like chem labs, and I’d like to avoid unnecessary stress during chem labs. Is there any good and approachable TA that I can take?",Any good orgo 233 TA?,Question,2025-08-18T20:00:13.000Z,self,false,luminary-dreamer,https://www.reddit.com/user/luminary-dreamer,5,false,false,false,false,false,false,false,false,false,false,0,,2,0,1,false,false,,,false,false,0,false,,true,false,false,,,,,,2025-09-12T18:52:15.775Z,
https://www.reddit.com/r/uichicago/,1000,,uichicago,t5_2shzc,r/uichicago,https://www.reddit.com/r/uichicago,public,29115,https://www.reddit.com/r/uichicago/comments/1mtu7r8/more_seats_opened_in_hist_105/,more_seats_opened_in_hist_105,"Hello again from History. Just another heads up to people looking for GenEd classes. Due to demand, more seats have opened up in History 105 Global Transformations for fall 2025. This class with Prof. Daly has asynchronous online lectures and discussion sections with graduate student TAs. This can satisfy GenEds in the Understanding the Past / World Cultures categories, and it's a great intro to the study of history. These will go quickly.",More seats opened in HIST 105,null,2025-08-18T18:27:12.000Z,self,false,UIC-HistoryDept,https://www.reddit.com/user/UIC-HistoryDept,0,true,false,false,false,false,false,false,false,false,false,0,,1,0,1,true,false,,,false,false,0,false,,true,false,false,,,,,,2025-09-12T18:52:15.776Z,
https://www.reddit.com/r/uichicago/,1000,,uichicago,t5_2shzc,r/uichicago,https://www.reddit.com/r/uichicago,public,29115,https://www.reddit.com/r/uichicago/comments/1mtu29e/anyone_still_waiting_on_their_financial_aid_notif/,anyone_still_waiting_on_their_financial_aid_notif,"i got my original one back in june but it was retracted in mid july because i needed to submit additional documents, which i did at the beginning of this month. just getting antsy since the semester starts next week and i haven't heard anything at all, the documents i submitted say they haven't even been reviewed yet.

https://preview.redd.it/y9696a1gltjf1.png?width=2086&amp;format=png&amp;auto=webp&amp;s=b1aad38e823f1ce62936687c192cf1e971b2429c",anyone still waiting on their financial aid notif?,Question,2025-08-18T18:21:35.000Z,https://b.thumbs.redditmedia.com/ZrogWuGg7jxjim1hkEpzfrCoR_E1VwTitzeucuGyy4U.jpg,false,Careless_Carry5437,https://www.reddit.com/user/Careless_Carry5437,1,false,false,false,false,false,false,false,false,false,false,0,,2,0,1,false,false,,,false,false,0,false,,true,false,false,,,,,,2025-09-12T18:52:15.776Z,
https://www.reddit.com/r/uichicago/,1000,,uichicago,t5_2shzc,r/uichicago,https://www.reddit.com/r/uichicago,public,29115,https://www.reddit.com/r/uichicago/comments/1mtrx13/anyone_got_their_refund_yet/,anyone_got_their_refund_yet,,Anyone got their refund yet???,Question,2025-08-18T17:05:00.000Z,self,false,EffectiveBackground1,https://www.reddit.com/user/EffectiveBackground1,21,false,false,false,false,false,false,false,false,false,false,0,,11,0,0.82,false,false,,,false,false,0,false,,true,false,false,,,,,,2025-09-12T18:52:15.776Z,
https://www.reddit.com/r/uichicago/,1000,,uichicago,t5_2shzc,r/uichicago,https://www.reddit.com/r/uichicago,public,29115,https://www.reddit.com/r/uichicago/comments/1mtrqro/thoughts_on_my_schedule/,thoughts_on_my_schedule,"Hello, I’m a transfer student starting my first semester at uic next week. How do yall rate my schedule? Advice for the class/professor is much appreciated too!

MGMT 452 is with Kim, Joe
ACTG 211 is with Bonham, Jonathan
FIN 300 is with Shu, Tengjia
BA 420 is with Warner, Kimmie",Thoughts on my schedule?,null,2025-08-18T16:58:57.000Z,https://b.thumbs.redditmedia.com/2RXH3Oo5l3wwd_AClTSUR6uSuSb-4EsaYvHjFrcMuIw.jpg,true,Dapper_Dream_4028,https://www.reddit.com/user/Dapper_Dream_4028,2,false,false,false,false,false,false,false,false,false,false,0,,5,0,1,false,false,,,false,false,0,false,,true,false,false,,,,,,2025-09-12T18:52:15.776Z,
https://www.reddit.com/r/uichicago/,1000,,uichicago,t5_2shzc,r/uichicago,https://www.reddit.com/r/uichicago,public,29115,https://www.reddit.com/r/uichicago/comments/1mtqpm5/federal_pell_grant_gone/,federal_pell_grant_gone,"I’ve been anxiously checking my financial aid notification for weeks now and still don’t see the federal pell grant at all. I still have yet to accept my notification since it’s missing, has anyone else had this issue? Getting nervous since it’s a week before school starts.",Federal Pell Grant Gone,null,2025-08-18T16:21:10.000Z,https://b.thumbs.redditmedia.com/-b7ZXuHSwMQVLk2_Ce2YwRzpExCWSM6qrJdjewljUdE.jpg,true,johndarksoul300,https://www.reddit.com/user/johndarksoul300,11,false,false,false,false,false,false,false,false,false,false,0,,32,0,0.92,false,false,,,false,false,0,false,,true,false,false,,,,,,2025-09-12T18:52:15.776Z,
https://www.reddit.com/r/uichicago/,1000,,uichicago,t5_2shzc,r/uichicago,https://www.reddit.com/r/uichicago,public,29115,https://www.reddit.com/r/uichicago/comments/1mtopfc/thoughts_on_schedule/,thoughts_on_schedule,"I'm a junior transfer student from a CC and my  major is marketing (business administration degree)

MKTG 462: Marketing Research with Manuel Hermosilla
FIN 300: Introduction to Finance with Shu Tengjia
MKTG 494. Special Topics in Marketing with Barbara McNamara
BA 290: Business Ethics with Edward Leahy
MKTG 370: Quantitative Marketing Skills with Anne Weidemanis Magi",Thoughts on Schedule?,null,2025-08-18T15:08:50.000Z,https://a.thumbs.redditmedia.com/gFK3a6N75sKWS1_Tfdt9F_GTVqdGdyUfk3YkJAwELG8.jpg,true,Wonderful-Eye2369,https://www.reddit.com/user/Wonderful-Eye2369,3,false,false,false,false,false,false,false,false,false,false,0,,8,0,0.9,false,false,,,false,false,0,false,,true,false,false,,,,,,2025-09-12T18:52:15.776Z,
https://www.reddit.com/r/uichicago/,1000,,uichicago,t5_2shzc,r/uichicago,https://www.reddit.com/r/uichicago,public,29115,https://www.reddit.com/r/uichicago/comments/1mtnbgb/tuition_fees_query/,tuition_fees_query,"I was thinking to apply for masters in CSE in UIC, I wanted to know the tuition fees for 2 yrs and any scholarship allotted and How much over all gpa does uic need?( For International students)",Tuition fees query,null,2025-08-18T14:17:16.000Z,self,false,RichDocument9206,https://www.reddit.com/user/RichDocument9206,0,false,false,false,false,false,false,false,false,false,false,0,,1,0,1,true,false,,,false,false,0,false,,true,false,false,,,,,,2025-09-12T18:52:15.776Z,
https://www.reddit.com/r/uichicago/,1000,,uichicago,t5_2shzc,r/uichicago,https://www.reddit.com/r/uichicago,public,29115,https://www.reddit.com/r/uichicago/comments/1mtmpb6/im_a_transfer_student_how_bad_is_this_schedule/,im_a_transfer_student_how_bad_is_this_schedule,I’m also commuting if that matters,"I’m a transfer student, how bad is this schedule?",null,2025-08-18T13:53:50.000Z,https://b.thumbs.redditmedia.com/1DHMQtJbFqqIrRCGHgeksEHPUo8Qrmw1SjHF9KbsM4M.jpg,true,Klutzy-Ad-7511,https://www.reddit.com/user/Klutzy-Ad-7511,8,false,false,false,false,false,false,false,false,false,false,0,,8,0,1,false,false,,,false,false,0,false,,true,false,false,,,,,,2025-09-12T18:52:15.777Z,
https://www.reddit.com/r/uichicago/,1000,,uichicago,t5_2shzc,r/uichicago,https://www.reddit.com/r/uichicago,public,29115,https://www.reddit.com/r/uichicago/comments/1mtkfig/if_i_purchase_zybooks_access_code_for_one_cs/,if_i_purchase_zybooks_access_code_for_one_cs,Title.,"If I purchase zyBooks access code for one CS class, can it be transferred to another CS class that requires zyBooks, or do I have to purchase them separately?",Question,2025-08-18T12:19:36.000Z,self,false,kunndata,https://www.reddit.com/user/kunndata,2,false,false,false,false,false,false,false,false,false,false,0,,1,0,0.67,true,false,,,false,false,0,false,,true,false,false,,,,,,2025-09-12T18:52:15.777Z,
https://www.reddit.com/r/uichicago/,1000,,uichicago,t5_2shzc,r/uichicago,https://www.reddit.com/r/uichicago,public,29115,https://www.reddit.com/r/uichicago/comments/1mtgb59/parttime_jobs_as_an_international_student/,parttime_jobs_as_an_international_student,"I'm an international grad student starting fall 25.

 I wanted to know if any of you could help me in finding a part-time job on-campus or an assistantantship.

I have been going around campus asking for jobs but didn't have any luck. There aren't a lot of jobs I can apply to on handshake either.

Thanks a lot for any advice or help!",Part-time jobs as an international student,Question,2025-08-18T08:31:27.000Z,self,false,NegativePhrase4195,https://www.reddit.com/user/NegativePhrase4195,1,false,false,false,false,false,false,false,false,false,false,0,,1,0,1,true,false,,,false,false,0,false,,true,false,false,,,,,,2025-09-12T18:52:15.777Z,
https://www.reddit.com/r/uichicago/,1000,,uichicago,t5_2shzc,r/uichicago,https://www.reddit.com/r/uichicago,public,29115,https://www.reddit.com/r/uichicago/comments/1mtcamz/is_upass_included_in_tuition/,is_upass_included_in_tuition,,is upass included in tuition???,Question,2025-08-18T04:29:58.000Z,self,false,Proof-Spite2679,https://www.reddit.com/user/Proof-Spite2679,8,false,false,false,false,false,false,false,false,false,false,0,,5,0,0.78,false,false,,,false,false,0,false,,true,false,false,,,,,,2025-09-12T18:52:15.777Z,
https://www.reddit.com/r/uichicago/,1000,,uichicago,t5_2shzc,r/uichicago,https://www.reddit.com/r/uichicago,public,29115,https://www.reddit.com/r/uichicago/comments/1mtbe4a/about_gpip_pay/,about_gpip_pay,Did any GPIP interns receive their paychecks yet?,About GPIP pay,null,2025-08-18T03:43:05.000Z,self,false,Current-Ebb-5415,https://www.reddit.com/user/Current-Ebb-5415,0,false,false,false,false,false,false,false,false,false,false,0,,2,0,1,false,false,,,false,false,0,false,,true,false,false,,,,,,2025-09-12T18:52:15.777Z,
https://www.reddit.com/r/uichicago/,1000,,uichicago,t5_2shzc,r/uichicago,https://www.reddit.com/r/uichicago,public,29115,https://www.reddit.com/r/uichicago/comments/1mt5z5z/graduation_tickets_for_las_fall_ceremony/,graduation_tickets_for_las_fall_ceremony,"I know I'm thinking too far ahead, but typically for LAS fall commencement, how many tickets do students get for it?",Graduation tickets for LAS fall ceremony,null,2025-08-17T23:25:58.000Z,self,false,lavenderdarlings,https://www.reddit.com/user/lavenderdarlings,2,false,false,false,false,false,false,false,false,false,false,0,,1,0,1,true,false,,,false,false,0,false,,true,false,false,,,,,,2025-09-12T18:52:15.777Z,
https://www.reddit.com/r/uichicago/,1000,,uichicago,t5_2shzc,r/uichicago,https://www.reddit.com/r/uichicago,public,29115,https://www.reddit.com/r/uichicago/comments/1mt46lr/is_uic_library_open_for_public/,is_uic_library_open_for_public,Any fee? And what about health sciences library especially. I am medical doctor graduated outside USA.,Is uic library open for public?,Question,2025-08-17T22:08:38.000Z,self,false,CommercialValue6223,https://www.reddit.com/user/CommercialValue6223,9,true,false,false,false,false,false,false,false,false,false,0,,1,0,0.56,true,false,,,false,false,0,false,,true,false,false,,,,,,2025-09-12T18:52:15.777Z,
https://www.reddit.com/r/uichicago/,1000,,uichicago,t5_2shzc,r/uichicago,https://www.reddit.com/r/uichicago,public,29115,https://www.reddit.com/r/uichicago/comments/1mt3qdm/physics_131_lab_anyone/,physics_131_lab_anyone,If anybody here is taking physics 131 lab 5-6:50 PLEASE shoot me a DM I’m looking for a swap.,Physics 131 Lab anyone,null,2025-08-17T21:50:32.000Z,self,false,DWK307,https://www.reddit.com/user/DWK307,0,false,false,false,false,false,false,false,false,false,false,0,,0,0,0.5,true,false,,,false,false,0,false,,true,false,false,,,,,,2025-09-12T18:52:15.777Z,
https://www.reddit.com/r/uichicago/,1000,,uichicago,t5_2shzc,r/uichicago,https://www.reddit.com/r/uichicago,public,29115,https://www.reddit.com/r/uichicago/comments/1mt0dnj/hows_this_schedule/,hows_this_schedule,"sophomore ME major, and commuting so I don't mind not having breaks. Also want to try and move the lab if it opens.",How's this schedule?,null,2025-08-17T19:37:37.000Z,https://b.thumbs.redditmedia.com/91LJVtUprxQeI4y__FtH4LfCXgHKE3AevLXSdUv5ynY.jpg,true,Mysterious_Cost6181,https://www.reddit.com/user/Mysterious_Cost6181,7,false,false,false,false,false,false,false,false,false,false,0,,8,0,1,false,false,,,false,false,0,false,,true,false,false,,,,,,2025-09-12T18:52:15.777Z,
https://www.reddit.com/r/uichicago/,1000,,uichicago,t5_2shzc,r/uichicago,https://www.reddit.com/r/uichicago,public,29115,https://www.reddit.com/r/uichicago/comments/1msslab/hn_202_for_exploring_world_cultures/,hn_202_for_exploring_world_cultures,"I am an engineering transfer who would like to take HN 202 for exploring world cultures. My degree audit only says one course is required, and HN 202 is listed as an option. But the course requirements list on the engineering page says 3 hours are required for world cultures, and HN 202 is only 2 hours. Has anyone taken this course and had it count or not count?",HN 202 for exploring world cultures,null,2025-08-17T14:37:51.000Z,self,false,ZealousidealSink4405,https://www.reddit.com/user/ZealousidealSink4405,0,false,false,false,false,false,false,false,false,false,false,0,,1,0,1,true,false,,,false,false,0,false,,true,false,false,,,,,,2025-09-12T18:52:15.777Z,
https://www.reddit.com/r/uichicago/,1000,,uichicago,t5_2shzc,r/uichicago,https://www.reddit.com/r/uichicago,public,29115,https://www.reddit.com/r/uichicago/comments/1msk944/new_building_but_still_have_mold_infested_dorms/,new_building_but_still_have_mold_infested_dorms,Does anyone think that it’s crazy how a lot of the buildings are getting renovated but the dorms have mold everywhere and all they are doing is putting paint on top of it,New building but still have mold infested dorms,null,2025-08-17T07:09:21.000Z,self,false,Impossible-Home-2815,https://www.reddit.com/user/Impossible-Home-2815,2,false,false,false,false,false,false,false,false,false,false,0,,1,0,0.55,false,false,,,false,false,0,false,,true,false,false,,,,,,2025-09-12T18:52:15.777Z,
https://www.reddit.com/r/uichicago/,1000,,uichicago,t5_2shzc,r/uichicago,https://www.reddit.com/r/uichicago,public,29115,https://www.reddit.com/r/uichicago/comments/1mshdev/cs_468_information/,cs_468_information,"Im taking this class this semester and it sounds interesting and fun, I was wondering what topics are there, the difficulty how the class and the overall workload?",CS 468 Information,null,2025-08-17T04:23:52.000Z,self,false,KreamyBeef,https://www.reddit.com/user/KreamyBeef,0,false,false,false,false,false,false,false,false,false,false,0,,1,0,1,true,false,,,false,false,0,false,,true,false,false,,,,,,2025-09-12T18:52:15.778Z,
https://www.reddit.com/r/uichicago/,1000,,uichicago,t5_2shzc,r/uichicago,https://www.reddit.com/r/uichicago,public,29115,https://www.reddit.com/r/uichicago/comments/1mseqjm/computer_science_program/,computer_science_program,"I have 87.4/100 high school grade. And i am in national guard in IL. How likely i would get accepted into program? Computer Science , Bachelors",Computer Science Program,Question,2025-08-17T02:06:31.000Z,self,false,Wonderful_Abies_8378,https://www.reddit.com/user/Wonderful_Abies_8378,2,false,false,false,false,false,false,false,false,false,false,0,,1,0,1,true,false,,,false,false,0,false,,true,false,false,,,,,,2025-09-12T18:52:15.778Z,
https://www.reddit.com/r/uichicago/,1000,,uichicago,t5_2shzc,r/uichicago,https://www.reddit.com/r/uichicago,public,29115,https://www.reddit.com/r/uichicago/comments/1mse5vo/sublease_available_the_letterman_apartments/,sublease_available_the_letterman_apartments,"Looking for someone to take over my lease for a 4x2 apartment at The Letterman, located at 410 S Morgan St - a prime location near UIC and public transit.


Details:

• Private bedroom in a 4 bed / 2 bath unit

• Building: The Letterman - clean, modern, student-friendly

• Rent: 1065$/month 

• Sublease Available Now

• Lease term: 12 months

• Shared bathroom with one other person

• Fully furnished apartment and common areas

• Laundry room in the building

• Gym access included



Dm me if you are interested please.",Sublease Available - The Letterman Apartments,null,2025-08-17T01:38:22.000Z,self,false,choco_1920,https://www.reddit.com/user/choco_1920,3,false,false,false,false,false,false,false,false,false,false,0,,1,0,1,true,false,,,false,false,0,false,,true,false,false,,,,,,2025-09-12T18:52:15.778Z,
https://www.reddit.com/r/uichicago/,1000,,uichicago,t5_2shzc,r/uichicago,https://www.reddit.com/r/uichicago,public,29115,https://www.reddit.com/r/uichicago/comments/1msdpsh/external_scholarship_deposit_help/,external_scholarship_deposit_help,"I won a scholarship this summer and the organization shipped a check with my name and UIN to UIC 2 weeks ago. However, there hasn’t been any update to my financial aid notification or billing. Does it take a while to process scholarship checks? Has anyone had any experience with this in the past. I don’t want to not receive this scholarship since it will certainly help lower the cost of my tuition.",External scholarship deposit help!,Question,2025-08-17T01:16:20.000Z,self,false,CuriousBroccoli1807,https://www.reddit.com/user/CuriousBroccoli1807,5,false,false,false,false,false,false,false,false,false,false,0,,1,0,1,true,false,,,false,false,0,false,,true,false,false,,,,,,2025-09-12T18:52:15.778Z,
https://www.reddit.com/r/uichicago/,1000,,uichicago,t5_2shzc,r/uichicago,https://www.reddit.com/r/uichicago,public,29115,https://www.reddit.com/r/uichicago/comments/1msdihj/concurrent_enrollment_uiuc/,concurrent_enrollment_uiuc,"Hey, I've kind of seen this asked here before, but never really answered. I'm looking into finishing up my bachelor's in Poli Sci at UIUC. I want to add some economics study and maybe a double major or work towards a second bachelor's to finish after I graduate, but I am finding that I'm not as interested in the economics program at UIUC as I am by the one at UIC (less quant focused, more theory). I know that there is a concurrent enrollment program, so I'm trying to look into how possible it would be to do both at the same time. Does anyone know what it is like? Like... trying to travel between Champaign and Chicago for classes every week sounds absolutely insane to me. Has anyone ever actually done this, and is it as crazy as I think?",Concurrent Enrollment UIUC,null,2025-08-17T01:06:38.000Z,self,false,wishyouwould,https://www.reddit.com/user/wishyouwould,4,false,false,false,false,false,false,false,false,false,false,0,,2,0,0.75,false,false,,,false,false,0,false,,true,false,false,,,,,,2025-09-12T18:52:15.778Z,
https://www.reddit.com/r/uichicago/,1000,,uichicago,t5_2shzc,r/uichicago,https://www.reddit.com/r/uichicago,public,29115,https://www.reddit.com/r/uichicago/comments/1mschkz/safety_around_uic_west_campus/,safety_around_uic_west_campus,I am going to be living approx 1 mile from campus. Is this area really safe? Anything to advise?,Safety Around UIC West Campus,null,2025-08-17T00:17:11.000Z,self,false,Business-Serve573,https://www.reddit.com/user/Business-Serve573,14,false,false,false,false,false,false,false,false,false,false,0,,14,0,0.94,false,false,,,false,false,0,false,,true,false,false,,,,,,2025-09-12T18:52:15.778Z,
https://www.reddit.com/r/uichicago/,1000,,uichicago,t5_2shzc,r/uichicago,https://www.reddit.com/r/uichicago,public,29115,https://www.reddit.com/r/uichicago/comments/1mscaf3/need_advice_transfer_uni_for_marketingdigital/,need_advice_transfer_uni_for_marketingdigital,"Hi everyone,  
I’m an international student at a community college in Seattle and plan to transfer to a university in about 2 years.

My main interest is **Marketing**, especially Social Media Marketing. Some concerns:

* Marketing is usually **not STEM**, so work authorization after graduation would be limited.
* I’m considering focusing on the **analytics side of marketing** (like Marketing Analytics or Business Analytics). These programs are often STEM-designated, which could give longer work authorization. *(Growth Marketing itself isn’t STEM, but it’s a role many companies hire for, so I’m keeping it in mind career-wise.)*
* I’m **not very strong in math or coding**, so I want to avoid heavy CS or quantitative business paths.

Currently, I’m looking at:

* Georgia State University (Atlanta)
* University of Illinois Chicago (Chicago)
* Staying in Seattle (maybe UW, though cost of living is high)

Questions:

* With this path, what are the chances of finding jobs and work sponsorship after graduation?
* Which city would be better for career opportunities and networking in marketing/digital marketing?
* Any recommendations for other universities or states with strong programs, affordable tuition, and good alumni networks?

Would love to hear your advice or experiences",[Need advice] Transfer uni for Marketing/Digital Marketing Analytics – career &amp; sponsorship?,Question,2025-08-17T00:07:58.000Z,self,false,True_Marionberry_199,https://www.reddit.com/user/True_Marionberry_199,0,false,false,false,false,false,false,false,false,false,false,0,,1,0,1,true,false,,,false,false,0,false,,true,false,false,,,,,,2025-09-12T18:52:15.778Z,
https://www.reddit.com/r/uichicago/,1000,,uichicago,t5_2shzc,r/uichicago,https://www.reddit.com/r/uichicago,public,29115,https://www.reddit.com/r/uichicago/comments/1ms89m4/refund_information_page_empty/,refund_information_page_empty,"Hi. I’m supposed to get refund from UIC and according to their website i should able to see when will the money deposited to my bank account. But, when i check refund information the page is blank. How do you know if ur getting ur refund any time soon?",Refund information page empty,null,2025-08-16T21:25:35.000Z,https://b.thumbs.redditmedia.com/Vt1Xs-_gUDheh8SEYSz6J5h1060aeqLRmdevVjWBigQ.jpg,true,EffectiveBackground1,https://www.reddit.com/user/EffectiveBackground1,2,false,false,false,false,false,false,false,false,false,false,0,,14,0,1,false,false,,,false,false,0,false,,true,false,false,,,,,,2025-09-12T18:52:15.778Z,
https://www.reddit.com/r/uichicago/,1000,,uichicago,t5_2shzc,r/uichicago,https://www.reddit.com/r/uichicago,public,29115,https://www.reddit.com/r/uichicago/comments/1ms5phu/missing_dog_have_you_seen_her/,missing_dog_have_you_seen_her,"Hi Everyone- posting here for outreach as we still haven't found our Gretchy girl. She was last seen around the UIC campus, PetSmart parking garage on Roosevelt &amp; over by 18th. All sightings were Tuesday night. We haven't heard of any since. We are hoping she's hiding somewhere or someone kindly took her in and we hope they bring her to a vet or shelter. She's microchipped with my info. She's timid of strangers, especially men because she was abused prior to us adopting her last year. We think she would be food and water motivated.

We are very worried given the air &amp; water show this weekend + the heat. Please if you can, share this flyer on social media to get the word out that she's missing from her family. Her brother (our other dog) is so sad his sister is not with him :(",MISSING DOG: HAVE YOU SEEN HER?,null,2025-08-16T19:49:57.000Z,https://b.thumbs.redditmedia.com/aFRfZKZ_vMG77vLjEgBquS3RdXeusY8r4cOeJ0TRfOc.jpg,true,Clean-Parsnip3657,https://www.reddit.com/user/Clean-Parsnip3657,5,false,false,false,false,false,false,false,false,false,false,0,,68,0,0.98,false,false,,,false,false,0,false,,true,false,false,,,,,,2025-09-12T18:52:15.778Z,
https://www.reddit.com/r/uichicago/,1000,,uichicago,t5_2shzc,r/uichicago,https://www.reddit.com/r/uichicago,public,29115,https://www.reddit.com/r/uichicago/comments/1mrzly1/urgent_looking_for_accomodation/,urgent_looking_for_accomodation,"Hi! I’m looking for temporary accommodation starting from the month of September. Female only, furnished or unfurnished is fine. Preferably near UIC or within a 30-min bus ride. Please let me know if anything’s available!",URGENT Looking for accomodation,null,2025-08-16T16:09:51.000Z,self,false,Specialist-Wait4582,https://www.reddit.com/user/Specialist-Wait4582,0,false,false,false,false,false,false,false,false,false,false,0,,1,0,0.67,true,false,,,false,false,0,false,,true,false,false,,,,,,2025-09-12T18:52:15.779Z,
https://www.reddit.com/r/uichicago/,1000,,uichicago,t5_2shzc,r/uichicago,https://www.reddit.com/r/uichicago,public,29115,https://www.reddit.com/r/uichicago/comments/1mruqip/thoughts_on_my_schedule/,thoughts_on_my_schedule,"Additional information:
- Commuter student",Thoughts on my schedule,null,2025-08-16T13:06:04.000Z,https://b.thumbs.redditmedia.com/-ts9GkDVf9KecGB9GfxPg0tp_cl-p4dBReY6KO7zo7c.jpg,true,nopeitsnotme123,https://www.reddit.com/user/nopeitsnotme123,3,false,false,false,false,false,false,false,false,false,false,0,,2,0,1,false,false,,,false,false,0,false,,true,false,false,,,,,,2025-09-12T18:52:15.779Z,
https://www.reddit.com/r/uichicago/,1000,,uichicago,t5_2shzc,r/uichicago,https://www.reddit.com/r/uichicago,public,29115,https://www.reddit.com/r/uichicago/comments/1mrscin/use_of_blackboard/,use_of_blackboard,"Hello, incoming student in the fall. When using blackboard can we complete assignments ahead of time or is it locked?",Use of Blackboard,null,2025-08-16T11:17:41.000Z,self,false,According-Garbage554,https://www.reddit.com/user/According-Garbage554,6,false,false,false,false,false,false,false,false,false,false,0,,5,0,1,false,false,,,false,false,0,false,,true,false,false,,,,,,2025-09-12T18:52:15.779Z,
https://www.reddit.com/r/uichicago/,1000,,uichicago,t5_2shzc,r/uichicago,https://www.reddit.com/r/uichicago,public,29115,https://www.reddit.com/r/uichicago/comments/1mrko6u/shuttle_services_questions/,shuttle_services_questions,What are the on campus shuttle services like? Are busy in the early mornings? Are they crowded on time? Does anyone have any insight or experiences?,Shuttle services questions,Question,2025-08-16T04:28:07.000Z,self,false,Pure-Philosophy-628,https://www.reddit.com/user/Pure-Philosophy-628,7,false,false,false,false,false,false,false,false,false,false,0,,3,0,0.8,false,false,,,false,false,0,false,,true,false,false,,,,,,2025-09-12T18:52:15.779Z,
https://www.reddit.com/r/uichicago/,1000,,uichicago,t5_2shzc,r/uichicago,https://www.reddit.com/r/uichicago,public,29115,https://www.reddit.com/r/uichicago/comments/1mrjtyl/need_help_for_chem_122/,need_help_for_chem_122,I'm a incoming freshman and got a email from blackboard for chem 122. This is my first time using blackboard and getting links for smartwork and norton company but I don't know how to register for them because I don't know if I should have a registration code or purchase the stuff now.,Need help for chem 122,Question,2025-08-16T03:47:16.000Z,self,false,PepperDistinct5576,https://www.reddit.com/user/PepperDistinct5576,2,false,false,false,false,false,false,false,false,false,false,0,,3,0,1,false,false,,,false,false,0,false,,true,false,false,,,,,,2025-09-12T18:52:15.779Z,
https://www.reddit.com/r/uichicago/,1000,,uichicago,t5_2shzc,r/uichicago,https://www.reddit.com/r/uichicago,public,29115,https://www.reddit.com/r/uichicago/comments/1mrdqce/tuition_disbursed_today/,tuition_disbursed_today,"My tuition was disbursed early this morning in Bursar. For refunds, did they already process or do they send you an email to let you know?",Tuition Disbursed Today,null,2025-08-15T23:15:31.000Z,self,false,MooMooCHI089,https://www.reddit.com/user/MooMooCHI089,14,false,false,false,false,false,false,false,false,false,false,0,,7,0,0.9,false,false,,,false,false,0,false,,true,false,false,,,,,,2025-09-12T18:52:15.779Z,
https://www.reddit.com/r/uichicago/,1000,,uichicago,t5_2shzc,r/uichicago,https://www.reddit.com/r/uichicago,public,29115,https://www.reddit.com/r/uichicago/comments/1mrcz6m/fall_balance_vs_spring_balance/,fall_balance_vs_spring_balance,"can i expect my spring 2026 tuition balance to be similar to my fall? i tried to do the math from my financial aid notification but i get more aid in the spring, so im wondering if i should accept less loans for next semester.

does anyone know if we get charged the same amount?",fall balance vs spring balance,Question,2025-08-15T22:45:56.000Z,self,false,Sad_Rule_2835,https://www.reddit.com/user/Sad_Rule_2835,2,true,false,false,false,false,false,false,false,false,false,0,,2,0,1,false,false,,,false,false,0,false,,true,false,false,,,,,,2025-09-12T18:52:15.779Z,
https://www.reddit.com/r/uichicago/,1000,,uichicago,t5_2shzc,r/uichicago,https://www.reddit.com/r/uichicago,public,29115,https://www.reddit.com/r/uichicago/comments/1mrakgg/historical_images_of_uic_campus/,historical_images_of_uic_campus,"(Pictures shamelessly reposted from a \""UIC Alumni\"" facebook post.)  
  
The first image shows Stevenson, Grant, Douglas and Lincoln halls pre-renovation, with Lecture center A and the quad near the top. Note the elevated walkways connecting the buildings, to provide cover for muggers and bums. 

The second image shows the old power substation, that used to grace campus just west of the architecture building, also across from UH. 

The third image is lecture centers C and D, with student center east and the loop in the background. There awkward balcony off the inner circle makes a lot more sense when you see it this way, but on the whole, campus is much better off without these massive elevated walkways.",Historical images of UIC campus,null,2025-08-15T21:13:30.000Z,https://b.thumbs.redditmedia.com/ujYYNohm7dPpx1SWI9-w-aiTgjHNTzDRFiBUw-amirQ.jpg,false,proferiksson,https://www.reddit.com/user/proferiksson,6,false,false,false,false,false,false,false,false,false,false,0,,177,0,0.99,false,false,,,false,false,0,false,,true,false,false,,,,,,2025-09-12T18:52:15.779Z,
https://www.reddit.com/r/uichicago/,1000,,uichicago,t5_2shzc,r/uichicago,https://www.reddit.com/r/uichicago,public,29115,https://www.reddit.com/r/uichicago/comments/1mrajjv/trying_to_switch_to_college_of_architecture/,trying_to_switch_to_college_of_architecture,"Hello I’m currently in the college of engineering and want to switch to architecture. Any tips on how to do so would be helpful. Also none of my classes really fall along the architecture route, so I’m worried that I’ll be behind since I was told I won’t be able to switch till next semester. My major is biology, are there any courses I should take that fall in line with both majors? Hope this makes sense. Thank you",Trying to switch to college of architecture,null,2025-08-15T21:12:29.000Z,self,false,South_Cricket2753,https://www.reddit.com/user/South_Cricket2753,2,false,false,false,false,false,false,false,false,false,false,0,,3,0,0.8,false,false,,,false,false,0,false,,true,false,false,,,,,,2025-09-12T18:52:15.780Z,
https://www.reddit.com/r/uichicago/,1000,,uichicago,t5_2shzc,r/uichicago,https://www.reddit.com/r/uichicago,public,29115,https://www.reddit.com/r/uichicago/comments/1mr7brj/kn200_with_hibbing_or_stats101/,kn200_with_hibbing_or_stats101,"Hi guys! I’m a kinesiology major and have the option to take either KN 200 with Hibbing or Stats 101. I registered for KN 200 because it made more sense as a KN major, but if Stats 101 is easier, I’d rather go with that. Has anyone taken any of these courses?",KN200 with Hibbing or Stats101?,Question,2025-08-15T19:12:30.000Z,self,false,Delicious_Bet3708,https://www.reddit.com/user/Delicious_Bet3708,0,false,false,false,false,false,false,false,false,false,false,0,,3,0,1,false,false,,,false,false,0,false,,true,false,false,,,,,,2025-09-12T18:52:15.780Z,
https://www.reddit.com/r/uichicago/,1000,,uichicago,t5_2shzc,r/uichicago,https://www.reddit.com/r/uichicago,public,29115,https://www.reddit.com/r/uichicago/comments/1mr6bp7/what_are_some_good_clubs_for_incoming_premed/,what_are_some_good_clubs_for_incoming_premed,"What are some clubs you'd recommend incoming pre-med freshmen to look into? And I was wondering if there were any clubs that focused on support and community amongst low-income and/or minority pre-med/STEM students

  
And a little unrelated, I was wondering if there were any book clubs/monthly reading groups or something like that on campus 

  
Thank you!",What are some good clubs for (incoming) pre-med students?,Question,2025-08-15T18:35:47.000Z,self,false,ComprehensiveWall152,https://www.reddit.com/user/ComprehensiveWall152,4,false,false,false,false,false,false,false,false,false,false,0,,2,0,0.67,false,false,,,false,false,0,false,,true,false,false,,,,,,2025-09-12T18:52:15.780Z,
https://www.reddit.com/r/uichicago/,1000,,uichicago,t5_2shzc,r/uichicago,https://www.reddit.com/r/uichicago,public,29115,https://www.reddit.com/r/uichicago/comments/1mqz3bd/can_i_raise_the_beds_in_my_dorm/,can_i_raise_the_beds_in_my_dorm,"hi!! i’ll be dorming in commons west. as far as i know, lofting means to raise the bed high enough to fit the provided desk underneath or a mini couch. aside from using bed risers, is this type of bed able to be raised to its maximum settings? idk how to explain it",can i raise the beds in my dorm?,Question,2025-08-15T14:15:25.000Z,https://b.thumbs.redditmedia.com/nrZnIyzapyp2g3DUXbQ_pbg3uw1jmkTuZLavHWl-6pQ.jpg,false,uratoho,https://www.reddit.com/user/uratoho,8,false,false,false,false,false,false,false,false,false,false,0,,26,0,0.91,false,false,,,false,false,0,false,,true,false,false,,,,,,2025-09-12T18:52:15.780Z,
https://www.reddit.com/r/uichicago/,1000,,uichicago,t5_2shzc,r/uichicago,https://www.reddit.com/r/uichicago,public,29115,https://www.reddit.com/r/uichicago/comments/1mqnun1/thoughts_on_my_schedule/,thoughts_on_my_schedule,Going to be commuting from Round Lake :(,Thoughts on my schedule?,null,2025-08-15T04:49:07.000Z,https://b.thumbs.redditmedia.com/SBfcX6BM5g3PYb8DgQ9nOsoqxupEypJqRLPMX9F4kHY.jpg,true,GabeIsEP,https://www.reddit.com/user/GabeIsEP,2,false,false,false,false,false,false,false,false,false,false,0,,3,0,1,false,false,,,false,false,0,false,,true,false,false,,,,,,2025-09-12T18:52:15.780Z,
https://www.reddit.com/r/uichicago/,1000,,uichicago,t5_2shzc,r/uichicago,https://www.reddit.com/r/uichicago,public,29115,https://www.reddit.com/r/uichicago/comments/1mql678/moving_in_cty_textbooks/,moving_in_cty_textbooks,"hey! im planning on bringing two cars for move-in on the 21st at CTY, will this be okay?

also— very big topic change, but i was also wondering where i’ll see what textbooks ill
need to get? the uic sites are confusing so",moving in @ cty + textbooks,null,2025-08-15T02:36:59.000Z,self,false,giphobi,https://www.reddit.com/user/giphobi,6,false,false,false,false,false,false,false,false,false,false,0,,3,0,0.81,false,false,,,false,false,0,false,,true,false,false,,,,,,2025-09-12T18:52:15.780Z,
https://www.reddit.com/r/uichicago/,1000,,uichicago,t5_2shzc,r/uichicago,https://www.reddit.com/r/uichicago,public,29115,https://www.reddit.com/r/uichicago/comments/1mqilbe/rate_my_schedule/,rate_my_schedule,I’m also taking Culture and Food (online) and Latin American Music (online).,rate my schedule,null,2025-08-15T00:39:50.000Z,https://b.thumbs.redditmedia.com/My0A6ls0QUu3CnqA6cLbp7Rw9p79rreRUJliEuj1gMo.jpg,true,CucumberBackground84,https://www.reddit.com/user/CucumberBackground84,2,false,false,false,false,false,false,false,false,false,false,0,,4,0,1,false,false,,,false,false,0,false,,true,false,false,,,,,,2025-09-12T18:52:15.780Z,
https://www.reddit.com/r/uichicago/,1000,,uichicago,t5_2shzc,r/uichicago,https://www.reddit.com/r/uichicago,public,29115,https://www.reddit.com/r/uichicago/comments/1mqghsd/is_there_a_gym_near_campus/,is_there_a_gym_near_campus,"Hi guys !! I'm an upcoming freshmen, and I won't be living on campus. Is there a gym on campus, or near it? If there is a gym open on campus is it free and open for all students? Thank you !!",Is there a gym near campus??,Question,2025-08-14T23:10:53.000Z,self,false,That_Secret5003,https://www.reddit.com/user/That_Secret5003,16,false,false,false,false,false,false,false,false,false,false,0,,9,0,0.8,false,false,,,false,false,0,false,,true,false,false,,,,,,2025-09-12T18:52:15.780Z,
https://www.reddit.com/r/uichicago/,1000,,uichicago,t5_2shzc,r/uichicago,https://www.reddit.com/r/uichicago,public,29115,https://www.reddit.com/r/uichicago/comments/1mqd6t2/i_need_more_friends/,i_need_more_friends,"Hey guys it’s my first year in this major, are there any biochemistry students here? Let’s connect!!!! 

Also I’m a Vietnamese and if you from Vietnam too, DM me.",I NEED MORE FRIENDS!!!,null,2025-08-14T21:03:48.000Z,self,false,tt25_,https://www.reddit.com/user/tt25_,3,false,false,false,false,false,false,false,false,false,false,0,,5,0,0.78,false,false,,,false,false,0,false,,true,false,false,,,,,,2025-09-12T18:52:15.780Z,
https://www.reddit.com/r/uichicago/,1000,,uichicago,t5_2shzc,r/uichicago,https://www.reddit.com/r/uichicago,public,29115,https://www.reddit.com/r/uichicago/comments/1mqbjwd/ids_300_and_400_courses/,ids_300_and_400_courses,Anyone in IDS done 18 credits a semester while taking the upper level courses and working part time? How doable was it?,Ids 300 and 400 courses,null,2025-08-14T20:04:17.000Z,self,false,kevin17re5,https://www.reddit.com/user/kevin17re5,0,false,false,false,false,false,false,false,false,false,false,0,,3,0,1,false,false,,,false,false,0,false,,true,false,false,,,,,,2025-09-12T18:52:15.780Z,
https://www.reddit.com/r/uichicago/,1000,,uichicago,t5_2shzc,r/uichicago,https://www.reddit.com/r/uichicago,public,29115,https://www.reddit.com/r/uichicago/comments/1mqb8oz/concerns_about_college_acceptance/,concerns_about_college_acceptance,"Hello, I (female) am about to go into my senior year of high school, and I plan on applying to UIC. I have a 2.5 gpa (before starting my senior year) and no ap classes (i will be taking 2 this year). I have a 1230 SAT and i will be applying for the Information Systems major. I would like to mention that I had poor grades for my freshman and sophomore year, but an upward trend in my junior year, with all A's and B's. Are these stats too bad for me to get into the school? I'm applying in state. Do I have a chance? Please give me feedback or advice, as I am terrified. Thank you.",Concerns about college acceptance,Question,2025-08-14T19:53:13.000Z,self,false,Famous_Essay_2487,https://www.reddit.com/user/Famous_Essay_2487,9,false,false,false,false,false,false,false,false,false,false,0,,6,0,0.88,false,false,,,false,false,0,false,,true,false,false,,,,,,2025-09-12T18:52:15.780Z,
https://www.reddit.com/r/uichicago/,1000,,uichicago,t5_2shzc,r/uichicago,https://www.reddit.com/r/uichicago,public,29115,https://www.reddit.com/r/uichicago/comments/1mqa047/any_good_suggestions_as_to_what_or_what_not_to_get/,any_good_suggestions_as_to_what_or_what_not_to_get,Like I get that it says where to get it but just wanna make sure I’m getting the right stuff and not messing up. TIA!!,Any good suggestions as to what or what not to get?,null,2025-08-14T19:08:22.000Z,https://b.thumbs.redditmedia.com/us727OxA_wIm8taqhM_n3ClOhlm9uBG5CmmcXxRFRyc.jpg,true,harryparekh,https://www.reddit.com/user/harryparekh,12,false,false,false,false,false,false,false,false,false,false,0,,19,0,0.87,false,false,,,false,false,0,false,,true,false,false,,,,,,2025-09-12T18:52:15.781Z,
https://www.reddit.com/r/uichicago/,1000,,uichicago,t5_2shzc,r/uichicago,https://www.reddit.com/r/uichicago,public,29115,https://www.reddit.com/r/uichicago/comments/1mq6sfw/cmw_cleaning_supplies/,cmw_cleaning_supplies,"Im dorming in cmw as a first year, what are some dorm cleaning supplies that Ill need (especially for the rug?)",CMW cleaning supplies?,Question,2025-08-14T17:14:35.000Z,self,false,ConfectionFar7137,https://www.reddit.com/user/ConfectionFar7137,1,false,false,false,false,false,false,false,false,false,false,0,,2,0,1,false,false,,,false,false,0,false,,true,false,false,,,,,,2025-09-12T18:52:15.781Z,
https://www.reddit.com/r/uichicago/,1000,,uichicago,t5_2shzc,r/uichicago,https://www.reddit.com/r/uichicago,public,29115,https://www.reddit.com/r/uichicago/comments/1mq5n3h/late_financial_aid/,late_financial_aid,I filed Fafsa on August 8 and still haven’t got anything updated yet. Do I need to be worried or just patiently waiting. By the way this is my first time file the Fafsa. Thanks,Late Financial aid,Discussion,2025-08-14T16:33:26.000Z,self,false,Holiday_Note9763,https://www.reddit.com/user/Holiday_Note9763,2,false,false,false,false,false,false,false,false,false,false,0,,2,0,1,false,false,,,false,false,0,false,,true,false,false,,,,,,2025-09-12T18:52:15.781Z,
https://www.reddit.com/r/uichicago/,1000,,uichicago,t5_2shzc,r/uichicago,https://www.reddit.com/r/uichicago,public,29115,https://www.reddit.com/r/uichicago/comments/1mq1xco/i_am_a_transfer_and_i_did_not_get_accepted_into/,i_am_a_transfer_and_i_did_not_get_accepted_into,,"I am a transfer and I did not get accepted into the nursing program, what are some multiple things can I do at UIC to make my application stand out and get accepted next year?",Question,2025-08-14T14:16:11.000Z,self,false,Zealousideal_Sky3822,https://www.reddit.com/user/Zealousideal_Sky3822,1,false,false,false,false,false,false,false,false,false,false,0,,4,0,1,false,false,,,false,false,0,false,,true,false,false,,,,,,2025-09-12T18:52:15.781Z,
https://www.reddit.com/r/uichicago/,1000,,uichicago,t5_2shzc,r/uichicago,https://www.reddit.com/r/uichicago,public,29115,https://www.reddit.com/r/uichicago/comments/1mq1el9/what_minors_are_best_to_take_for_a_nursing_major/,what_minors_are_best_to_take_for_a_nursing_major,,"What minors are best to take for a nursing major? if you are a nursing major and have a minor, what minor do you have and how do you like it? I was thinking nutrition?",Question,2025-08-14T13:56:47.000Z,self,false,Zealousideal_Sky3822,https://www.reddit.com/user/Zealousideal_Sky3822,2,false,false,false,false,false,false,false,false,false,false,0,,6,0,1,false,false,,,false,false,0,false,,true,false,false,,,,,,2025-09-12T18:52:15.781Z,
https://www.reddit.com/r/uichicago/,1000,,uichicago,t5_2shzc,r/uichicago,https://www.reddit.com/r/uichicago,public,29115,https://www.reddit.com/r/uichicago/comments/1mpxlel/info_on_oncampus_jobs/,info_on_oncampus_jobs,"I've applied to 6 on campus jobs on Handshake. 2 say \""reviewed\"" but show no other updates, and the other 4 are still \""pending.\"" I REALLY need a job and I'm wondering if I should focus more on off-campus opportunities. I'm a transfer sophomore, and at my previous university, getting a job often depended on knowing someone rather than actually using Handshake

TIA!",Info on on-campus jobs?,Question,2025-08-14T11:10:19.000Z,self,false,Own_Dirt5519,https://www.reddit.com/user/Own_Dirt5519,8,false,false,false,false,false,false,false,false,false,false,0,,17,0,1,false,false,,,false,false,0,false,,true,false,false,,,,,,2025-09-12T18:52:15.781Z,
https://www.reddit.com/r/uichicago/,1000,,uichicago,t5_2shzc,r/uichicago,https://www.reddit.com/r/uichicago,public,29115,https://www.reddit.com/r/uichicago/comments/1mpo0ga/courtyard_dorm_bed_lofting/,courtyard_dorm_bed_lofting,"Okay, not sure if im dumb or not on the residential buildings website it says that there is no bed lofting. Yet I have seen from other people and heard that they lofted their beds in the courtyard so I was just seeing if anyone could give me a correct answer to whether or not I could.",Courtyard dorm bed lofting,null,2025-08-14T02:16:56.000Z,self,false,CoffeeDeep8820,https://www.reddit.com/user/CoffeeDeep8820,2,false,false,false,false,false,false,false,false,false,false,0,,2,0,1,false,false,,,false,false,0,false,,true,false,false,,,,,,2025-09-12T18:52:15.781Z,
https://www.reddit.com/r/uichicago/,1000,,uichicago,t5_2shzc,r/uichicago,https://www.reddit.com/r/uichicago,public,29115,https://www.reddit.com/r/uichicago/comments/1mpkiw8/rate_my_scheduledo_we_got_classes_together/,rate_my_scheduledo_we_got_classes_together,I’m a sophomore majoring in public health on the pre med track. I’m also doing the joint bs/mph program.,Rate my schedule/do we got classes together,null,2025-08-13T23:40:21.000Z,https://b.thumbs.redditmedia.com/z8cnDXRqHFZvCamLtQlATU7JV1AQjp_PzOQwcg_2w9M.jpg,true,Alternative-Sleep602,https://www.reddit.com/user/Alternative-Sleep602,0,false,false,false,false,false,false,false,false,false,false,0,,4,0,1,false,false,,,false,false,0,false,,true,false,false,,,,,,2025-09-12T18:52:15.782Z,
https://www.reddit.com/r/uichicago/,1000,,uichicago,t5_2shzc,r/uichicago,https://www.reddit.com/r/uichicago,public,29115,https://www.reddit.com/r/uichicago/comments/1mpio80/is_taking_out_a_private_student_loan_or_accepting/,is_taking_out_a_private_student_loan_or_accepting,my tuiton is roughly 9k and was only accepted for a 7.5k loa through fafsa not sure if I should take that or find a private student loan with less interest. I am paying my school myself with no parental help.,Is taking out a private student loan or accepting the federal student loan better?,Question,2025-08-13T22:24:48.000Z,self,false,Lugiazel,https://www.reddit.com/user/Lugiazel,11,false,false,false,false,false,false,false,false,false,false,0,,9,0,0.91,false,false,,,false,false,0,false,,true,false,false,,,,,,2025-09-12T18:52:15.782Z,
https://www.reddit.com/r/uichicago/,1000,,uichicago,t5_2shzc,r/uichicago,https://www.reddit.com/r/uichicago,public,29115,https://www.reddit.com/r/uichicago/comments/1mphmjn/more_seats_have_opened_up_in_hist_177/,more_seats_have_opened_up_in_hist_177,"Just a heads up to people looking for gened classes, due to demand more seats have opened up in History 177 Middle Eastern Civilization for fall 2025. This class with Prof. Quadri has asynchronous lectures and in person discussion sections on Fridays. It can count for the Understanding the Past and for World Cultures categories.",More seats have opened up in HIST 177,null,2025-08-13T21:43:47.000Z,self,false,UIC-HistoryDept,https://www.reddit.com/user/UIC-HistoryDept,0,false,false,false,false,false,false,false,false,false,false,0,,6,0,0.88,false,false,,,false,false,0,false,,true,false,false,,,,,,2025-09-12T18:52:15.782Z,
https://www.reddit.com/r/uichicago/,1000,,uichicago,t5_2shzc,r/uichicago,https://www.reddit.com/r/uichicago,public,29115,https://www.reddit.com/r/uichicago/comments/1mpgz2y/how_badgood_is_my_schedule/,how_badgood_is_my_schedule,I,How bad/good is my schedule?,null,2025-08-13T21:18:25.000Z,https://a.thumbs.redditmedia.com/l8lFM4-XsYvcohJKOozfIC87MScNieGOapPbnZpJaC4.jpg,true,Icy-Sprinkles-5865,https://www.reddit.com/user/Icy-Sprinkles-5865,20,false,false,false,false,false,false,false,false,false,false,0,,13,0,0.93,false,false,,,false,false,0,false,,true,false,false,,,,,,2025-09-12T18:52:15.782Z,
https://www.reddit.com/r/uichicago/,1000,,uichicago,t5_2shzc,r/uichicago,https://www.reddit.com/r/uichicago,public,29115,https://www.reddit.com/r/uichicago/comments/1mpfydd/switch_for_kn_232/,switch_for_kn_232,"Im taking KN 232 on a thursday, was wondering if anyone can switch for a tuesday or Wednesday class???
Please let me know!!!
Can also give $$",switch for KN 232,null,2025-08-13T20:39:19.000Z,self,false,Icy_Childhood4053,https://www.reddit.com/user/Icy_Childhood4053,0,false,false,false,false,false,false,false,false,false,false,0,,1,0,1,true,false,,,false,false,0,false,,true,false,false,,,,,,2025-09-12T18:52:15.782Z,
https://www.reddit.com/r/uichicago/,1000,,uichicago,t5_2shzc,r/uichicago,https://www.reddit.com/r/uichicago,public,29115,https://www.reddit.com/r/uichicago/comments/1mpezl4/external_scholarship_deposit/,external_scholarship_deposit,"I recently won an external scholarship. They shipped the scholarship check to the financial aid office at UIC with my name and UIN. How will I know when the check has been processed and added to my account. Will it be in my financial aid notification? And also, does anyone know how long it takes for the financial aid office to process these checks once they have been delivered? Thanks",External scholarship deposit,Question,2025-08-13T20:02:58.000Z,self,false,CuriousBroccoli1807,https://www.reddit.com/user/CuriousBroccoli1807,3,false,false,false,false,false,false,false,false,false,false,0,,7,0,1,false,false,,,false,false,0,false,,true,false,false,,,,,,2025-09-12T18:52:15.782Z,
https://www.reddit.com/r/uichicago/,1000,,uichicago,t5_2shzc,r/uichicago,https://www.reddit.com/r/uichicago,public,29115,https://www.reddit.com/r/uichicago/comments/1mpefyk/syllabus_for_cs_341_fall_21/,syllabus_for_cs_341_fall_21,"Requesting help from past alumni, I'm a returning student trying to get the syllabus for this class to be fitted in the appropriate classes at another university. I have already contacted the professor and no response. Any help is appreciated!",Syllabus for CS 341 Fall '21,null,2025-08-13T19:42:46.000Z,self,false,Legitimate_Extent627,https://www.reddit.com/user/Legitimate_Extent627,0,false,false,false,false,false,false,false,false,false,false,0,,1,0,1,true,false,,,false,false,0,false,,true,false,false,,,,,,2025-09-12T18:52:15.782Z,
https://www.reddit.com/r/uichicago/,1000,,uichicago,t5_2shzc,r/uichicago,https://www.reddit.com/r/uichicago,public,29115,https://www.reddit.com/r/uichicago/comments/1mpdrqz/thoughts_on_chem_314_in_organic_lab/,thoughts_on_chem_314_in_organic_lab,,Thoughts on chem 314 in organic lab?,Question,2025-08-13T19:17:24.000Z,self,false,medstar15,https://www.reddit.com/user/medstar15,6,false,false,false,false,false,false,false,false,false,false,0,,0,0,0.5,true,false,,,false,false,0,false,,true,false,false,,,,,,2025-09-12T18:52:15.782Z,
https://www.reddit.com/r/uichicago/,1000,,uichicago,t5_2shzc,r/uichicago,https://www.reddit.com/r/uichicago,public,29115,https://www.reddit.com/r/uichicago/comments/1mp7bpz/just_visited_the_campus_food_pantry_for_the_first/,just_visited_the_campus_food_pantry_for_the_first,,just visited the campus food pantry for the first time... all of this for completely free rare W UIC moment,null,2025-08-13T15:19:21.000Z,https://b.thumbs.redditmedia.com/c8E9DVnDoPJBx-tZzTKM8VQp8kNKnIwVm3-BkFrY34Q.jpg,true,rockspud,https://www.reddit.com/user/rockspud,18,false,false,false,false,false,false,false,false,false,false,0,,291,0,0.98,false,false,,,false,false,0,false,,true,false,false,,,,,,2025-09-12T18:52:15.782Z,
https://www.reddit.com/r/uichicago/,1000,,uichicago,t5_2shzc,r/uichicago,https://www.reddit.com/r/uichicago,public,29115,https://www.reddit.com/r/uichicago/comments/1mp71dd/selling_a_large_mini_fridge/,selling_a_large_mini_fridge,"Anyone need a mini fridge? It’s my last semester, I don’t need it anymore. It’s in perfect condition, nothing broken, all shelves included, none missing. Has a freezer portion, and its waist height approximately (I’m like 5’7 for reference). I paid about $150 for it but I’m obviously selling it for FAR LESS than that! If interested, please PM me. I’m trying to get rid of this thing before the semester starts so that I won’t have to hogtie it upstairs. I will take the highest/reasonable price offer! I will provide pics, just message me! PLEASE HELP ME GET RID OF THIS THING I DO NOT WANT TO CARRY THAT MF UP THE DORM STAIRS AGAIN!",SELLING A LARGE MINI FRIDGE!!,Offer,2025-08-13T15:08:10.000Z,self,false,Bjame2,https://www.reddit.com/user/Bjame2,0,true,false,false,false,false,false,false,false,false,false,0,,9,0,0.91,false,false,,,false,false,0,false,,true,false,false,,,,,,2025-09-12T18:52:15.782Z,
https://www.reddit.com/r/uichicago/,1000,,uichicago,t5_2shzc,r/uichicago,https://www.reddit.com/r/uichicago,public,29115,https://www.reddit.com/r/uichicago/comments/1mp6nso/is_this_schedule_good_im_a_junior_in_college/,is_this_schedule_good_im_a_junior_in_college,Dhh,Is this schedule good? I’m a junior in college,null,2025-08-13T14:53:51.000Z,https://b.thumbs.redditmedia.com/vz_t-pNcmK2Md_HjumkNg0AJrRqnCALlqugMpa2vtfs.jpg,true,Cheap-Progress-6065,https://www.reddit.com/user/Cheap-Progress-6065,4,false,false,false,false,false,false,false,false,false,false,0,,4,0,0.83,false,false,,,false,false,0,false,,true,false,false,,,,,,2025-09-12T18:52:23.809Z,
https://www.reddit.com/r/uichicago/,1000,,uichicago,t5_2shzc,r/uichicago,https://www.reddit.com/r/uichicago,public,29115,https://www.reddit.com/r/uichicago/comments/1mp5zb8/anyone_take_history_209_near_eastern_art_and/,anyone_take_history_209_near_eastern_art_and,,anyone take History 209 (Near eastern art and archeology?),Question,2025-08-13T14:27:31.000Z,self,false,Zealousideal_Sky3822,https://www.reddit.com/user/Zealousideal_Sky3822,2,false,false,false,false,false,false,false,false,false,false,0,,2,0,1,false,false,,,false,false,0,false,,true,false,false,,,,,,2025-09-12T18:52:23.809Z,
https://www.reddit.com/r/uichicago/,1000,,uichicago,t5_2shzc,r/uichicago,https://www.reddit.com/r/uichicago,public,29115,https://www.reddit.com/r/uichicago/comments/1mp4i2r/easiest_understanding_the_past_gen_eds_anyone/,easiest_understanding_the_past_gen_eds_anyone,,Easiest Understanding the Past Gen ed's? Anyone know how Vincent Lamotta is for ANTH 102?,Question,2025-08-13T13:29:43.000Z,self,false,ResearcherCrazy8532,https://www.reddit.com/user/ResearcherCrazy8532,7,false,false,false,false,false,false,false,false,false,false,0,,2,0,1,false,false,,,false,false,0,false,,true,false,false,,,,,,2025-09-12T18:52:23.809Z,
https://www.reddit.com/r/uichicago/,1000,,uichicago,t5_2shzc,r/uichicago,https://www.reddit.com/r/uichicago,public,29115,https://www.reddit.com/r/uichicago/comments/1moz972/ie_380_who_took_this_class_with_subramanian/,ie_380_who_took_this_class_with_subramanian,,IE 380- Who took this class with Subramanian,null,2025-08-13T08:57:30.000Z,self,false,Excellent_Jacket_722,https://www.reddit.com/user/Excellent_Jacket_722,0,false,false,false,false,false,false,false,false,false,false,0,,1,0,1,true,false,,,false,false,0,false,,true,false,false,,,,,,2025-09-12T18:52:23.809Z,
https://www.reddit.com/r/uichicago/,1000,,uichicago,t5_2shzc,r/uichicago,https://www.reddit.com/r/uichicago,public,29115,https://www.reddit.com/r/uichicago/comments/1movqb5/im_a_rising_freshman_planning_on_changing_my/,im_a_rising_freshman_planning_on_changing_my,,I’m a rising freshman planning on changing my major to finance next semester — how is my schedule + any advice??,null,2025-08-13T05:16:46.000Z,https://b.thumbs.redditmedia.com/EKDp21VKdVJAP4N2D5JXqr-_kWdLvYPWhlOmK_oIa_I.jpg,true,btn_br,https://www.reddit.com/user/btn_br,2,false,false,false,false,false,false,false,false,false,false,0,,2,0,0.62,false,false,,,false,false,0,false,,true,false,false,,,,,,2025-09-12T18:52:23.810Z,
https://www.reddit.com/r/uichicago/,1000,,uichicago,t5_2shzc,r/uichicago,https://www.reddit.com/r/uichicago,public,29115,https://www.reddit.com/r/uichicago/comments/1movlg0/change_parking_lot_to_5/,change_parking_lot_to_5,"im trying to get parking lot 5 as its close to cs classes, but its full rn so i had to put other options for now. wondering if i can try to finesse and go into parking services when school begins or even email them before asking if they can make my i-card to lot 5, would they check?",change parking lot to 5?,Question,2025-08-13T05:09:05.000Z,self,false,NoDiscount6346,https://www.reddit.com/user/NoDiscount6346,2,false,false,false,false,false,false,false,false,false,false,0,,2,0,1,false,false,,,false,false,0,false,,true,false,false,,,,,,2025-09-12T18:52:23.810Z,
https://www.reddit.com/r/uichicago/,1000,,uichicago,t5_2shzc,r/uichicago,https://www.reddit.com/r/uichicago,public,29115,https://www.reddit.com/r/uichicago/comments/1motqxn/is_12k_per_semester_costly/,is_12k_per_semester_costly,"Hello! I have an estimated cost of around 12k with my FAFSA covering $3698. I’m lowkey kind of freaking out on figuring out to pay for this (parents are mostly paying) without having to take out student loans, which is my last option if I really have to. Monthly payments for 4 installments would be around 3k, so I’m also considering that.",is 12k per semester costly?,Question,2025-08-13T03:29:30.000Z,https://b.thumbs.redditmedia.com/77pezIdtNtIkl6rLdvKRn2Q8v4bUuJ2l8YDzEMRZBaM.jpg,true,uratoho,https://www.reddit.com/user/uratoho,51,false,false,false,false,false,false,false,false,false,false,0,,43,0,0.92,false,false,,,false,false,0,false,,true,false,false,,,,,,2025-09-12T18:52:23.810Z,
https://www.reddit.com/r/uichicago/,1000,,uichicago,t5_2shzc,r/uichicago,https://www.reddit.com/r/uichicago,public,29115,https://www.reddit.com/r/uichicago/comments/1moteod/f1_visa_cpt_question/,f1_visa_cpt_question,"Asking for a friend, their message down below. 

Hi everyone,
I recently got a co-op offer and need CPT approval to proceed. I’m in my last semester of undergrad, and when I reached out to my school’s OIS office, they told me that in the final term, the CPT course must be academically necessary to graduate — otherwise, CPT will not be issued.

Has anyone else faced this situation? If so, what steps did you take to meet the requirement? Any tips or examples would be really helpful.

Thanks in advance!",F1 visa CPT question,Question,2025-08-13T03:12:28.000Z,self,false,socceramazing10,https://www.reddit.com/user/socceramazing10,0,false,false,false,false,false,false,false,false,false,false,0,,1,0,1,true,false,,,false,false,0,false,,true,false,false,,,,,,2025-09-12T18:52:23.810Z,
https://www.reddit.com/r/uichicago/,1000,,uichicago,t5_2shzc,r/uichicago,https://www.reddit.com/r/uichicago,public,29115,https://www.reddit.com/r/uichicago/comments/1mos4gp/class_info_plzzz/,class_info_plzzz,"How bad is bios 286 and bios 222 with alfonso, chem 232 with yermolina, bios 350 with mills and bios 351 all in one semester",Class INFO PLZZZ,null,2025-08-13T02:11:16.000Z,self,false,Alone_Explanation328,https://www.reddit.com/user/Alone_Explanation328,0,false,false,false,false,false,false,false,false,false,false,0,,0,0,0.5,true,false,,,false,false,0,false,,true,false,false,,,,,,2025-09-12T18:52:23.810Z,
https://www.reddit.com/r/uichicago/,1000,,uichicago,t5_2shzc,r/uichicago,https://www.reddit.com/r/uichicago,public,29115,https://www.reddit.com/r/uichicago/comments/1moqvp7/student_apartments_andor_good_apartments/,student_apartments_andor_good_apartments,"Hi! There’s probably a lot of threads like this one. But I’m from Arizona and transitioning to Illinois was a lot on my plate, so I decided to stay with family first. I will be using the metra for my commute. But for next semester, I do want to have my own spot. Hopefully I find someone in the fall to roommate with, but if not, that’ll be ok. Is there any good apartments near campus or near the pink line to stay at? That are affordable for a student? Thank you! Let me know.",Student apartments and/or good apartments,null,2025-08-13T01:13:09.000Z,self,false,CapableVillage6470,https://www.reddit.com/user/CapableVillage6470,0,false,false,false,false,false,false,false,false,false,false,0,,2,0,1,false,false,,,false,false,0,false,,true,false,false,,,,,,2025-09-12T18:52:23.810Z,
https://www.reddit.com/r/uichicago/,1000,,uichicago,t5_2shzc,r/uichicago,https://www.reddit.com/r/uichicago,public,29115,https://www.reddit.com/r/uichicago/comments/1moqozo/can_anyone_go_into_the_sports_and_fitness_center/,can_anyone_go_into_the_sports_and_fitness_center,As the question says…?,Can anyone go into the sports and fitness center?,Question,2025-08-13T01:04:44.000Z,self,false,harryparekh,https://www.reddit.com/user/harryparekh,5,false,false,false,false,false,false,false,false,false,false,0,,8,0,0.9,false,false,,,false,false,0,false,,true,false,false,,,,,,2025-09-12T18:52:23.810Z,
https://www.reddit.com/r/uichicago/,1000,,uichicago,t5_2shzc,r/uichicago,https://www.reddit.com/r/uichicago,public,29115,https://www.reddit.com/r/uichicago/comments/1moojve/what_is_happening_in_taylor_st/,what_is_happening_in_taylor_st,There are noises and people with yellow vest are installing smth. Is it some kind of festival?,What is happening in Taylor st?,Question,2025-08-12T23:28:27.000Z,self,false,Opening-Fig8823,https://www.reddit.com/user/Opening-Fig8823,2,false,false,false,false,false,false,false,false,false,false,0,,2,0,0.75,false,false,,,false,false,0,false,,true,false,false,,,,,,2025-09-12T18:52:23.810Z,
https://www.reddit.com/r/uichicago/,1000,,uichicago,t5_2shzc,r/uichicago,https://www.reddit.com/r/uichicago,public,29115,https://www.reddit.com/r/uichicago/comments/1mojf30/cs_341_swap_section/,cs_341_swap_section,"Hello everyone, I’d love to trade my spot in CS 341 - 2pm section to the 12:30 section. Please DM me if you want to!!!",CS 341 Swap Section,null,2025-08-12T20:06:48.000Z,self,false,Successful_Set2293,https://www.reddit.com/user/Successful_Set2293,0,false,false,false,false,false,false,false,false,false,false,0,,1,0,1,true,false,,,false,false,0,false,,true,false,false,,,,,,2025-09-12T18:52:23.810Z,
https://www.reddit.com/r/uichicago/,1000,,uichicago,t5_2shzc,r/uichicago,https://www.reddit.com/r/uichicago,public,29115,https://www.reddit.com/r/uichicago/comments/1moi7s2/course_difficulty_question/,course_difficulty_question,"Hi everyone, I’m a sophomore computer engineering major, and I’m trying to gauge how difficult these courses will be. I’m a solid student, but I’d appreciate any advice on how to set myself up for success.",Course Difficulty Question,null,2025-08-12T19:22:04.000Z,https://b.thumbs.redditmedia.com/QehmQFTggIiYrLt-lxEGeV8vivjhzRonTx7PHDb0vMA.jpg,true,Upstairs-School330,https://www.reddit.com/user/Upstairs-School330,4,false,false,false,false,false,false,false,false,false,false,0,,3,0,0.81,false,false,,,false,false,0,false,,true,false,false,,,,,,2025-09-12T18:52:23.810Z,
https://www.reddit.com/r/uichicago/,1000,,uichicago,t5_2shzc,r/uichicago,https://www.reddit.com/r/uichicago,public,29115,https://www.reddit.com/r/uichicago/comments/1mohl2q/asking_to_register_classes_with_no_available_seats/,asking_to_register_classes_with_no_available_seats,"Hello everyone,

I need to graduate this semester and I really want to get a spot in these two classes:
ENGR 112 - CRN 42890
CS 450 - CRN 10677

Are there any possible ways that I could reach out to someone to get a spot in those classes?

Or if anyone would like to trade a spot (currently having a spot in CS 421) with me, I’m more than welcome!!",Asking to register classes with no available seats,null,2025-08-12T18:58:54.000Z,self,false,Fluffy-Reach3229,https://www.reddit.com/user/Fluffy-Reach3229,2,false,false,false,false,false,false,false,false,false,false,0,,0,0,0.5,true,false,,,false,false,0,false,,true,false,false,,,,,,2025-09-12T18:52:23.811Z,
https://www.reddit.com/r/uichicago/,1000,,uichicago,t5_2shzc,r/uichicago,https://www.reddit.com/r/uichicago,public,29115,https://www.reddit.com/r/uichicago/comments/1mofll5/lab_class_swap/,lab_class_swap,"hi if anyone is taking kn232 lab and has a time that’s earlier in the day pls swap w me, I have 5-7:45 on Wednesday n I commute. Anything like Tuesday/ Wednesday 2pm PLS PLSSSSSS thank u",LAB CLASS SWAP,Question,2025-08-12T17:47:12.000Z,self,false,Sea_Newspaper_8936,https://www.reddit.com/user/Sea_Newspaper_8936,2,false,false,false,false,false,false,false,false,false,false,0,,2,0,1,false,false,,,false,false,0,false,,true,false,false,,,,,,2025-09-12T18:52:23.811Z,
https://www.reddit.com/r/uichicago/,1000,,uichicago,t5_2shzc,r/uichicago,https://www.reddit.com/r/uichicago,public,29115,https://www.reddit.com/r/uichicago/comments/1mof2q3/2_bed_lease_takeover_at_major_discount/,2_bed_lease_takeover_at_major_discount,"goConfirm Verified: E11T

Looking to have someone take over my 2 bedroom/1 bath lease in the heart of West Loop from September 6th 2025 to August 31st 2026, with an option to renew. In-unit laundry, tall ceilings, private balcony, central A/C, and dishwasher in a pet friendly building complex with a beautiful roof and gym!

https://www.luxesuiteschicago.com/

Renting for $3500, with water/WiFi included. Willing to be flexible on move-in date. DM if interested!",2 bed lease takeover at major discount!,null,2025-08-12T17:28:22.000Z,self,false,Ok-Device2036,https://www.reddit.com/user/Ok-Device2036,0,false,false,false,false,false,false,false,false,false,false,0,,0,0,0.5,true,false,,,false,false,0,false,,true,false,false,,,,,,2025-09-12T18:52:23.811Z,
https://www.reddit.com/r/uichicago/,1000,,uichicago,t5_2shzc,r/uichicago,https://www.reddit.com/r/uichicago,public,29115,https://www.reddit.com/r/uichicago/comments/1mocn0t/ece_317_reviews/,ece_317_reviews,"Like the title says, has anyone taken this class in the recent past? It's hard to find anything online about it.",ECE 317 Reviews,Question,2025-08-12T15:59:06.000Z,self,false,kiciusia,https://www.reddit.com/user/kiciusia,0,false,false,false,false,false,false,false,false,false,false,0,,1,0,1,true,false,,,false,false,0,false,,true,false,false,,,,,,2025-09-12T18:52:23.811Z,
https://www.reddit.com/r/uichicago/,1000,,uichicago,t5_2shzc,r/uichicago,https://www.reddit.com/r/uichicago,public,29115,https://www.reddit.com/r/uichicago/comments/1mo7sk6/whats_some_good_off_campus_apartments/,whats_some_good_off_campus_apartments,"I heard off campus apartments can be cheaper than UIC housing, I’m consider doing that next year. I’ll be a junior. what’s some good and low price places to consider? and, would it be bad to put it on my student loans until I get out of school? how much student loan debt is too much?",What’s some good off campus apartments?,Question,2025-08-12T12:47:51.000Z,self,false,Specific-Bed7980,https://www.reddit.com/user/Specific-Bed7980,5,false,false,false,false,false,false,false,false,false,false,0,,2,0,0.67,false,false,,,false,false,0,false,,true,false,false,,,,,,2025-09-12T18:52:23.811Z,
https://www.reddit.com/r/uichicago/,1000,,uichicago,t5_2shzc,r/uichicago,https://www.reddit.com/r/uichicago,public,29115,https://www.reddit.com/r/uichicago/comments/1mnyc16/freshman_year_scheduleclass_advice/,freshman_year_scheduleclass_advice,"I'm a first-year on the pre-med track and am aiming to finish college within 3 years. I've signed up for 18 credits but based on the ratemyprofessor for my professors, the classes are fairly easy. I'm trying to load up on classes this year so that I can take harder but fewer classes in my upcoming semesters. I have sherfinski, ash, deboer, hotoda, kostadinova, luhr, &amp; maidens. Any tips?",freshman year schedule/class advice?,null,2025-08-12T03:45:39.000Z,https://b.thumbs.redditmedia.com/eJjCZW_ybyeDTVbGIHDuLx-WI2_ilYX4kAjgmH2sHpw.jpg,true,eatingForever5658,https://www.reddit.com/user/eatingForever5658,5,false,false,false,false,false,false,false,false,false,false,0,,11,0,0.88,false,false,,,false,false,0,false,,true,false,false,,,,,,2025-09-12T18:52:23.811Z,
https://www.reddit.com/r/uichicago/,1000,,uichicago,t5_2shzc,r/uichicago,https://www.reddit.com/r/uichicago,public,29115,https://www.reddit.com/r/uichicago/comments/1mnx1b0/ie_342_how_is_haghighi_for_that_class/,ie_342_how_is_haghighi_for_that_class,I,IE 342- how is Haghighi for that class?,Question,2025-08-12T02:41:58.000Z,self,false,Excellent_Jacket_722,https://www.reddit.com/user/Excellent_Jacket_722,0,false,false,false,false,false,false,false,false,false,false,0,,1,0,1,true,false,,,false,false,0,false,,true,false,false,,,,,,2025-09-12T18:52:23.811Z,
https://www.reddit.com/r/uichicago/,1000,,uichicago,t5_2shzc,r/uichicago,https://www.reddit.com/r/uichicago,public,29115,https://www.reddit.com/r/uichicago/comments/1mnvgu1/math_160_course_content/,math_160_course_content,I will be taking MATH 160 this coming semester with Prof. Devi and I have started preparing by learning linear algebra. Does anyone have a course syllabus or a list of other topics which I need to cover? I am getting familiar with the topics ahead of time since I have a difficult time with math.,MATH 160 Course Content,null,2025-08-12T01:29:22.000Z,self,false,Nice_Soil1782,https://www.reddit.com/user/Nice_Soil1782,3,false,false,false,false,false,false,false,false,false,false,0,,2,0,1,false,false,,,false,false,0,false,,true,false,false,,,,,,2025-09-12T18:52:23.811Z,
https://www.reddit.com/r/uichicago/,1000,,uichicago,t5_2shzc,r/uichicago,https://www.reddit.com/r/uichicago,public,29115,https://www.reddit.com/r/uichicago/comments/1mnrtjh/can_you_do_something_like_this_with_the_arc_beds/,can_you_do_something_like_this_with_the_arc_beds,I’m curious if you can raise the beds up like the one on the left is in the photo at the ARC dorm and put like a desk or something under it. Like is it even allowed?,Can you do something like this with the ARC beds as long as you have the kit?,Question,2025-08-11T22:49:22.000Z,https://a.thumbs.redditmedia.com/Ql3Uw_Uwggz5NIkLH_JK4wRklIeUC0IsdzaUv5kFrQ4.jpg,true,Triforce_Gaming3000,https://www.reddit.com/user/Triforce_Gaming3000,4,false,false,false,false,false,false,false,false,false,false,0,,2,0,0.75,false,false,,,false,false,0,false,,true,false,false,,,,,,2025-09-12T18:52:23.811Z,
https://www.reddit.com/r/uichicago/,1000,,uichicago,t5_2shzc,r/uichicago,https://www.reddit.com/r/uichicago,public,29115,https://www.reddit.com/r/uichicago/comments/1mnpm37/refund_for_fall_semester/,refund_for_fall_semester,When do you guys think refunds will be received for this 2025 fall semester ? Every year it ranges from ten days before the start of the semester to the day of !,Refund for fall semester,null,2025-08-11T21:21:40.000Z,self,false,Comfortable_Fly_948,https://www.reddit.com/user/Comfortable_Fly_948,2,false,false,false,false,false,false,false,false,false,false,0,,6,0,0.88,false,false,,,false,false,0,false,,true,false,false,,,,,,2025-09-12T18:52:23.811Z,
https://www.reddit.com/r/uichicago/,1000,,uichicago,t5_2shzc,r/uichicago,https://www.reddit.com/r/uichicago,public,29115,https://www.reddit.com/r/uichicago/comments/1mnmk5c/looking_for_study_buddies_in_environmental/,looking_for_study_buddies_in_environmental,"hi everyone! I am currently enrolled in:

Chem 122/123; Math 180; Engr 100; CME 297

if anyone has the same classes as me or knows some methods of getting through them, please let me know! if you're taking the same classes as me, please let me know too so we can create a little group chat or something :)",Looking for study buddies in (environmental) Engineering,Question,2025-08-11T19:26:48.000Z,self,false,madelinr1244,https://www.reddit.com/user/madelinr1244,1,false,false,false,false,false,false,false,false,false,false,0,,1,0,1,true,false,,,false,false,0,false,,true,false,false,,,,,,2025-09-12T18:52:23.811Z,
https://www.reddit.com/r/uichicago/,1000,,uichicago,t5_2shzc,r/uichicago,https://www.reddit.com/r/uichicago,public,29115,https://www.reddit.com/r/uichicago/comments/1mnlcod/hows_meyer_mckinley_for_math_165/,hows_meyer_mckinley_for_math_165,"I am planning to take his class online at 8 am, is he good?",How’s Meyer McKinley for math 165?,Question,2025-08-11T18:41:08.000Z,self,false,shreksdoh,https://www.reddit.com/user/shreksdoh,4,false,false,false,false,false,false,false,false,false,false,0,,1,0,0.67,true,false,,,false,false,0,false,,true,false,false,,,,,,2025-09-12T18:52:23.812Z,
https://www.reddit.com/r/uichicago/,1000,,uichicago,t5_2shzc,r/uichicago,https://www.reddit.com/r/uichicago,public,29115,https://www.reddit.com/r/uichicago/comments/1mnkgqn/online_bba_program_question/,online_bba_program_question,"Hi! I’m hoping to transfer into the online bba program, and I wanted to know if it’s doable while working a full time job that allows me to do my hw at work?? Thanks!",Online BBA program question,Question,2025-08-11T18:07:39.000Z,self,false,Sea-Weakness4158,https://www.reddit.com/user/Sea-Weakness4158,1,false,false,false,false,false,false,false,false,false,false,0,,0,0,0.5,true,false,,,false,false,0,false,,true,false,false,,,,,,2025-09-12T18:52:23.812Z,
https://www.reddit.com/r/uichicago/,1000,,uichicago,t5_2shzc,r/uichicago,https://www.reddit.com/r/uichicago,public,29115,https://www.reddit.com/r/uichicago/comments/1mni588/university_staff_hiring_process/,university_staff_hiring_process,"Good afternoon,

I’m curious if anyone here has gone through the hiring process at the University of Illinois Chicago, specifically for civil service positions. I applied for a few positions a few weeks ago and I’m wondering how the civil service exam process works. Like what to expect, how it’s scheduled, and how long it usually takes before a recruiter reaches out after applying or testing.

I’m probably being too hopeful too soon   but I’d love to hear from anyone who’s been through it. How long did you wait to hear back, and what was the overall timeline like?",University Staff Hiring Process,null,2025-08-11T16:44:48.000Z,self,false,PenComprehensive1849,https://www.reddit.com/user/PenComprehensive1849,8,false,false,false,false,false,false,false,false,false,false,0,,2,0,0.75,false,false,,,false,false,0,false,,true,false,false,,,,,,2025-09-12T18:52:23.812Z,
https://www.reddit.com/r/uichicago/,1000,,uichicago,t5_2shzc,r/uichicago,https://www.reddit.com/r/uichicago,public,29115,https://www.reddit.com/r/uichicago/comments/1mn4rkc/what_is_wrong_with_the_2fa_authentication_site/,what_is_wrong_with_the_2fa_authentication_site,"I'm trying to login to view my grades and I have 2-FA. Tried to login, said my password was wrong (idk how). Changed it, tried to log in right after changing it, said it was wrong! every time I change it, it says \""it's changed, valid until July 19th, 2025\"" JULY 19TH, 2025? IT'S AUGUST??? How is it giving me an expiration date that already passed? So every time I change it, it expires immediately! Has this happened to anyone else!?",What is wrong with the 2-FA authentication site???,Question,2025-08-11T05:36:55.000Z,self,false,Bjame2,https://www.reddit.com/user/Bjame2,2,false,false,false,false,false,false,false,false,false,false,0,,1,0,0.67,true,false,,,false,false,0,false,,true,false,false,,,,,,2025-09-12T18:52:23.812Z,
https://www.reddit.com/r/uichicago/,1000,,uichicago,t5_2shzc,r/uichicago,https://www.reddit.com/r/uichicago,public,29115,https://www.reddit.com/r/uichicago/comments/1mn4a31/anyone_looking_for_a_roommate_22f/,anyone_looking_for_a_roommate_22f,"Hello everyone! I know this is super last minute but I'm 22F looking for an apartment for the fall semester. Affordability is my biggest priority right now along with distance to campus. I don't mind having a lot of roommates either

If anyone is looking for a roommate, please contact me! I would also appreciate any tips or insight while apartment searching",Anyone looking for a roommate? (22F),Question,2025-08-11T05:08:06.000Z,self,false,hourlydependent,https://www.reddit.com/user/hourlydependent,0,false,false,false,false,false,false,false,false,false,false,0,,0,0,0.4,true,false,,,false,false,0,false,,true,false,false,,,,,,2025-09-12T18:52:23.812Z,
https://www.reddit.com/r/uichicago/,1000,,uichicago,t5_2shzc,r/uichicago,https://www.reddit.com/r/uichicago,public,29115,https://www.reddit.com/r/uichicago/comments/1mn428n/for_anybody_that_took_taylor_gregs_math_310/,for_anybody_that_took_taylor_gregs_math_310,,For anybody that took Taylor Greg’s MATH 310 classes. What was his grade distribution for Homework’s and Exams?,Question,2025-08-11T04:55:48.000Z,self,false,Excellent_Jacket_722,https://www.reddit.com/user/Excellent_Jacket_722,0,false,false,false,false,false,false,false,false,false,false,0,,2,0,0.75,false,false,,,false,false,0,false,,true,false,false,,,,,,2025-09-12T18:52:23.812Z,
https://www.reddit.com/r/uichicago/,1000,,uichicago,t5_2shzc,r/uichicago,https://www.reddit.com/r/uichicago,public,29115,https://www.reddit.com/r/uichicago/comments/1mn09tf/are_the_research_positions_on_ure_paid/,are_the_research_positions_on_ure_paid,And I mean in money,Are the research positions on URE paid?,Question,2025-08-11T01:40:24.000Z,self,false,Alarming-Trust691,https://www.reddit.com/user/Alarming-Trust691,6,false,false,false,false,false,false,false,false,false,false,0,,1,0,0.67,true,false,,,false,false,0,false,,true,false,false,,,,,,2025-09-12T18:52:23.812Z,
https://www.reddit.com/r/uichicago/,1000,,uichicago,t5_2shzc,r/uichicago,https://www.reddit.com/r/uichicago,public,29115,https://www.reddit.com/r/uichicago/comments/1mmye9u/mechanical_engineering_laptop/,mechanical_engineering_laptop,"Hi, Im an incoming freshman majoring in mechanical engineering. I was wondering what kind of devices I would need for the classes that I will be taking. I was planning on using my high school iPad to take notes for math, English, etc. However, I wanted to buy a gaming laptop for some things that would require more intensive programs and to play some games in my free time. Would this plan work, or would it be a better idea to buy 2 laptops, one for note-taking and the other for intensive programs and games? Additionally, what are some good apps to use for note-taking on the iPad? Thanks.",Mechanical Engineering Laptop,null,2025-08-11T00:11:56.000Z,self,false,TechnologyGlobal5489,https://www.reddit.com/user/TechnologyGlobal5489,5,false,false,false,false,false,false,false,false,false,false,0,,1,0,0.67,true,false,,,false,false,0,false,,true,false,false,,,,,,2025-09-12T18:52:23.813Z,
https://www.reddit.com/r/uichicago/,1000,,uichicago,t5_2shzc,r/uichicago,https://www.reddit.com/r/uichicago,public,29115,https://www.reddit.com/r/uichicago/comments/1mmxv4z/how_do_examquiz_days_look/,how_do_examquiz_days_look,I am an incoming freshman and I’m wondering how quizzes/tests work in college. How often are test days? Are they taken during the scheduled class times or are they a completely different time? Once you’re finished with an exam do you just leave or do you have to wait for everyone to finish?,How do exam/quiz days look?,Question,2025-08-10T23:46:58.000Z,self,false,Suitable_Voice_98,https://www.reddit.com/user/Suitable_Voice_98,5,false,false,false,false,false,false,false,false,false,false,0,,3,0,0.8,false,false,,,false,false,0,false,,true,false,false,,,,,,2025-09-12T18:52:23.813Z,
https://www.reddit.com/r/uichicago/,1000,,uichicago,t5_2shzc,r/uichicago,https://www.reddit.com/r/uichicago,public,29115,https://www.reddit.com/r/uichicago/comments/1mmx18z/help_calc_2_at_which_cc_for_online/,help_calc_2_at_which_cc_for_online,whats the best cc to take calc 2 at for fall preferably with teachers name. im kinda struggling with calculus and i was wondering if i can take at some cc if possibly its any easier.,help Calc 2 at which cc for online?,Question,2025-08-10T23:09:19.000Z,self,false,Connect-Court-6975,https://www.reddit.com/user/Connect-Court-6975,6,false,false,false,false,false,false,false,false,false,false,0,,1,0,0.67,true,false,,,false,false,0,false,,true,false,false,,,,,,2025-09-12T18:52:23.813Z,
https://www.reddit.com/r/uichicago/,1000,,uichicago,t5_2shzc,r/uichicago,https://www.reddit.com/r/uichicago,public,29115,https://www.reddit.com/r/uichicago/comments/1mmshmm/question_about_the_professional_development/,question_about_the_professional_development,"hey everyone, I'm trying to figure out what honors activity to complete this semester. I currently have a part-time job that's definitely related to my major but its off-campus and I don't think I can get any academic credit for it. I was wondering if anyone has had success with using a part-time job for the internship/professional development activity? thanks!",Question about the professional development Honors activity,Question,2025-08-10T20:01:15.000Z,self,false,Academic-Flower-7386,https://www.reddit.com/user/Academic-Flower-7386,1,false,false,false,false,false,false,false,false,false,false,0,,0,0,0.5,true,false,,,false,false,0,false,,true,false,false,,,,,,2025-09-12T18:52:23.813Z,
https://www.reddit.com/r/uichicago/,1000,,uichicago,t5_2shzc,r/uichicago,https://www.reddit.com/r/uichicago,public,29115,https://www.reddit.com/r/uichicago/comments/1mmqjrl/question_about_parking/,question_about_parking,Is there any free parking around? Like 10 mins around the school? Not trynna pay 400 or whatever. Even if its like at bit of a walk is there any spots yall know?,Question about parking,Question,2025-08-10T18:46:41.000Z,self,false,MountainExpression18,https://www.reddit.com/user/MountainExpression18,6,false,false,false,false,false,false,false,false,false,false,0,,0,0,0.36,true,false,,,false,false,0,false,,true,false,false,,,,,,2025-09-12T18:52:23.813Z,
https://www.reddit.com/r/uichicago/,1000,,uichicago,t5_2shzc,r/uichicago,https://www.reddit.com/r/uichicago,public,29115,https://www.reddit.com/r/uichicago/comments/1mmqik5/best_places_to_study/,best_places_to_study,"Hey yall,
I’m an incoming junior living and was wondering what are some of the best or underrated places to study. I’m kinda looking for places with really good lighting and are pretty active. If they’re open late, that’s a HUGEE PLUS! Also I don’t care if it’s a decent walk. West campus and main campus recs preferred",Best places to study??,Question,2025-08-10T18:45:25.000Z,self,false,SnooRobots1763,https://www.reddit.com/user/SnooRobots1763,8,false,false,false,false,false,false,false,false,false,false,0,,10,0,0.86,false,false,,,false,false,0,false,,true,false,false,,,,,,2025-09-12T18:52:23.813Z,
https://www.reddit.com/r/uichicago/,1000,,uichicago,t5_2shzc,r/uichicago,https://www.reddit.com/r/uichicago,public,29115,https://www.reddit.com/r/uichicago/comments/1mmhvmc/how_cooked_am_i_chat/,how_cooked_am_i_chat,,How cooked am I chat ?,null,2025-08-10T12:56:21.000Z,https://b.thumbs.redditmedia.com/vxw9SiG5vSAYGDieHNov28isWNFpvw22m8ITeKmCDFc.jpg,true,Euphoric_Row9434,https://www.reddit.com/user/Euphoric_Row9434,17,false,false,false,false,false,false,false,false,false,false,0,,7,0,0.82,false,false,,,false,false,0,false,,true,false,false,,,,,,2025-09-12T18:52:23.813Z,
https://www.reddit.com/r/uichicago/,1000,,uichicago,t5_2shzc,r/uichicago,https://www.reddit.com/r/uichicago,public,29115,https://www.reddit.com/r/uichicago/comments/1mm3hga/do_msw_students_have_classes_in_the_summer/,do_msw_students_have_classes_in_the_summer,Hi! So I’m starting at UIC this fall. I’ve been wondering what do the summers look like for MSW students? I know most grad students work and/or have classes. Is it like this for MSW students at UIC.,Do MSW students have classes in the summer?,Question,2025-08-09T23:29:36.000Z,self,false,Mystique_Psych000,https://www.reddit.com/user/Mystique_Psych000,1,false,false,false,false,false,false,false,false,false,false,0,,0,0,0.5,true,false,,,false,false,0,false,,true,false,false,,,,,,2025-09-12T18:52:23.813Z,
https://www.reddit.com/r/uichicago/,1000,,uichicago,t5_2shzc,r/uichicago,https://www.reddit.com/r/uichicago,public,29115,https://www.reddit.com/r/uichicago/comments/1mm22j4/do_international_undergraduates_majoring_in/,do_international_undergraduates_majoring_in,I chose biological science as major because some of the people told me that later on I have options of fields which I would have to chose while some of them told me that biological science is a whole different thing. So what should I really do if my aim is to get into nursing.,"Do international undergraduates majoring in Biological Science need to change their major to Nursing/Pre-Nursing, or can they choose it within Biological Science?",Question,2025-08-09T22:24:12.000Z,self,false,nearbynone,https://www.reddit.com/user/nearbynone,7,false,false,false,false,false,false,false,false,false,false,0,,4,0,0.83,false,false,,,false,false,1,false,,true,false,false,,,,,,2025-09-12T18:52:23.813Z,
https://www.reddit.com/r/uichicago/,1000,,uichicago,t5_2shzc,r/uichicago,https://www.reddit.com/r/uichicago,public,29115,https://www.reddit.com/r/uichicago/comments/1mls3w8/uic_library_hacks_for_finals_week/,uic_library_hacks_for_finals_week,"Finals week is brutal what are your go-to study spots on campus besides the main library? Also, does anyone know if the IDEA Commons stays open late during finals?",UIC Library Hacks for Finals Week,Discussion,2025-08-09T15:25:35.000Z,self,false,Odd_Monitor5737,https://www.reddit.com/user/Odd_Monitor5737,3,false,false,false,false,false,false,false,false,false,false,0,,2,0,0.75,false,false,,,false,false,0,false,,true,false,false,,,,,,2025-09-12T18:52:23.813Z,
https://www.reddit.com/r/uichicago/,1000,,uichicago,t5_2shzc,r/uichicago,https://www.reddit.com/r/uichicago,public,29115,https://www.reddit.com/r/uichicago/comments/1mlh0pv/is_uic_chicago_a_good_place_to_study_please_share/,is_uic_chicago_a_good_place_to_study_please_share,,Is UIC Chicago a good place to study? Please share your experience,Question,2025-08-09T04:55:58.000Z,self,false,[deleted],https://www.reddit.com/user/[deleted],7,false,false,false,false,false,false,false,false,false,false,0,,16,0,0.9,false,false,,,false,false,0,false,,true,false,false,,,,,,2025-09-12T18:52:23.813Z,
https://www.reddit.com/r/uichicago/,1000,,uichicago,t5_2shzc,r/uichicago,https://www.reddit.com/r/uichicago,public,29115,https://www.reddit.com/r/uichicago/comments/1mlgb69/nyu_language_proficiencyplacement_exam_to_get_out/,nyu_language_proficiencyplacement_exam_to_get_out,"Has anyone taken the exam through NYU since they offer more languages? I was just curious about the experience, difficulty, and the mentioned online proctor. Would I be able to take the test anytime online like the uic one or is it a specific time on zoom or something?",nyu language proficiency/placement exam (to get out of the language requirement),null,2025-08-09T04:16:43.000Z,self,false,Adept-Insect4195,https://www.reddit.com/user/Adept-Insect4195,0,false,false,false,false,false,false,false,false,false,false,0,,0,0,0.33,true,false,,,false,false,0,false,,true,false,false,,,,,,2025-09-12T18:52:23.814Z,
https://www.reddit.com/r/uichicago/,1000,,uichicago,t5_2shzc,r/uichicago,https://www.reddit.com/r/uichicago,public,29115,https://www.reddit.com/r/uichicago/comments/1mlbbsy/working_on_building_this_youtubes_been_a_massive/,working_on_building_this_youtubes_been_a_massive,,"Working on building this, youtube's been a massive distraction for me when studying, would love your thoughts",null,2025-08-09T00:09:38.000Z,"https://external-preview.redd.it/aHBkbXU1NWt5dmhmMZ-Dp6voNTU_HfJiFu8qqKJfhSXfbusFSvgG01kyaDRe.png?width=140&amp;height=78&amp;crop=140:78,smart&amp;format=jpg&amp;v=enabled&amp;lthumb=true&amp;s=3e5bd339ecbd7f4d6c170853b695ad085b9ebff3",true,flowzyext,https://www.reddit.com/user/flowzyext,3,false,false,false,false,false,false,false,false,false,false,0,,14,0,1,true,false,,,false,true,0,false,,true,false,false,,,,,,2025-09-12T18:52:23.814Z,
https://www.reddit.com/r/uichicago/,1000,,uichicago,t5_2shzc,r/uichicago,https://www.reddit.com/r/uichicago,public,29115,https://www.reddit.com/r/uichicago/comments/1mlb1ze/bios110_and_chem122123/,bios110_and_chem122123,"hi guys im an incoming freshman at uic (pre-med), and my advisor has been HOUNDING me about taking gen chem 1 and bios110 together. every once in a while i get an email from her saying she's concerned I won't be able to handle the workload even though I've done lots of research on here and concluded that I can. I have bio with Muller and chem with Hatfield. I've heard these are great teachers and I'm 99% sure that if I put the work in I'll be ok. Is she tweaking? lmk please!",bios110 and chem122/123,null,2025-08-08T23:57:22.000Z,self,false,Background-Visual498,https://www.reddit.com/user/Background-Visual498,7,true,false,false,false,false,false,false,false,false,false,0,,1,0,0.99,true,false,,,false,false,0,false,,true,false,false,,,,,,2025-09-12T18:52:23.814Z,
https://www.reddit.com/r/uichicago/,1000,,uichicago,t5_2shzc,r/uichicago,https://www.reddit.com/r/uichicago,public,29115,https://www.reddit.com/r/uichicago/comments/1mlaeym/provisional_housing_options/,provisional_housing_options,Has anyone gotten a dorm recently?,Provisional housing options,null,2025-08-08T23:28:27.000Z,self,false,SRU20,https://www.reddit.com/user/SRU20,0,false,false,false,false,false,false,false,false,false,false,0,,1,0,0.99,true,false,,,false,false,0,false,,true,false,false,,,,,,2025-09-12T18:52:23.814Z,
https://www.reddit.com/r/uichicago/,1000,,uichicago,t5_2shzc,r/uichicago,https://www.reddit.com/r/uichicago,public,29115,https://www.reddit.com/r/uichicago/comments/1ml962t/how_can_i_came_friends_at_uic_with_this_schedule/,how_can_i_came_friends_at_uic_with_this_schedule,The rest of my classes are online as well as the one on Tuesday.,How can i came friends at uic with this schedule?,null,2025-08-08T22:33:38.000Z,https://b.thumbs.redditmedia.com/9eSSgqPEms6AhaQxBIsipsA3swaZaSEmkCZ9VruYCXM.jpg,true,Successful_guy_03,https://www.reddit.com/user/Successful_guy_03,10,false,false,false,false,false,false,false,false,false,false,0,,29,0,0.81,false,false,,,false,false,0,false,,true,false,false,,,,,,2025-09-12T18:52:23.814Z,
https://www.reddit.com/r/uichicago/,1000,,uichicago,t5_2shzc,r/uichicago,https://www.reddit.com/r/uichicago,public,29115,https://www.reddit.com/r/uichicago/comments/1ml0izl/does_anybody_know_if_meyer_mckinley_has_taught/,does_anybody_know_if_meyer_mckinley_has_taught,,Does anybody know if Meyer McKinley has taught MATH 310 before?,Question,2025-08-08T16:53:12.000Z,self,false,Excellent_Jacket_722,https://www.reddit.com/user/Excellent_Jacket_722,3,false,false,false,false,false,false,false,false,false,false,0,,2,0,1,false,false,,,false,false,0,false,,true,false,false,,,,,,2025-09-12T18:52:23.814Z,
https://www.reddit.com/r/uichicago/,1000,,uichicago,t5_2shzc,r/uichicago,https://www.reddit.com/r/uichicago,public,29115,https://www.reddit.com/r/uichicago/comments/1mkq64v/i_have_a_tuition_waiver/,i_have_a_tuition_waiver,Does anyone know when tuition waivers get applied to financial aid? I filled out a form to have 50% of my tuition and fees waived because I have a parent that works at the hospital. It’s been about a month since I turned it in but I have yet to see it applied to my financial aid notif and I’m in the middle of a payment plan rn too,I have a tuition waiver,null,2025-08-08T08:58:47.000Z,self,false,pandesalmama,https://www.reddit.com/user/pandesalmama,5,false,false,false,false,false,false,false,false,false,false,0,,6,0,1,false,false,,,false,false,0,false,,true,false,false,,,,,,2025-09-12T18:52:23.814Z,
https://www.reddit.com/r/uichicago/,1000,,uichicago,t5_2shzc,r/uichicago,https://www.reddit.com/r/uichicago,public,29115,https://www.reddit.com/r/uichicago/comments/1mkmazi/has_anyone_taken_the_finance_placement_test_at/,has_anyone_taken_the_finance_placement_test_at,"i’m about to take the finance placement test over zoom with professor William O’brien because i got a C in fin 300 and need to pass the exam to continue my finance classes. Im just trying to get some insight of the test, was it hard? does he monitor you closely the whole time? and any recommendations. basically anyone’s reflection on it.",“Has anyone taken the Finance placement test at UIC over Zoom? What was your experience?”,Question,2025-08-08T04:59:10.000Z,self,false,John098765567890,https://www.reddit.com/user/John098765567890,0,false,false,false,false,false,false,false,false,false,false,0,,2,0,1,false,false,,,false,false,0,false,,true,false,false,,,,,,2025-09-12T18:52:23.815Z,
https://www.reddit.com/r/uichicago/,1000,,uichicago,t5_2shzc,r/uichicago,https://www.reddit.com/r/uichicago,public,29115,https://www.reddit.com/r/uichicago/comments/1mkjte6/rate_my_schedule/,rate_my_schedule,Im an incoming freshman and in computer engineering major.I'm trying to do gen ed to start off. Is this a good schedule? I am commuting to school.,Rate my schedule,null,2025-08-08T02:49:41.000Z,https://b.thumbs.redditmedia.com/e1jsa_clR1I3bIWwKbyLnL_qe_FQecGJX89KSMOLCuc.jpg,true,New_Criticism_3920,https://www.reddit.com/user/New_Criticism_3920,1,false,false,false,false,false,false,false,false,false,false,0,,3,0,0.81,false,false,,,false,false,0,false,,true,false,false,,,,,,2025-09-12T18:52:23.815Z,
https://www.reddit.com/r/uichicago/,1000,,uichicago,t5_2shzc,r/uichicago,https://www.reddit.com/r/uichicago,public,29115,https://www.reddit.com/r/uichicago/comments/1mkiygu/are_these_stats_good_for_uic_im_out_of_state/,are_these_stats_good_for_uic_im_out_of_state,"I'm applying to University of Illinois, Chicago this fall as a senior. Would the school be a reach, match, or safety school for me, and since I'm a first gen college student?

3.67 CGPA/ 4.17 WGPA

Freshman Year: 3.57, 3.57, 3.86, 3.43

Sophomore Year: 3.43, 3.57, 3.29, 3.29

Junior Year: 3.71, 3.57, 3.57, 3.71

Senior year: TBA


Freshman: (Little to no honors): 
Honors English 9
Biology 
US History 
Spanish 1 
Algebra 1 
Net Sports 
Health A 
Photography 1

Sophomore (a few honors): 
Honors Geometry
Honors NSL Government 
Honors English 10
Chemistry 
Spanish 2 
AVID 10 
Intro To Engineering Design

Junior Year (more honors) 
Honors Physics 
Honors Spanish 3 
Honors Modern World 
Honors English
11 AP Psychology 
AVID 11 
Algebra 2

Senior year (Upcoming): 
AP Physics 1 
APUSH
Honors Statistics 
Honors English 12 
Health Education B
Volleyball 
AVID 12 
AVID Intern 

Marching Band (3 years) 
AVID (3 years) 
National Honor Society (1 year) 
Social Studies Honor Society (1 year) 
Model U.N. (1 year)",Are These Stats Good For UIC (I’m Out Of State),Question,2025-08-08T02:07:54.000Z,self,false,DamionTatumJr,https://www.reddit.com/user/DamionTatumJr,3,false,false,false,false,false,false,false,false,false,false,0,,3,0,0.8,false,false,,,false,false,0,false,,true,false,false,,,,,,2025-09-12T18:52:23.815Z,
https://www.reddit.com/r/uichicago/,1000,,uichicago,t5_2shzc,r/uichicago,https://www.reddit.com/r/uichicago,public,29115,https://www.reddit.com/r/uichicago/comments/1mkib8b/current_balance_and_anticipated_aid/,current_balance_and_anticipated_aid,"does the anticipated aid go into your current balance? if so, will ui pay update itself to show your balance after the anticipated aid is added into it?",current balance and anticipated aid,Question,2025-08-08T01:37:14.000Z,self,false,FeistyPerformer469,https://www.reddit.com/user/FeistyPerformer469,2,false,false,false,false,false,false,false,false,false,false,0,,1,0,0.67,true,false,,,false,false,0,false,,true,false,false,,,,,,2025-09-12T18:52:23.815Z,
https://www.reddit.com/r/uichicago/,1000,,uichicago,t5_2shzc,r/uichicago,https://www.reddit.com/r/uichicago,public,29115,https://www.reddit.com/r/uichicago/comments/1mkgzha/i_need_help_finding_a_job_on_handshake_freshman/,i_need_help_finding_a_job_on_handshake_freshman,"Literally all I'm finding for on campus jobs are Teaching assistants, tutors, and advisors. Whenever I find something else it also requires some level of experience in the subject even for undergrads. I have no idea where i should start. The only experience I've had in anything was working retail for 2 years. I need help finding where to look for jobs. I attached my schedule if it helps and I have a 1.5 hour commute each way",I need help finding a Job on Handshake (Freshman),null,2025-08-08T00:35:08.000Z,https://a.thumbs.redditmedia.com/uaWjUFw3rz70Yzv9kv9r6P52XrDpcl3NZI8L6ATnpB0.jpg,true,Alarming-Trust691,https://www.reddit.com/user/Alarming-Trust691,7,false,false,false,false,false,false,false,false,false,false,0,,10,0,0.92,false,false,,,false,false,0,false,,true,false,false,,,,,,2025-09-12T18:52:23.815Z,
https://www.reddit.com/r/uichicago/,1000,,uichicago,t5_2shzc,r/uichicago,https://www.reddit.com/r/uichicago,public,29115,https://www.reddit.com/r/uichicago/comments/1mkgxde/orgo_chem_232_syllabus/,orgo_chem_232_syllabus,"Hey, i’m a transfer student at UIC this fall and i’m going to be taking CHEM 232 with Professors Mohr &amp; Yermolina. I work at a hospital part time and i’m trying to get an idea how the exams are for this class so i can plan my work schedule around it. Can please send me the syllabus from last semester or last year. Are the exams during class time or is there a set time and date that all students take the test??",Orgo Chem 232 syllabus,null,2025-08-08T00:32:22.000Z,self,false,Strict-Competition46,https://www.reddit.com/user/Strict-Competition46,0,false,false,false,false,false,false,false,false,false,false,0,,2,0,1,false,false,,,false,false,0,false,,true,false,false,,,,,,2025-09-12T18:52:23.815Z,
https://www.reddit.com/r/uichicago/,1000,,uichicago,t5_2shzc,r/uichicago,https://www.reddit.com/r/uichicago,public,29115,https://www.reddit.com/r/uichicago/comments/1mkgmzo/is_this_doable/,is_this_doable,These are the classes I plan on taking + PHYS 141 of it opens.,Is this doable?,Question,2025-08-08T00:19:18.000Z,https://a.thumbs.redditmedia.com/Ji3fBl9TcPIBXzpUloxgzzT8P-APYkR1YkoyCifWTY8.jpg,true,ConsiderationOk5443,https://www.reddit.com/user/ConsiderationOk5443,2,false,false,false,false,false,false,false,false,false,false,0,,3,0,1,false,false,,,false,false,0,false,,true,false,false,,,,,,2025-09-12T18:52:23.815Z,
https://www.reddit.com/r/uichicago/,1000,,uichicago,t5_2shzc,r/uichicago,https://www.reddit.com/r/uichicago,public,29115,https://www.reddit.com/r/uichicago/comments/1mkgj4t/movein_day_tips/,movein_day_tips,As the title suggests.,Move-in Day tips?,Question,2025-08-08T00:14:28.000Z,self,false,Proof-Spite2679,https://www.reddit.com/user/Proof-Spite2679,1,false,false,false,false,false,false,false,false,false,false,0,,4,0,1,false,false,,,false,false,0,false,,true,false,false,,,,,,2025-09-12T18:52:23.815Z,
https://www.reddit.com/r/uichicago/,1000,,uichicago,t5_2shzc,r/uichicago,https://www.reddit.com/r/uichicago,public,29115,https://www.reddit.com/r/uichicago/comments/1mkehrs/span101102_textbooks_for_sale/,span101102_textbooks_for_sale,"I have three textbooks that I'm trying to sell off for at least half of what I bought for them (around $60, but I am willing to discuss). Also, the last two were only bought for SPAN102, so they can be omitted if you'd only like the first book listed. The books:

Aula de Accion 1 - It was bought brand new, and has zero writing or impurities on the inside.

Los espejuelos de Lennon by Dolores Soler-Espiauba - Was bought second-hand but has zero writing on the inside

Ojalá que te vaya bonito by Dolores Soler-Espiauba - Also bought brand-new and has zero writing on the inside

Please let me know if you're interested!

Update: Aula en acción 1 is no longer available, but the novels are still up for grabs! Since they are pretty cheap alone, I am giving them away for free if anybody's interested!!",SPAN101/102 Textbook(s) for sale!,Other,2025-08-07T22:44:16.000Z,self,false,mr_coat_hanger,https://www.reddit.com/user/mr_coat_hanger,2,true,false,false,false,false,false,false,false,false,false,0,,1,0,0.99,true,false,,,false,false,0,false,,true,false,false,,,,,,2025-09-12T18:52:23.815Z,
https://www.reddit.com/r/uichicago/,1000,,uichicago,t5_2shzc,r/uichicago,https://www.reddit.com/r/uichicago,public,29115,https://www.reddit.com/r/uichicago/comments/1mkd07y/bless_whoever_cancelled_their_room_assignment/,bless_whoever_cancelled_their_room_assignment,i got a room in marie robinson. 4-bedroom apartment.   i had no idea how i was going to survive commuting via public transportation with 5:30pm end classes and 9am start classes.,BLESS WHOEVER CANCELLED THEIR ROOM ASSIGNMENT,null,2025-08-07T21:42:40.000Z,self,false,neonjoji,https://www.reddit.com/user/neonjoji,18,false,false,false,false,false,false,false,false,false,false,0,,48,0,0.94,false,false,,,false,false,0,false,,true,false,false,,,,,,2025-09-12T18:52:23.815Z,
https://www.reddit.com/r/uichicago/,1000,,uichicago,t5_2shzc,r/uichicago,https://www.reddit.com/r/uichicago,public,29115,https://www.reddit.com/r/uichicago/comments/1mkcpo6/is_uic_honors_college_worth_it/,is_uic_honors_college_worth_it,"I’m a first year finance major and while I didn’t enroll in the honors college this year, I’ve been thinking about doing it next year. What appeals to me the most is the additional scholarship money but is the money worth it for all the extra work and courses required? Any advice is greatly appreciated!",Is UIC Honors College worth it?,Question,2025-08-07T21:31:00.000Z,self,false,Important-Proposal79,https://www.reddit.com/user/Important-Proposal79,9,false,false,false,false,false,false,false,false,false,false,0,,17,0,1,false,false,,,false,false,0,false,,true,false,false,,,,,,2025-09-12T18:52:23.815Z,
https://www.reddit.com/r/uichicago/,1000,,uichicago,t5_2shzc,r/uichicago,https://www.reddit.com/r/uichicago,public,29115,https://www.reddit.com/r/uichicago/comments/1mkbof0/uic_readmission_help/,uic_readmission_help,"Hey guys, so long story short, I fucked up in my first 3 semesters at UIC, leading to my dismissal. I went through a lot of crappy events that sent my already crappy mental health way deeper into the gutter. I didn't really attend my classes in my last semester, Fall 2024, which shot my GPA down to around a 1.7. When appealing my dismissal, Dean Roessler himself admitted that my circumstances were extreme, but I was still dismissed. Since then, I have gotten my mental health back on track with weekly therapy sessions and monthly psych appointments. I attended CLC for the spring and summer terms, where, unfortunately, I received mostly B's and 1 C. Right now, I am standing at about a 2.7 CC GPA because of that stupid C, and the unexpected drop in my summer grades percentage, where both were borderline to being A's. I am currently signed up for 9 Credits at CLC and 6 at COD. I plan to submit my application to UIC after 3-4 weeks so that I can show even more improvement, aiming for straight A's. I also have letters from both my therapist and my psychologist supporting that I have improved a lot under their care and am ready to go back. I'm still super nervous since I want to apply to LAS undecided to get back in. I want to hear others' stories and hear what you think would happen based on your experiences. UIC is the most cost-efficient school for me, and I honestly just want to get my bachelor's and leave. Thanks!",UIC Readmission Help,Question,2025-08-07T20:50:56.000Z,self,false,Repulsive_Bake5214,https://www.reddit.com/user/Repulsive_Bake5214,3,false,false,false,false,false,false,false,false,false,false,0,,10,0,0.78,false,false,,,false,false,0,false,,true,false,false,,,,,,2025-09-12T18:52:23.816Z,
https://www.reddit.com/r/uichicago/,1000,,uichicago,t5_2shzc,r/uichicago,https://www.reddit.com/r/uichicago,public,29115,https://www.reddit.com/r/uichicago/comments/1mkafv7/chance_me_for_uic_finance_major/,chance_me_for_uic_finance_major,"Hi everyone, I’m a rising senior hoping to 
get into UIC for a finance major. I’ll be applying early application. Plss give me tips for common app. Also should I apply undecided or as a business major??

Here’s my current profile:

•.    GPA: 3.17 (unweighted) 
•	SAT: 1200 
•	Course Rigor: Only 2 honors classes
•.    Internship: Worked as an accountant at my uncle’s factory 
•	Job: Currently working at Duck Donuts 
•	Extracurriculars: Guitar certificate 
•	Volunteer: 25 hours at a local food bank (Feed my Starving Children) and 25 hours for online tutoring 
•	Background: Moved from India about 4 years ago so still adjusting to the U.S. system

I know my GPA isn’t the strongest, but I’m wondering if my work experience, internship, and background will help strengthen my application. Do I have a decent shot at UIC for accounting? Also open to tips on how to make my application stronger this fall.",CHANCE ME FOR UIC FINANCE MAJOR,Question,2025-08-07T20:03:26.000Z,self,false,Proof-Sand-8189,https://www.reddit.com/user/Proof-Sand-8189,3,false,false,false,false,false,false,false,false,false,false,0,,0,0,0.29,true,false,,,false,false,0,false,,true,false,false,,,,,,2025-09-12T18:52:23.816Z,
https://www.reddit.com/r/uichicago/,1000,,uichicago,t5_2shzc,r/uichicago,https://www.reddit.com/r/uichicago,public,29115,https://www.reddit.com/r/uichicago/comments/1mk6q93/phys_141_summer_final_how_did_we_feel/,phys_141_summer_final_how_did_we_feel,"To everyone else who was in phys 141 this summer, how did you guys feel the exam went? 

I'm not sure I did as well this time around compared to the midterm, and getting short-changed the first page of the equation sheet made it worse lmaoooo  . I actually feel more confident in the extra credit q's than on the actual exam, but i guess we'll see",phys 141 summer final: how did we feel?,Question,2025-08-07T17:42:39.000Z,self,false,coolpeanuts9,https://www.reddit.com/user/coolpeanuts9,1,false,false,false,false,false,false,false,false,false,false,0,,0,0,0.5,true,false,,,false,false,0,false,,true,false,false,,,,,,2025-09-12T18:52:23.816Z,
https://www.reddit.com/r/uichicago/,1000,,uichicago,t5_2shzc,r/uichicago,https://www.reddit.com/r/uichicago,public,29115,https://www.reddit.com/r/uichicago/comments/1mk3ryl/can_you_guys_rate_my_schedule/,can_you_guys_rate_my_schedule,"Freshman college of business, thank you very much",Can you guys rate my schedule,null,2025-08-07T15:52:30.000Z,https://b.thumbs.redditmedia.com/vX5xWAfGof8mde4wsn9NxkL0HlQ-d6xFJRS7Y2uzsEA.jpg,true,Old_Physics2985,https://www.reddit.com/user/Old_Physics2985,8,false,false,false,false,false,false,false,false,false,false,0,,6,0,0.88,false,false,,,false,false,0,false,,true,false,false,,,,,,2025-09-12T18:52:23.816Z,
https://www.reddit.com/r/uichicago/,1000,,uichicago,t5_2shzc,r/uichicago,https://www.reddit.com/r/uichicago,public,29115,https://www.reddit.com/r/uichicago/comments/1mjpg76/incoming_freshman_schedule/,incoming_freshman_schedule,"I’m an incoming freshman wondering if im cooked or not. I have 3 back to backs, and atm I have yet to walk my schedule so im just curious if its actually feasible to get to all my classes on time?",Incoming freshman schedule,null,2025-08-07T03:29:22.000Z,https://b.thumbs.redditmedia.com/aUqcItw9zWRxC4gzBDrjTGDZKLyQNREiwm8V5XD8ouo.jpg,true,Direct_Depth_6169,https://www.reddit.com/user/Direct_Depth_6169,1,false,false,false,false,false,false,false,false,false,false,0,,2,0,0.67,false,false,,,false,false,0,false,,true,false,false,,,,,,2025-09-12T18:52:23.816Z,
https://www.reddit.com/r/uichicago/,1000,,uichicago,t5_2shzc,r/uichicago,https://www.reddit.com/r/uichicago,public,29115,https://www.reddit.com/r/uichicago/comments/1mjp0t4/preparing_for_premed_courses/,preparing_for_premed_courses,"I am an incoming freshman, and I’m taking BIOS 110, Chem 122/123, ENGL 160, and KN 194. For a pre-med student who is trying to get good grades (to the best of my ability), will taking 2 science courses at the same time make that difficult? And how difficult are PHYS 131 and Chem 232? I believe I will be taking both my sophomore year. Are certain professors better in the core pre-med classes?

Edit: I’m taking ENGL 161 and dropping KN 194",Preparing for pre-med Courses,Question,2025-08-07T03:07:52.000Z,self,false,redwoods_23,https://www.reddit.com/user/redwoods_23,2,true,false,false,false,false,false,false,false,false,false,0,,3,0,1,false,false,,,false,false,0,false,,true,false,false,,,,,,2025-09-12T18:52:23.816Z,
https://www.reddit.com/r/uichicago/,1000,,uichicago,t5_2shzc,r/uichicago,https://www.reddit.com/r/uichicago,public,29115,https://www.reddit.com/r/uichicago/comments/1mjope5/thoughts_on_my_3rd_year_transfer_meche_schedule/,thoughts_on_my_3rd_year_transfer_meche_schedule,"i honestly do my some of my best in classes at 8am, I'll be living on campus, and engineering classes are by far my strongest.

 the grade distribution for Dr. Mirbod doesn't look great year after year, and i have her for both heat transfer and fluid dynamics; should i be worried?

honestly pretty pressed that the design course is so late, but not too much I can do to help that

handshake seems like it sucks for on campus employment, I'd love to try doing research, and i would love advice for how to get started when it comes to internship/undergrad research hunting.

also, any tips in general for new students (especially transfer mechanical engineering ones i guess) would be greatly appreciated

if anyone wants to just chat about uic that's cool too lol",thoughts on my 3rd year transfer MechE schedule? (and more),Discussion,2025-08-07T02:52:37.000Z,https://b.thumbs.redditmedia.com/VpNWz3RPwObIucKwnwHpMo4fwhHseTIO6DK0xP-4ljk.jpg,true,disisdauicaccount,https://www.reddit.com/user/disisdauicaccount,0,false,false,false,false,false,false,false,false,false,false,0,,1,0,0.67,true,false,,,false,false,0,false,,true,false,false,,,,,,2025-09-12T18:52:23.816Z,
https://www.reddit.com/r/uichicago/,1000,,uichicago,t5_2shzc,r/uichicago,https://www.reddit.com/r/uichicago,public,29115,https://www.reddit.com/r/uichicago/comments/1mjno7n/questions_about_financial_aid/,questions_about_financial_aid,"Hello, I am an incoming freshman and I was wondering if this shows that I don't owe anything or if I am just understanding this wrong? I am hoping it doesn't mean I owe this much and is just the leftover money from grants and scholarships. If this is the leftover what can I use this for? Thanks in advance.",Questions about financial aid,null,2025-08-07T02:03:25.000Z,https://b.thumbs.redditmedia.com/EJFUzD5HDjdBCFkmLNK_OEYAWpiU4s-vNDMmKpI032s.jpg,true,New_Criticism_3920,https://www.reddit.com/user/New_Criticism_3920,8,false,false,false,false,false,false,false,false,false,false,0,,9,0,0.85,false,false,,,false,false,0,false,,true,false,false,,,,,,2025-09-12T18:52:23.817Z,
https://www.reddit.com/r/uichicago/,1000,,uichicago,t5_2shzc,r/uichicago,https://www.reddit.com/r/uichicago,public,29115,https://www.reddit.com/r/uichicago/comments/1mjlja5/move_in_day/,move_in_day,"Are we allowed to have more than one vehicle with us at check in?? Im taking two cars (me and my friend in one, my parents in the other) because I have to be in the city a little earlier to get my student id (stupid ik), and also because my parents won’t have enough trunk space to fit everything. So if I just tell the people at check in that the car behind me is also with me for move in will it be ok?",Move in day,null,2025-08-07T00:25:25.000Z,self,false,pandesalmama,https://www.reddit.com/user/pandesalmama,3,false,false,false,false,false,false,false,false,false,false,0,,7,0,0.89,false,false,,,false,false,0,false,,true,false,false,,,,,,2025-09-12T18:52:23.817Z,
https://www.reddit.com/r/uichicago/,1000,,uichicago,t5_2shzc,r/uichicago,https://www.reddit.com/r/uichicago,public,29115,https://www.reddit.com/r/uichicago/comments/1mjj708/is_there_any_architecture_student_here/,is_there_any_architecture_student_here,"I’m a freshman at CADA and really need connections, I want to hear more about your guys experiences in the Arch Studio, any tips, any advice or a guide could help me a lot! Thank you",Is there any Architecture student here?,Question,2025-08-06T22:44:20.000Z,self,false,-dnht-,https://www.reddit.com/user/-dnht-,3,false,false,false,false,false,false,false,false,false,false,0,,8,0,0.9,false,false,,,false,false,0,false,,true,false,false,,,,,,2025-09-12T18:52:23.817Z,
https://www.reddit.com/r/uichicago/,1000,,uichicago,t5_2shzc,r/uichicago,https://www.reddit.com/r/uichicago,public,29115,https://www.reddit.com/r/uichicago/comments/1mjg88e/rate_my_schedule/,rate_my_schedule,"taking a total of 5 classes for 15 credits! im also taking HN online    the only class im worried about is public health because of the professor.. 

i think i can still change to stats or math 110 since i recently did my re-evaluation for my math placement test and got a 99",rate my schedule!!,Image,2025-08-06T20:47:47.000Z,https://b.thumbs.redditmedia.com/mL-QDffNol82eVwCGHFrEFkE34-MZkaxMzgsdAWhhbA.jpg,true,uratoho,https://www.reddit.com/user/uratoho,3,false,false,false,false,false,false,false,false,false,false,0,,14,0,0.94,false,false,,,false,false,0,false,,true,false,false,,,,,,2025-09-12T18:52:23.817Z,
https://www.reddit.com/r/uichicago/,1000,,uichicago,t5_2shzc,r/uichicago,https://www.reddit.com/r/uichicago,public,29115,https://www.reddit.com/r/uichicago/comments/1mjejtz/drinking_water_condition_in_dorms/,drinking_water_condition_in_dorms,"Hi all, 

I will be moving into the UIC dorms this year and was wondering what the drinking water situation is in the dorms, specifically in the ARC. Can one drink the water outside the dorms without filtering it or does one need a water filter?",Drinking Water Condition in Dorms,null,2025-08-06T19:43:29.000Z,self,false,Proof-Spite2679,https://www.reddit.com/user/Proof-Spite2679,1,false,false,false,false,false,false,false,false,false,false,0,,4,0,0.84,false,false,,,false,false,0,false,,true,false,false,,,,,,2025-09-12T18:52:23.817Z,
https://www.reddit.com/r/uichicago/,1000,,uichicago,t5_2shzc,r/uichicago,https://www.reddit.com/r/uichicago,public,29115,https://www.reddit.com/r/uichicago/comments/1mjefj8/wow_this_guy_fucking_sucks/,wow_this_guy_fucking_sucks,Time to get that 9-5 bud,Wow! This guy fucking Sucks!,null,2025-08-06T19:38:51.000Z,https://b.thumbs.redditmedia.com/7P0UYQRxnzQP_oGVQK0CWZJ8a0Mp7xlkhqQ3DFk5soM.jpg,true,ConfusedBiss,https://www.reddit.com/user/ConfusedBiss,24,false,false,false,false,false,false,false,false,false,false,0,,305,0,0.99,false,false,,,false,false,0,false,,true,false,false,,,,,,2025-09-12T18:52:23.817Z,
https://www.reddit.com/r/uichicago/,1000,,uichicago,t5_2shzc,r/uichicago,https://www.reddit.com/r/uichicago,public,29115,https://www.reddit.com/r/uichicago/comments/1mjco5g/chem_101_prof/,chem_101_prof,"Which professor is best for chem 101? I got mixed reviews for Stec and Schroeder on rate my professor. For reference I took honors chemistry in high school and got by with a low B, so i just want to make sure I have a professor who won’t make my experience with chemistry more terrible than it has to be",Chem 101 prof,null,2025-08-06T18:32:20.000Z,self,false,pandesalmama,https://www.reddit.com/user/pandesalmama,3,false,false,false,false,false,false,false,false,false,false,0,,3,0,1,false,false,,,false,false,0,false,,true,false,false,,,,,,2025-09-12T18:52:23.817Z,
https://www.reddit.com/r/uichicago/,1000,,uichicago,t5_2shzc,r/uichicago,https://www.reddit.com/r/uichicago,public,29115,https://www.reddit.com/r/uichicago/comments/1mjb8oi/upcoming_freshman_schedule/,upcoming_freshman_schedule,I’m an upcoming freshman at UIC and I was wondering if this schedule was okay,Upcoming Freshman schedule,Question,2025-08-06T17:38:36.000Z,https://a.thumbs.redditmedia.com/bnjLB1VRCuAcYI0dOlIttxTcDkfnxuQTbbVvwq3SoD8.jpg,true,Additional_Crab_8493,https://www.reddit.com/user/Additional_Crab_8493,18,false,false,false,false,false,false,false,false,false,false,0,,17,0,1,false,false,,,false,false,0,false,,true,false,false,,,,,,2025-09-12T18:52:23.817Z,
https://www.reddit.com/r/uichicago/,1000,,uichicago,t5_2shzc,r/uichicago,https://www.reddit.com/r/uichicago,public,29115,https://www.reddit.com/r/uichicago/comments/1mj8e7r/language_placement_test/,language_placement_test,What happens if you test well enough on the placement test (specifically russian)? Is that all you have to do to test out of the language requirement? Or do they make you do an interview w/the language department,language placement test,null,2025-08-06T15:52:27.000Z,self,false,Adept-Insect4195,https://www.reddit.com/user/Adept-Insect4195,1,false,false,false,false,false,false,false,false,false,false,0,,2,0,1,false,false,,,false,false,0,false,,true,false,false,,,,,,2025-09-12T18:52:23.817Z,
https://www.reddit.com/r/uichicago/,1000,,uichicago,t5_2shzc,r/uichicago,https://www.reddit.com/r/uichicago,public,29115,https://www.reddit.com/r/uichicago/comments/1mj4crr/my_schedule_2025/,my_schedule_2025,Chat how cooked am I?,My schedule 2025,Question,2025-08-06T13:13:58.000Z,https://b.thumbs.redditmedia.com/sLdJn_IRNMvdTTaNTfbmiAciyuMHTvPPGFKt7EeX-uc.jpg,true,ProtectionAny190,https://www.reddit.com/user/ProtectionAny190,6,false,false,false,false,false,false,false,false,false,false,0,,2,0,0.76,false,false,,,false,false,0,false,,true,false,false,,,,,,2025-09-12T18:52:23.817Z,
https://www.reddit.com/r/uichicago/,1000,,uichicago,t5_2shzc,r/uichicago,https://www.reddit.com/r/uichicago,public,29115,https://www.reddit.com/r/uichicago/comments/1mivywj/why_is_uic_so_stingy_w_aid/,why_is_uic_so_stingy_w_aid,Why???,Why is Uic so stingy w aid,null,2025-08-06T05:12:15.000Z,self,false,NooEconomics,https://www.reddit.com/user/NooEconomics,17,false,false,false,false,false,false,false,false,false,false,0,,29,0,0.77,false,false,,,false,false,0,false,,true,false,false,,,,,,2025-09-12T18:52:23.817Z,
https://www.reddit.com/r/uichicago/,1000,,uichicago,t5_2shzc,r/uichicago,https://www.reddit.com/r/uichicago,public,29115,https://www.reddit.com/r/uichicago/comments/1mit9o7/selling_2_uic_basketball_tees_10_each_mens_sizes/,selling_2_uic_basketball_tees_10_each_mens_sizes,"Hey Flames!  

I’m selling two UIC basketball t-shirts for $10 each. Both are in great condition — perfect for repping school spirit at games or around campus.",Selling 2 UIC Basketball Tees – $10 Each (Men’s Sizes M &amp; L),Image,2025-08-06T02:49:45.000Z,https://b.thumbs.redditmedia.com/uyKd0Dxrq22yvwpqXTb4z1_DRZR8P6CocGXaWr8dwcM.jpg,false,MansoryGlue,https://www.reddit.com/user/MansoryGlue,0,false,false,false,false,false,false,false,false,false,false,0,,1,0,0.67,true,false,,,false,false,0,false,,true,false,false,,,,,,2025-09-12T18:52:23.818Z,
https://www.reddit.com/r/uichicago/,1000,,uichicago,t5_2shzc,r/uichicago,https://www.reddit.com/r/uichicago,public,29115,https://www.reddit.com/r/uichicago/comments/1miqj6f/how_to_transfer_a_class_from_ccc_to_here/,how_to_transfer_a_class_from_ccc_to_here,"Hello all, I wanted to know how to transer a summer class to this school.",How to transfer a class from ccc to here,null,2025-08-06T00:40:59.000Z,self,false,Medium-Classic-2487,https://www.reddit.com/user/Medium-Classic-2487,5,false,false,false,false,false,false,false,false,false,false,0,,4,0,0.83,false,false,,,false,false,0,false,,true,false,false,,,,,,2025-09-12T18:52:23.818Z,
https://www.reddit.com/r/uichicago/,1000,,uichicago,t5_2shzc,r/uichicago,https://www.reddit.com/r/uichicago,public,29115,https://www.reddit.com/r/uichicago/comments/1mioi1u/financial_aid_question/,financial_aid_question,Does any one know when financial aid pays for tuition? Seeing that balance on my account is making me nervous,Financial Aid question,Question,2025-08-05T23:12:08.000Z,self,false,Pure-Philosophy-628,https://www.reddit.com/user/Pure-Philosophy-628,9,false,false,false,false,false,false,false,false,false,false,0,,14,0,0.94,false,false,,,false,false,0,false,,true,false,false,,,,,,2025-09-12T18:52:23.818Z,
https://www.reddit.com/r/uichicago/,1000,,uichicago,t5_2shzc,r/uichicago,https://www.reddit.com/r/uichicago,public,29115,https://www.reddit.com/r/uichicago/comments/1milmxv/professor_for_cs_401_mwf_200250/,professor_for_cs_401_mwf_200250,Anyone know who’s teaching this class? It was originally Lev Reyzin but it seems they took him out of the course. Its also the only 401 section that says on campus &amp; online but no mention of it being asynchronous?,Professor for CS 401 MWF 2:00-2:50,Question,2025-08-05T21:15:46.000Z,self,false,KreamyBeef,https://www.reddit.com/user/KreamyBeef,1,false,false,false,false,false,false,false,false,false,false,0,,1,0,1,true,false,,,false,false,0,false,,true,false,false,,,,,,2025-09-12T18:52:23.818Z,
https://www.reddit.com/r/uichicago/,1000,,uichicago,t5_2shzc,r/uichicago,https://www.reddit.com/r/uichicago,public,29115,https://www.reddit.com/r/uichicago/comments/1mikiec/has_anyone_taken_lyu_shiji_before_for_math_310_or/,has_anyone_taken_lyu_shiji_before_for_math_310_or,They finally listed all the professors teaching the course for this Fall semester and it turns out I'm taking it with Lyu. Anybody know about this professor at all? There's no reviews on RateMyProfessor for them.,Has anyone taken Lyu Shiji before for MATH 310 or are they a new professor?,Question,2025-08-05T20:32:34.000Z,self,false,TheGweenDeku905,https://www.reddit.com/user/TheGweenDeku905,3,false,false,false,false,false,false,false,false,false,false,0,,1,0,1,true,false,,,false,false,0,false,,true,false,false,,,,,,2025-09-12T18:52:23.818Z,
https://www.reddit.com/r/uichicago/,1000,,uichicago,t5_2shzc,r/uichicago,https://www.reddit.com/r/uichicago,public,29115,https://www.reddit.com/r/uichicago/comments/1mig7vs/how_accommodating_is_uic_for_physical_disabilities/,how_accommodating_is_uic_for_physical_disabilities,"Hey everyone, I’m transferring into UIC this fall and dealing with some unexpected medical stuff. I’ve been hospitalized and will likely be using a walker or cane once classes start. I'm trying to figure out how accessible the campus is, especially in the first few weeks when I’ll still be recovering.

I asked my advisor if I could attend online for the first two weeks while I get back on my feet, but all he told me was to message the DRC and that he “couldn’t help me”,  which was a little frustrating. I’ve reached out to DRC and I have a meeting scheduled, but in the meantime, I’d love to hear from other students:

- Has UIC been good about following through on physical accommodations?

- Are professors generally understanding if you need flexibility for medical reasons?

- How physically accessible is the campus overall (especially if you’re using mobility aids)?


Any insight or experiences would mean a lot right now. Thanks in advance",How accommodating is UIC for physical disabilities?,Question,2025-08-05T17:54:10.000Z,self,false,ElectricalMinute3895,https://www.reddit.com/user/ElectricalMinute3895,11,false,false,false,false,false,false,false,false,false,false,0,,8,0,0.84,false,false,,,false,false,0,false,,true,false,false,,,,,,2025-09-12T18:52:23.818Z,
https://www.reddit.com/r/uichicago/,1000,,uichicago,t5_2shzc,r/uichicago,https://www.reddit.com/r/uichicago,public,29115,https://www.reddit.com/r/uichicago/comments/1mieu1t/hn_307_questions/,hn_307_questions,I was just wondering if anyone has taken hn 307. I can't find anything about the professor or about the class. Just wondering how it is and how hard it is,Hn 307 Questions,null,2025-08-05T17:04:13.000Z,self,false,Outside-Ad-8776,https://www.reddit.com/user/Outside-Ad-8776,0,false,false,false,false,false,false,false,false,false,false,0,,2,0,1,false,false,,,false,false,0,false,,true,false,false,,,,,,2025-09-12T18:52:23.818Z,
https://www.reddit.com/r/uichicago/,1000,,uichicago,t5_2shzc,r/uichicago,https://www.reddit.com/r/uichicago,public,29115,https://www.reddit.com/r/uichicago/comments/1mias3o/neuroscience_chemistry_requirements/,neuroscience_chemistry_requirements,"I got a D in Chemistry 125 (Gen Chem 2 Lab). Not great, I know. My grandfather passed and I was his caregiver up until his passing, so I didn't have the opportunity to perform as well as I'd have hoped. 

I was wondering if I'd still able to take Orgo Lab or if I need to retake the lab for 125 first. 

I know this is more of an academic advisor question, but I was just wondering if anyone had any input. 

  
TIA!",Neuroscience Chemistry Requirements,null,2025-08-05T14:30:35.000Z,self,false,One-Measurement-8092,https://www.reddit.com/user/One-Measurement-8092,3,false,false,false,false,false,false,false,false,false,false,0,,7,0,1,false,false,,,false,false,0,false,,true,false,false,,,,,,2025-09-12T18:52:23.818Z,
https://www.reddit.com/r/uichicago/,1000,,uichicago,t5_2shzc,r/uichicago,https://www.reddit.com/r/uichicago,public,29115,https://www.reddit.com/r/uichicago/comments/1mhyd6g/housing_for_fall_semster/,housing_for_fall_semster,Hello everyone! Im trying to look for housing near UIC. I have yet to find a roomate and a suitable location. If anyone have any suggestion on where I should look please do comment. Thank you!,Housing for Fall semster,null,2025-08-05T03:21:00.000Z,self,false,Blanket7e,https://www.reddit.com/user/Blanket7e,4,false,false,false,false,false,false,false,false,false,false,0,,0,0,0.5,true,false,,,false,false,0,false,,true,false,false,,,,,,2025-09-12T18:52:23.819Z,
https://www.reddit.com/r/uichicago/,1000,,uichicago,t5_2shzc,r/uichicago,https://www.reddit.com/r/uichicago,public,29115,https://www.reddit.com/r/uichicago/comments/1mhy54q/is_it_hard_to_get_in/,is_it_hard_to_get_in,"I’m almost don’t with my application, but I don’t want to get my get my hopes up because I was not the best student in high school I graduated in 2023 with a 2.8 gpa and didn’t take any tests. This is the only school that has the specific major I want that I can also afford so I’m hoping I can get in but I don’t want to be super disappointed if I don’t get in.",Is it hard to get in?,Question,2025-08-05T03:10:01.000Z,self,false,MOIKIEYWAV3,https://www.reddit.com/user/MOIKIEYWAV3,17,false,false,false,false,false,false,false,false,false,false,0,,11,0,0.87,false,false,,,false,false,0,false,,true,false,false,,,,,,2025-09-12T18:52:23.819Z,
https://www.reddit.com/r/uichicago/,1000,,uichicago,t5_2shzc,r/uichicago,https://www.reddit.com/r/uichicago,public,29115,https://www.reddit.com/r/uichicago/comments/1mhwy3d/industrial_engineering_books/,industrial_engineering_books,"Hi 

Do you know what text book is best for UIC IE 396 (Senior Design 1) course? They have not listed any book",Industrial Engineering Books,null,2025-08-05T02:13:14.000Z,self,false,Brilliant-Top-2100,https://www.reddit.com/user/Brilliant-Top-2100,0,false,false,false,false,false,false,false,false,false,false,0,,1,0,0.99,true,false,,,false,false,0,false,,true,false,false,,,,,,2025-09-12T18:52:23.819Z,
https://www.reddit.com/r/uichicago/,1000,,uichicago,t5_2shzc,r/uichicago,https://www.reddit.com/r/uichicago,public,29115,https://www.reddit.com/r/uichicago/comments/1mhvr8u/my_schedule_looks_a_bit_goofy_but_is_it_good/,my_schedule_looks_a_bit_goofy_but_is_it_good,"So, the thing is that my original art classes were cancelled for the semester due to reasons unknown. I tried improvising with what's available but the best I can do is this.

Personally I think its fine since all the courses are p much right next to each other with Thursday basically chilling, but I think there's something wrong which I can't really put my finger on. Could be just paranoia though.","My schedule looks a bit goofy, but is it good?",null,2025-08-05T01:18:57.000Z,https://b.thumbs.redditmedia.com/tsiomcRmT4HKb-f7h9w9qaK_rZvKifER2lBI1CGQAlI.jpg,true,[deleted],https://www.reddit.com/user/[deleted],6,false,false,false,false,false,false,false,false,false,false,0,,10,0,0.92,false,false,,,false,false,0,false,,true,false,false,,,,,,2025-09-12T18:52:23.819Z,
https://www.reddit.com/r/uichicago/,1000,,uichicago,t5_2shzc,r/uichicago,https://www.reddit.com/r/uichicago,public,29115,https://www.reddit.com/r/uichicago/comments/1mhvj90/is_my_schedule_decent/,is_my_schedule_decent,"Also hoping to find another FIN class that's closer to my IDS class on T/TR to close the gap a bit, thank you!",Is my schedule decent?,Question,2025-08-05T01:08:28.000Z,https://b.thumbs.redditmedia.com/EiVBe7YzPQMH8lbCw6cdY_0Qw5tcW2gexIPtEnMO9xo.jpg,true,LILVODAK,https://www.reddit.com/user/LILVODAK,6,false,false,false,false,false,false,false,false,false,false,0,,6,0,0.88,false,false,,,false,false,0,false,,true,false,false,,,,,,2025-09-12T18:52:23.819Z,
https://www.reddit.com/r/uichicago/,1000,,uichicago,t5_2shzc,r/uichicago,https://www.reddit.com/r/uichicago,public,29115,https://www.reddit.com/r/uichicago/comments/1mhujp7/using_solidworks_on_mac/,using_solidworks_on_mac,"I want to improve my SolidWorks skills, and since I have a Mac, I'm mostly unable to. I'm able to use the Windows app on my Mac to access UIC's virtual computers, but they only have the 2023 version of SolidWorks. Has anyone figured out how to use SolidWorks smoothly on a Mac? Also, where are the computers on campus that have SolidWorks on them? I believe the computers on the MSLC don't have them.",Using SolidWorks on Mac,Question,2025-08-05T00:23:31.000Z,self,false,Angel23g,https://www.reddit.com/user/Angel23g,3,false,false,false,false,false,false,false,false,false,false,0,,4,0,1,false,false,,,false,false,0,false,,true,false,false,,,,,,2025-09-12T18:52:23.819Z,
https://www.reddit.com/r/uichicago/,1000,,uichicago,t5_2shzc,r/uichicago,https://www.reddit.com/r/uichicago,public,29115,https://www.reddit.com/r/uichicago/comments/1mhpbhl/help_with_summer_class_transfer/,help_with_summer_class_transfer,"I’m in the college of engineering and just took Physics 141 over the summer. It’s a prerequisite for 2 courses so I need to know how to get it to transfer asap so I can finish making my schedule. Does anyone know who I should talk to for this? My advisor said he’s not familiar with transfer information, and I already used parchment to send a transcript from the school I took it at to UIC.",Help with summer class transfer,Question,2025-08-04T20:49:01.000Z,self,false,Mysterious_Cost6181,https://www.reddit.com/user/Mysterious_Cost6181,5,false,false,false,false,false,false,false,false,false,false,0,,3,0,1,false,false,,,false,false,0,false,,true,false,false,,,,,,2025-09-12T18:52:23.819Z,
https://www.reddit.com/r/uichicago/,1000,,uichicago,t5_2shzc,r/uichicago,https://www.reddit.com/r/uichicago,public,29115,https://www.reddit.com/r/uichicago/comments/1mhn1qa/gen_eds_not_falling_under_correct_catagory/,gen_eds_not_falling_under_correct_catagory,"I'm taking 2 gen ed's next semester, RELS 208 (Classical Mythology) and HIST 177 (Middle Eastern Civilization). The RELS class covers Individual and Society course, and Past course; the HIST class covers Past course, and World Cultures course. I've already taken a World Cultures class so I need the HIST class to full under the Past course however in my audit the RELS course falls under Past and the HIST falls under the additional 6 hours gen ed's. How do I get the RELS to fall under Individual and Society and the HIST to fall under Past? Thanks",Gen ed's not falling under correct catagory,null,2025-08-04T19:23:58.000Z,self,false,Academic-Type-7237,https://www.reddit.com/user/Academic-Type-7237,2,false,false,false,false,false,false,false,false,false,false,0,,1,0,0.67,true,false,,,false,false,0,false,,true,false,false,,,,,,2025-09-12T18:52:23.819Z,
https://www.reddit.com/r/uichicago/,1000,,uichicago,t5_2shzc,r/uichicago,https://www.reddit.com/r/uichicago,public,29115,https://www.reddit.com/r/uichicago/comments/1mhl2ay/how_is_uic_housing/,how_is_uic_housing,I'm considering applying to UIC but I'm nervous because I've heard mixed things about the quality of dorms. Are they as bad as people say? I'm not sure if it's realistic that I could get an apartment at least for my Freshman year.,How is UIC Housing?,Question,2025-08-04T18:12:01.000Z,self,false,soap1bee,https://www.reddit.com/user/soap1bee,2,false,false,false,false,false,false,false,false,false,false,0,,2,0,1,false,false,,,false,false,0,false,,true,false,false,,,,,,2025-09-12T18:52:23.819Z,
https://www.reddit.com/r/uichicago/,1000,,uichicago,t5_2shzc,r/uichicago,https://www.reddit.com/r/uichicago,public,29115,https://www.reddit.com/r/uichicago/comments/1mhkhnb/how_is_shavila_devi_math_310_class/,how_is_shavila_devi_math_310_class,,How is Shavila Devi MATH 310 class?,Question,2025-08-04T17:51:57.000Z,self,false,Excellent_Jacket_722,https://www.reddit.com/user/Excellent_Jacket_722,2,false,false,false,false,false,false,false,false,false,false,0,,1,0,1,true,false,,,false,false,0,false,,true,false,false,,,,,,2025-09-12T18:52:23.819Z,
https://www.reddit.com/r/uichicago/,1000,,uichicago,t5_2shzc,r/uichicago,https://www.reddit.com/r/uichicago,public,29115,https://www.reddit.com/r/uichicago/comments/1mhgrzq/midterm_exam_days_for_courses/,midterm_exam_days_for_courses,"Hey y'all, I'm an incoming sophomore and I'm gonna be taking physics 2 and orgo chem 1 structure &amp; function. I was wondering what weekdays the midterm exams typically fall on so I can adjust my schedule a little. Please let me know if anyone has the syllabus as well! Cause I can't seem to find it anywhere.

  
Thanks again!",Midterm Exam days for courses,null,2025-08-04T15:36:24.000Z,self,false,Altruistic_Ad5716,https://www.reddit.com/user/Altruistic_Ad5716,3,false,false,false,false,false,false,false,false,false,false,0,,2,0,1,false,false,,,false,false,0,false,,true,false,false,,,,,,2025-09-12T18:52:23.819Z,
https://www.reddit.com/r/uichicago/,1000,,uichicago,t5_2shzc,r/uichicago,https://www.reddit.com/r/uichicago,public,29115,https://www.reddit.com/r/uichicago/comments/1mgzzju/stats_101_lab/,stats_101_lab,"Hey guys!

Im taking stats in the fall but wanted to know if i really really need to attend lab??? im used to having lab for science classes not math… what exactly am i going to be doing? any input would help thanks!",Stats 101 lab??,Question,2025-08-04T01:07:10.000Z,self,false,TemperatureSoggy6280,https://www.reddit.com/user/TemperatureSoggy6280,0,false,false,false,false,false,false,false,false,false,false,0,,3,0,0.72,false,false,,,false,false,0,false,,true,false,false,,,,,,2025-09-12T18:52:23.820Z,
https://www.reddit.com/r/uichicago/,1000,,uichicago,t5_2shzc,r/uichicago,https://www.reddit.com/r/uichicago,public,29115,https://www.reddit.com/r/uichicago/comments/1mgyq0p/gym_rats_at_uic/,gym_rats_at_uic,"I’m a 21 gym rat girly looking to connect with other gym rat girlies who are into hardcore lifting, meal prepping, and going hard in the gym. Comment if you want to connect!",Gym Rats at UIC,null,2025-08-04T00:06:15.000Z,self,false,Cold-Length-3626,https://www.reddit.com/user/Cold-Length-3626,3,false,false,false,false,false,false,false,false,false,false,0,,17,0,0.95,false,false,,,false,false,0,false,,true,false,false,,,,,,2025-09-12T18:52:23.820Z,
https://www.reddit.com/r/uichicago/,1000,,uichicago,t5_2shzc,r/uichicago,https://www.reddit.com/r/uichicago,public,29115,https://www.reddit.com/r/uichicago/comments/1mgnn6q/sub_loan_disbursement/,sub_loan_disbursement,"Hey yall so recently checked my UI pay and seen my Map,Pell, and UIC grants were posted yesterday and on the anticipated aid tab. This time I accepted the sub-loan but don’t see it under anticipated aid. To anyone who has accepted this either first time or accepted it before, can give me a rough ETA on when does it apply to my account to be disbursed? Thank you with any information or help and have a blessed Sunday!",Sub Loan Disbursement,Question,2025-08-03T16:31:29.000Z,self,false,Luchieman,https://www.reddit.com/user/Luchieman,7,false,false,false,false,false,false,false,false,false,false,0,,7,0,0.89,false,false,,,false,false,0,false,,true,false,false,,,,,,2025-09-12T18:52:31.422Z,
https://www.reddit.com/r/uichicago/,1000,,uichicago,t5_2shzc,r/uichicago,https://www.reddit.com/r/uichicago,public,29115,https://www.reddit.com/r/uichicago/comments/1mgdw84/yoo_wonderful_peoples/,yoo_wonderful_peoples,"do all beds loft at uic? like can i move around the springs or down?
thanks",yoo wonderful peoples,null,2025-08-03T08:13:04.000Z,self,false,NooEconomics,https://www.reddit.com/user/NooEconomics,0,false,false,false,false,false,false,false,false,false,false,0,,1,0,0.56,true,false,,,false,false,0,false,,true,false,false,,,,,,2025-09-12T18:52:31.422Z,
https://www.reddit.com/r/uichicago/,1000,,uichicago,t5_2shzc,r/uichicago,https://www.reddit.com/r/uichicago,public,29115,https://www.reddit.com/r/uichicago/comments/1mgck2y/pilates_class_at_rec/,pilates_class_at_rec,"Hi guys, are there any pilates class at REC for the Fall? is membership required for the class? thx!!",Pilates class at REC,null,2025-08-03T06:46:45.000Z,self,false,Tricky-Station9154,https://www.reddit.com/user/Tricky-Station9154,1,false,false,false,false,false,false,false,false,false,false,0,,3,0,0.72,false,false,,,false,false,0,false,,true,false,false,,,,,,2025-09-12T18:52:31.422Z,
https://www.reddit.com/r/uichicago/,1000,,uichicago,t5_2shzc,r/uichicago,https://www.reddit.com/r/uichicago,public,29115,https://www.reddit.com/r/uichicago/comments/1mgah3l/psychology_courses_for_both_fall_and_spring/,psychology_courses_for_both_fall_and_spring,"Hey guys I was wondering if there are any typical psychology courses that are offered in both fall and spring or if any are only offered exclusively during one semester. The courses in particular are psych 270, 271, 333, 312, and 320. Any help would be greatly appreciated, also if I should take one over the other.",Psychology courses for both fall and spring,null,2025-08-03T04:40:41.000Z,self,false,Popular_Ad_3722,https://www.reddit.com/user/Popular_Ad_3722,1,false,false,false,false,false,false,false,false,false,false,0,,0,0,0.5,true,false,,,false,false,0,false,,true,false,false,,,,,,2025-09-12T18:52:31.423Z,
https://www.reddit.com/r/uichicago/,1000,,uichicago,t5_2shzc,r/uichicago,https://www.reddit.com/r/uichicago,public,29115,https://www.reddit.com/r/uichicago/comments/1mgabde/financial_aid_disbursement/,financial_aid_disbursement,I start UIC in October. (Fall B Term). Does anyone know when financial aid will disburse refunds?,Financial Aid Disbursement,null,2025-08-03T04:31:41.000Z,self,false,MooMooCHI089,https://www.reddit.com/user/MooMooCHI089,1,false,false,false,false,false,false,false,false,false,false,0,,0,0,0.5,true,false,,,false,false,0,false,,true,false,false,,,,,,2025-09-12T18:52:31.423Z,
https://www.reddit.com/r/uichicago/,1000,,uichicago,t5_2shzc,r/uichicago,https://www.reddit.com/r/uichicago,public,29115,https://www.reddit.com/r/uichicago/comments/1mga8fx/ba_chemistry_pre_dental_major/,ba_chemistry_pre_dental_major,"Hello everyone, I am an ESL student who wants to be a dentist in future. I study at oakton community college and I am thinking about transferring to UIC to complete my bachelor’s degree in Chemistry, but while I was looking in what people saying about the chemistry department at UIC and a lot were saying that chemistry classes are so hard and they are a GPA killer. I really like chemistry and I am not worry about how hard these classes gonna be, but I also wanna get high GPA for applying to dental schools. Northeastern Illinois university is close to me and I have heard they have smaller and easier classes which going to be easier to maintain higher GPA than UIC, but the thing that it doesn’t have a good reputation here. Which choice do you guys think is the best in my case? Thanks in advance!!",BA Chemistry (pre dental major),null,2025-08-03T04:27:09.000Z,self,false,DifferenceRecent6062,https://www.reddit.com/user/DifferenceRecent6062,4,false,false,false,false,false,false,false,false,false,false,0,,0,0,0.5,true,false,,,false,false,0,false,,true,false,false,,,,,,2025-09-12T18:52:31.423Z,
https://www.reddit.com/r/uichicago/,1000,,uichicago,t5_2shzc,r/uichicago,https://www.reddit.com/r/uichicago,public,29115,https://www.reddit.com/r/uichicago/comments/1mg918n/looking_for_someone_to_take_my_letterman_lease_f/,looking_for_someone_to_take_my_letterman_lease_f,"Looking for someone to take my Letterman lease 18-20F only

Hey guys I’m unfortunately transferring schools due to family reasons and need someone to take over my lease at Letterman Apartments in Chicago (410 S Morgan St.)

Rent: $1065/month – includes ALL utilities (WiFi, water, electricity, etc.)

Roommates: 18–20-year-old females – looking for someone around the same age

Room: Fully furnished, private bedroom in a shared apartment with 2 other females


If you’re interested or have any questions, feel free to DM me or comment below!",Looking for someone to take my Letterman lease F only (This is probably the last time sorry for spamming it),null,2025-08-03T03:22:04.000Z,self,false,Equal_Potato,https://www.reddit.com/user/Equal_Potato,2,false,false,false,false,false,false,false,false,false,false,0,,0,0,0.4,true,false,,,false,false,1,false,,true,false,false,,,,,,2025-09-12T18:52:31.423Z,
https://www.reddit.com/r/uichicago/,1000,,uichicago,t5_2shzc,r/uichicago,https://www.reddit.com/r/uichicago,public,29115,https://www.reddit.com/r/uichicago/comments/1mg6428/sharing_a_swim_lane/,sharing_a_swim_lane,"Have you seen/experienced swim lane sharing in the rec center pools? I want to swim laps but I really don’t like sharing. I’m a sloppy swimmer. 

I know the website says they basically reserve the option to do so. I’m wondering how often it occurs.",Sharing a swim lane?,Question,2025-08-03T00:50:46.000Z,self,false,Odd-Variety-3802,https://www.reddit.com/user/Odd-Variety-3802,3,false,false,false,false,false,false,false,false,false,false,0,,3,0,0.64,false,false,,,false,false,0,false,,true,false,false,,,,,,2025-09-12T18:52:31.423Z,
https://www.reddit.com/r/uichicago/,1000,,uichicago,t5_2shzc,r/uichicago,https://www.reddit.com/r/uichicago,public,29115,https://www.reddit.com/r/uichicago/comments/1mg5b27/ppol_100_online/,ppol_100_online,"Hey, I was wondering if PPOL 100 is an easy gen ed to take, as I already have enough subjects with a nice amount of work load, I need something that has very few HW assignments and Exams.",PPOL 100 ONLINE,null,2025-08-03T00:10:44.000Z,self,false,Tall_Tie5132,https://www.reddit.com/user/Tall_Tie5132,0,false,false,false,false,false,false,false,false,false,false,0,,0,0,0.5,true,false,,,false,false,0,false,,true,false,false,,,,,,2025-09-12T18:52:31.423Z,
https://www.reddit.com/r/uichicago/,1000,,uichicago,t5_2shzc,r/uichicago,https://www.reddit.com/r/uichicago,public,29115,https://www.reddit.com/r/uichicago/comments/1mg4l6a/orgo_232_syllabus/,orgo_232_syllabus,"Hey, i’m a transfer student at UIC this fall and i’m going to be taking CHEM 232 with Professors Mohr &amp; Yermolina. I work at a hospital part time and i’m trying to get an idea how the exams are for this class so i can plan my work schedule around it. Can please send me the syllabus from last semester or last year. Are the exams during class time or is there a set time and date that all students take the test??",Orgo 232 Syllabus,null,2025-08-02T23:35:40.000Z,self,false,Strict-Competition46,https://www.reddit.com/user/Strict-Competition46,1,false,false,false,false,false,false,false,false,false,false,0,,0,0,0.5,true,false,,,false,false,0,false,,true,false,false,,,,,,2025-09-12T18:52:31.423Z,
https://www.reddit.com/r/uichicago/,1000,,uichicago,t5_2shzc,r/uichicago,https://www.reddit.com/r/uichicago,public,29115,https://www.reddit.com/r/uichicago/comments/1mfz25n/when_to_apply_for_mslc_positions/,when_to_apply_for_mslc_positions,"Does anyone know when applications for the MSLC positions usually open up for the fall semester? The science peer learning assistant and math grader positions in particular. I've been keeping an eye on the website all summer, but they haven't been updated since last spring.",When to apply for MSLC positions?,Question,2025-08-02T19:29:12.000Z,self,false,tego_myeggo,https://www.reddit.com/user/tego_myeggo,3,false,false,false,false,false,false,false,false,false,false,0,,1,0,0.67,true,false,,,false,false,0,false,,true,false,false,,,,,,2025-09-12T18:52:31.423Z,
https://www.reddit.com/r/uichicago/,1000,,uichicago,t5_2shzc,r/uichicago,https://www.reddit.com/r/uichicago,public,29115,https://www.reddit.com/r/uichicago/comments/1mfjn1x/any_advice_for_the_winter_as_a_commuter/,any_advice_for_the_winter_as_a_commuter,"So my typical route it takes me about 30-45 min to get to the UIC design building, I ride the train, take the buss and walk the rest of the way to the building. Now I know how Chicago Winters are but obviously I won't have a locker here at the school, so any good coat recommendations? Or boots? I personally don't wanna drag my coat around between classes so ideally I don't want a puffy coat. Any advice is appreciated! I just don't wanna be freezing",Any advice for the winter as a commuter?,Question,2025-08-02T06:31:53.000Z,self,false,helpful_demon,https://www.reddit.com/user/helpful_demon,11,false,false,false,false,false,false,false,false,false,false,0,,14,0,0.94,false,false,,,false,false,0,false,,true,false,false,,,,,,2025-09-12T18:52:31.424Z,
https://www.reddit.com/r/uichicago/,1000,,uichicago,t5_2shzc,r/uichicago,https://www.reddit.com/r/uichicago,public,29115,https://www.reddit.com/r/uichicago/comments/1mfexvs/parking_help_on_campus_every_day_this_semester/,parking_help_on_campus_every_day_this_semester,"Hey everyone! I’m going to be on campus every day this semester and I’ll be driving my sister’s car until I can get my own. Does anyone know if UIC offers any short-term or temporary parking passes? I’m not looking to commit to a full semester pass just yet since this setup is temporary.

Also, if anyone has tips on where I could park for free (or cheap) nearby in the meantime, that’d be super helpful. I don’t mind walking a bit if it saves money.

Thanks in advance!!",Parking help? On campus every day this semester &amp; borrowing a car temporarily,Question,2025-08-02T02:12:50.000Z,self,false,Money-Flow1344,https://www.reddit.com/user/Money-Flow1344,4,false,false,false,false,false,false,false,false,false,false,0,,2,0,0.67,false,false,,,false,false,0,false,,true,false,false,,,,,,2025-09-12T18:52:31.424Z,
https://www.reddit.com/r/uichicago/,1000,,uichicago,t5_2shzc,r/uichicago,https://www.reddit.com/r/uichicago,public,29115,https://www.reddit.com/r/uichicago/comments/1mfbq83/how_would_this_look/,how_would_this_look,I am currently enrolled at UIC for finance classes. I've read that UIC is ok but it would be better to study at UIUC. Is it possible to transfer from UIC to UIUC? and if possible would it be better to just finish my degree at UIC?,How would this look?,Question,2025-08-01T23:35:16.000Z,self,false,Mean-Ad-2004,https://www.reddit.com/user/Mean-Ad-2004,2,false,false,false,false,false,false,false,false,false,false,0,,5,0,0.86,false,false,,,false,false,0,false,,true,false,false,,,,,,2025-09-12T18:52:31.424Z,
https://www.reddit.com/r/uichicago/,1000,,uichicago,t5_2shzc,r/uichicago,https://www.reddit.com/r/uichicago,public,29115,https://www.reddit.com/r/uichicago/comments/1mf602s/well_thats_a_familiar_reference/,well_thats_a_familiar_reference,,Well that’s a familiar reference.,null,2025-08-01T19:35:14.000Z,https://b.thumbs.redditmedia.com/r6_P7a0aMXOKzLPg85vIVVK8lLmm-jjZQA1JNsIYFsA.jpg,true,superflyer991,https://www.reddit.com/user/superflyer991,3,false,false,false,false,false,false,false,false,false,false,0,,13,0,0.93,false,false,,,false,false,0,false,,true,false,false,,,,,,2025-09-12T18:52:31.424Z,
https://www.reddit.com/r/uichicago/,1000,,uichicago,t5_2shzc,r/uichicago,https://www.reddit.com/r/uichicago,public,29115,https://www.reddit.com/r/uichicago/comments/1mf5vio/whats_your_goto_commuter_bag_setup/,whats_your_goto_commuter_bag_setup,"I just transferred into UIC and I’m in the College of Business. This is my first time on a campus since graduating HS.

I just upgraded from a Chrome Industries Hondo ( I was working an office job and only really needed my MacBook and charger.) to a North Face Jester, and I’m curious what other folks use for their commutes. I don’t carry much, just my Laptop, iPad (notes), lunch, chargers, and maybe a quarter zip for cold classrooms. My commute is super short, like 15–20 minutes max.

What bags or setups do you all recommend for a light daily carry? Any small upgrades or accessories that have made your commute smoother? Thanks!",What's your go-to commuter bag setup?,Question,2025-08-01T19:30:08.000Z,self,false,Tqmbeamer,https://www.reddit.com/user/Tqmbeamer,11,false,false,false,false,false,false,false,false,false,false,0,,19,0,0.92,false,false,,,false,false,0,false,,true,false,false,,,,,,2025-09-12T18:52:31.424Z,
https://www.reddit.com/r/uichicago/,1000,,uichicago,t5_2shzc,r/uichicago,https://www.reddit.com/r/uichicago,public,29115,https://www.reddit.com/r/uichicago/comments/1mf2k86/freshman_having_questions_about_tuition/,freshman_having_questions_about_tuition,"Hi there, I’m upcoming freshman, nobody have mentioned about how I can pay my tuition with yet. Whether our school will need to pay for each class or for each semester? And do the tuition included insurance? Thank you guys",Freshman having questions about tuition,null,2025-08-01T17:23:51.000Z,self,false,Old_Physics2985,https://www.reddit.com/user/Old_Physics2985,2,false,false,false,false,false,false,false,false,false,false,0,,3,0,1,false,false,,,false,false,0,false,,true,false,false,,,,,,2025-09-12T18:52:31.424Z,
https://www.reddit.com/r/uichicago/,1000,,uichicago,t5_2shzc,r/uichicago,https://www.reddit.com/r/uichicago,public,29115,https://www.reddit.com/r/uichicago/comments/1mf25b8/msc_in_computer_engineering/,msc_in_computer_engineering,"Hi guys, just came here for some advice. I am think about doing my master's in UIC, I will be studying with nothing else to do (as an international student, we are only eligible for F1 and J1 visas, which only allows us to study, nothing else), I am planning to take 6 subjects in one semester, and four and the thesis in the other. Please I want to remark that I come from a tough program, here in Spain the department of electrical engineering in considered one of the toughest in the country, so I think that I can keep the pace, I am used to have 5 subject each quarter.

Another thing, I have a cumulative GPA of 2.76 (this is a prediction) and a 3.13 in the last two years. I have one year and a half of experience working on nano-satellites, developing PCBs and programming in C the attitude determination system of a specific satellite. I have a personal project related to AI and a pending internship in a well regarded satellite company here in Spain. What do you think? Am I eligible?",MSc in Computer Engineering,Question,2025-08-01T17:08:18.000Z,self,false,AccomplishedEast1340,https://www.reddit.com/user/AccomplishedEast1340,0,false,false,false,false,false,false,false,false,false,false,0,,1,0,1,true,false,,,false,false,0,false,,true,false,false,,,,,,2025-09-12T18:52:31.424Z,
https://www.reddit.com/r/uichicago/,1000,,uichicago,t5_2shzc,r/uichicago,https://www.reddit.com/r/uichicago,public,29115,https://www.reddit.com/r/uichicago/comments/1mf110v/chem_232_syllabus/,chem_232_syllabus,"Hey, i’m a transfer student at UIC this fall and i’m going to be taking CHEM 232 with Professors Mohr &amp; Yermolina. I work at a hospital part time and i’m trying to get an idea how the exams are for this class so i can plan my work schedule around it. Can please send me the syllabus from last semester or last year. Are the exams during class time or is there a set time and date that all students take the test??",CHEM 232 syllabus,null,2025-08-01T16:25:41.000Z,self,false,Strict-Competition46,https://www.reddit.com/user/Strict-Competition46,1,false,false,false,false,false,false,false,false,false,false,0,,1,0,1,true,false,,,false,false,0,false,,true,false,false,,,,,,2025-09-12T18:52:31.424Z,
https://www.reddit.com/r/uichicago/,1000,,uichicago,t5_2shzc,r/uichicago,https://www.reddit.com/r/uichicago,public,29115,https://www.reddit.com/r/uichicago/comments/1mez01q/dorm_essentials_for_someone_living_at_psr/,dorm_essentials_for_someone_living_at_psr,What should i bring especially things needed to cook,Dorm essentials for someone living at psr,null,2025-08-01T15:08:53.000Z,self,false,Accomplished-Goal279,https://www.reddit.com/user/Accomplished-Goal279,1,false,false,false,false,false,false,false,false,false,false,0,,2,0,1,false,false,,,false,false,0,false,,true,false,false,,,,,,2025-09-12T18:52:31.424Z,
https://www.reddit.com/r/uichicago/,1000,,uichicago,t5_2shzc,r/uichicago,https://www.reddit.com/r/uichicago,public,29115,https://www.reddit.com/r/uichicago/comments/1mev96a/how_do_you_get_into_research/,how_do_you_get_into_research,"I’m in the COE doing mechanical, I’m really interested into getting to do research in either robotics or energy but I’m not sure where to start. Anyone have good resources on cold emails templates or know what worked for yourselves. Or have any advice on how they started would be appreciated",How do you get into research,null,2025-08-01T12:32:39.000Z,self,false,LabComplete5342,https://www.reddit.com/user/LabComplete5342,4,false,false,false,false,false,false,false,false,false,false,0,,11,0,0.93,false,false,,,false,false,0,false,,true,false,false,,,,,,2025-09-12T18:52:31.424Z,
https://www.reddit.com/r/uichicago/,1000,,uichicago,t5_2shzc,r/uichicago,https://www.reddit.com/r/uichicago,public,29115,https://www.reddit.com/r/uichicago/comments/1meumn4/when_do_we_get_textbooks_syllabus/,when_do_we_get_textbooks_syllabus,does anyone know if we have to keep checking the registered classes tabs or do we wait until the first week to get a syllabus?,when do we get textbooks &amp; syllabus,null,2025-08-01T12:03:06.000Z,self,false,behollywoodfamous,https://www.reddit.com/user/behollywoodfamous,7,false,false,false,false,false,false,false,false,false,false,0,,7,0,0.89,false,false,,,false,false,0,false,,true,false,false,,,,,,2025-09-12T18:52:31.425Z,
https://www.reddit.com/r/uichicago/,1000,,uichicago,t5_2shzc,r/uichicago,https://www.reddit.com/r/uichicago,public,29115,https://www.reddit.com/r/uichicago/comments/1mepg35/english_department_opinions/,english_department_opinions,"hello! i am starting my sophomore undergrad at a state college in florida. while my original plan was to direct connect to UCF for the rest of my BA down here in orlando, i have also been considering transferring for my junior year out of state. ive done a bit of research into different english programs (specifically grad schools) as id like to do a masters to PHD continuous program after i get my BA, and UIC was one of the main schools i gravitated towards due to wanting to lean more into creative writing and/or eventually work in editing/publishing. 

i guess i am coming here to see if anyone had any opinions or advice in regards to both the undergrad and grad options for english at UIC! you can share your experiences, advice for the application processes (especially from those out of state,) opinions on both the bachelor's program and the graduate programs, anything would help! thanks!",english department opinions?,Discussion,2025-08-01T06:50:01.000Z,self,false,raincloudriding,https://www.reddit.com/user/raincloudriding,0,false,false,false,false,false,false,false,false,false,false,0,,1,0,1,true,false,,,false,false,0,false,,true,false,false,,,,,,2025-09-12T18:52:31.425Z,
https://www.reddit.com/r/uichicago/,1000,,uichicago,t5_2shzc,r/uichicago,https://www.reddit.com/r/uichicago,public,29115,https://www.reddit.com/r/uichicago/comments/1meo0q3/think_its_doable_cs_commuter/,think_its_doable_cs_commuter,"I know that 5 hour gap is gonna suck but how about the combination of classes? Specifically the Intro to Differential Equations and Probability Statistics. Thinking about getting rid of one but want to see if it’s manageable. I also got an online class 2 credit class, not worried about it.","Think it’s doable? (CS, Commuter)",Question,2025-08-01T05:23:05.000Z,https://b.thumbs.redditmedia.com/SA16FVQCo4koj8jOnE0aqYpFovb5r0WohSoVygRt_kg.jpg,true,Zaid_K04,https://www.reddit.com/user/Zaid_K04,14,false,false,false,false,false,false,false,false,false,false,0,,18,0,0.91,false,false,,,false,false,0,false,,true,false,false,,,,,,2025-09-12T18:52:31.425Z,
https://www.reddit.com/r/uichicago/,1000,,uichicago,t5_2shzc,r/uichicago,https://www.reddit.com/r/uichicago,public,29115,https://www.reddit.com/r/uichicago/comments/1mef2qy/is_this_schedule_doable_2nd_year_cheme_commuter/,is_this_schedule_doable_2nd_year_cheme_commuter,,"Is this schedule doable (2nd year chemE, commuter)?",Question,2025-07-31T22:09:05.000Z,https://b.thumbs.redditmedia.com/5tz0zQLv-5F3yK1pR0t7dUdzVc8iQDEUy3eibIQ6hzs.jpg,true,coolpeanuts9,https://www.reddit.com/user/coolpeanuts9,3,false,false,false,false,false,false,false,false,false,false,0,,4,0,1,false,false,,,false,false,0,false,,true,false,false,,,,,,2025-09-12T18:52:31.425Z,
https://www.reddit.com/r/uichicago/,1000,,uichicago,t5_2shzc,r/uichicago,https://www.reddit.com/r/uichicago,public,29115,https://www.reddit.com/r/uichicago/comments/1meeqsh/likelihood_of_switching_to_a_single_room/,likelihood_of_switching_to_a_single_room,"Hi, I dislike the person who is going to be my upcoming roommate and wanted to switch to a single room when its available 10 days after the start of the semester. What is the likelihood of that?",Likelihood of switching to a single room?,Question,2025-07-31T21:55:54.000Z,self,false,Timely_Vast759,https://www.reddit.com/user/Timely_Vast759,4,false,false,false,false,false,false,false,false,false,false,0,,5,0,1,false,false,,,false,false,0,false,,true,false,false,,,,,,2025-09-12T18:52:31.425Z,
https://www.reddit.com/r/uichicago/,1000,,uichicago,t5_2shzc,r/uichicago,https://www.reddit.com/r/uichicago,public,29115,https://www.reddit.com/r/uichicago/comments/1meaj0p/history_courses_for_the_fall/,history_courses_for_the_fall,,History Courses for the Fall,null,2025-07-31T19:11:34.000Z,https://b.thumbs.redditmedia.com/N8oF4ozc2rMhs8dL1CncfSKPTIgNq8cW5x5InvaFwhU.jpg,false,UIC-HistoryDept,https://www.reddit.com/user/UIC-HistoryDept,4,false,false,false,false,false,false,false,false,false,false,0,,5,0,0.78,false,false,,,false,false,0,false,,true,false,false,,,,,,2025-09-12T18:52:31.425Z,
https://www.reddit.com/r/uichicago/,1000,,uichicago,t5_2shzc,r/uichicago,https://www.reddit.com/r/uichicago,public,29115,https://www.reddit.com/r/uichicago/comments/1me7sr7/2_bed1_bath_sublease_on_adamshalsted/,2_bed1_bath_sublease_on_adamshalsted,"Looking to have someone take over my 2 bedroom/1 bath lease in the heart of West Loop from September 1st to August 31st 2026, with an option to renew. In-unit laundry, tall ceilings, private balcony, central A/C, and dishwasher in a pet friendly building complex with a beautiful roof and gym!

https://www.luxesuiteschicago.com/

Renting for $3,800, with water/WiFi included. Willing to be flexible on move-in date and rent. DM if interested!",2 bed/1 bath sublease on Adams/Halsted!,null,2025-07-31T17:28:06.000Z,self,false,Ok-Device2036,https://www.reddit.com/user/Ok-Device2036,0,false,false,false,false,false,false,false,false,false,false,0,,0,0,0.5,true,false,,,false,false,0,false,,true,false,false,,,,,,2025-09-12T18:52:31.425Z,
https://www.reddit.com/r/uichicago/,1000,,uichicago,t5_2shzc,r/uichicago,https://www.reddit.com/r/uichicago,public,29115,https://www.reddit.com/r/uichicago/comments/1me3seu/chem_232_sysllabus/,chem_232_sysllabus,"Hey, i’m a transfer student at UIC this fall and i’m going to be taking CHEM 232 with Professors Mohr &amp; Yermolina. I work at a hospital part time and i’m trying to get an idea how the exams are for this class so i can plan my work schedule around it. Can please send me the syllabus from last semester or last year. Are the exams during class time or is there a set time and date that all students take the test??",CHEM 232 Sysllabus,null,2025-07-31T14:56:25.000Z,self,false,Strict-Competition46,https://www.reddit.com/user/Strict-Competition46,0,false,false,false,false,false,false,false,false,false,false,0,,1,0,0.99,true,false,,,false,false,0,false,,true,false,false,,,,,,2025-09-12T18:52:31.425Z,
https://www.reddit.com/r/uichicago/,1000,,uichicago,t5_2shzc,r/uichicago,https://www.reddit.com/r/uichicago,public,29115,https://www.reddit.com/r/uichicago/comments/1mdr4of/should_i_rush_delta_sigma_pi_at_uic/,should_i_rush_delta_sigma_pi_at_uic,"Hey, I’ve been thinking about rushing Delta Sigma Pi this semester. I checked out their Instagram and they honestly seem like the real deal — professional but also seem to have a solid group and do a lot on campus.

Just a little nervous I won’t get in, not sure how selective they are or what they’re really looking for. Has anyone gone through the process or know what it’s like? Trying to see if it’s worth it.

Any advice would help.",Should I rush Delta Sigma Pi at UIC?,Question,2025-07-31T03:34:08.000Z,self,false,Several_Land_4191,https://www.reddit.com/user/Several_Land_4191,1,false,false,false,false,false,false,false,false,false,false,0,,3,0,0.67,false,false,,,false,false,0,false,,true,false,false,,,,,,2025-09-12T18:52:31.426Z,
https://www.reddit.com/r/uichicago/,1000,,uichicago,t5_2shzc,r/uichicago,https://www.reddit.com/r/uichicago,public,29115,https://www.reddit.com/r/uichicago/comments/1mdlx9g/opted_in_for_fall_upass_why_did_i_get_charged_for/,opted_in_for_fall_upass_why_did_i_get_charged_for,"I already called ventra, they don’t know and I’ve emailed UIC. Just wondering if anyone knows","Opted in for fall u-pass, why did I get charged for July?",null,2025-07-30T23:27:10.000Z,https://a.thumbs.redditmedia.com/2L45L64OMdczhDUmPlm5cKzLY7FudLnsJkCDpJDMWj8.jpg,true,MuffinSpecialist7900,https://www.reddit.com/user/MuffinSpecialist7900,7,false,false,false,false,false,false,false,false,false,false,0,,18,0,0.95,false,false,,,false,false,0,false,,true,false,false,,,,,,2025-09-12T18:52:31.426Z,
https://www.reddit.com/r/uichicago/,1000,,uichicago,t5_2shzc,r/uichicago,https://www.reddit.com/r/uichicago,public,29115,https://www.reddit.com/r/uichicago/comments/1mdlfqq/a_big_choice_to_make/,a_big_choice_to_make,"Guys, should I bring my fridge, but won't be able to get a microwave, or rent the fridge and microwave, which u can through UIC’s partner? Microwave comes with fridge if u rent it but u cannot bring ur own

I am living at PSR and will have a community kitchen there, but I am confused. What would you all do?",A big choice to make,null,2025-07-30T23:05:52.000Z,self,false,Accomplished-Goal279,https://www.reddit.com/user/Accomplished-Goal279,3,false,false,false,false,false,false,false,false,false,false,0,,3,0,1,false,false,,,false,false,0,false,,true,false,false,,,,,,2025-09-12T18:52:31.426Z,
https://www.reddit.com/r/uichicago/,1000,,uichicago,t5_2shzc,r/uichicago,https://www.reddit.com/r/uichicago,public,29115,https://www.reddit.com/r/uichicago/comments/1mdh9pu/rate_my_first_year_schedule_commuter/,rate_my_first_year_schedule_commuter,https://preview.redd.it/bnf4vwf5l2gf1.png?width=1872&amp;format=png&amp;auto=webp&amp;s=02a0d9ced916d31659d33ac455131c6b6c0bb90a,Rate my First Year Schedule (Commuter),Question,2025-07-30T20:17:45.000Z,https://b.thumbs.redditmedia.com/_QHJoypkXoNd7Y01FDr2kgQiLW1c9WggFZTUTORnXkg.jpg,false,Independent_Hair_977,https://www.reddit.com/user/Independent_Hair_977,6,false,false,false,false,false,false,false,false,false,false,0,,5,0,1,false,false,,,false,false,0,false,,true,false,false,,,,,,2025-09-12T18:52:31.426Z,
https://www.reddit.com/r/uichicago/,1000,,uichicago,t5_2shzc,r/uichicago,https://www.reddit.com/r/uichicago,public,29115,https://www.reddit.com/r/uichicago/comments/1md8zl9/is_phi_kappa_psi_a_great_frat/,is_phi_kappa_psi_a_great_frat,I plan on rushing for phi kappa psi and just wanted to know what I should expect if I were to join this frat.,Is Phi Kappa Psi a great frat?,Question,2025-07-30T15:04:18.000Z,self,false,Mouse_Mortimer69,https://www.reddit.com/user/Mouse_Mortimer69,10,false,false,false,false,false,false,false,false,false,false,0,,0,0,0.45,true,false,,,false,false,0,false,,true,false,false,,,,,,2025-09-12T18:52:31.426Z,
https://www.reddit.com/r/uichicago/,1000,,uichicago,t5_2shzc,r/uichicago,https://www.reddit.com/r/uichicago,public,29115,https://www.reddit.com/r/uichicago/comments/1md4c2s/looking_for_a_roommate/,looking_for_a_roommate,"Hello, I’m a 20yo studying communications at UIC. I don’t have a place yet, but my budget is 700 - 1100/mo. If you have an available room. Please DM me, and if you are also looking for a roommate, please DM me and I’ll let you know if my applications get accepted. About me, I love to draw my own fictional characters and write stories about them ( especially hero/ antihero/villain origin stories). My instagram is mystic_dragon20",Looking for a roommate,null,2025-07-30T11:42:57.000Z,self,false,Mystic_Dragon05,https://www.reddit.com/user/Mystic_Dragon05,1,false,false,false,false,false,false,false,false,false,false,0,,8,0,0.91,false,false,,,false,false,0,false,,true,false,false,,,,,,2025-09-12T18:52:31.426Z,
https://www.reddit.com/r/uichicago/,1000,,uichicago,t5_2shzc,r/uichicago,https://www.reddit.com/r/uichicago,public,29115,https://www.reddit.com/r/uichicago/comments/1mczlx5/uic_aspire_grant/,uic_aspire_grant,"why did i receive a revised financial aid notification and they decreased my aspire grant by $500???? 

i recently accepted all my loans a couple of days ago as well. help",uic aspire grant,Question,2025-07-30T06:51:22.000Z,self,false,Sad_Rule_2835,https://www.reddit.com/user/Sad_Rule_2835,25,true,false,false,false,false,false,false,false,false,false,0,,23,0,0.93,false,false,,,false,false,0,false,,true,false,false,,,,,,2025-09-12T18:52:31.426Z,
https://www.reddit.com/r/uichicago/,1000,,uichicago,t5_2shzc,r/uichicago,https://www.reddit.com/r/uichicago,public,29115,https://www.reddit.com/r/uichicago/comments/1mcyib2/looking_for_a_photographer/,looking_for_a_photographer,"Hey everyone. I’m having a hard time finding a photographer to take some candid photos for my dating profile. 

I’m looking for someone who is a photographer, or knows a local one, and has some experience shooting men. Please reach out!",Looking for a photographer,Question,2025-07-30T05:43:35.000Z,self,false,Lucario_Legend,https://www.reddit.com/user/Lucario_Legend,1,false,false,false,false,false,false,false,false,false,false,0,,0,0,0.5,true,false,,,false,false,0,false,,true,false,false,,,,,,2025-09-12T18:52:31.426Z,
https://www.reddit.com/r/uichicago/,1000,,uichicago,t5_2shzc,r/uichicago,https://www.reddit.com/r/uichicago,public,29115,https://www.reddit.com/r/uichicago/comments/1mcv080/uic_finance_students_job_outcomes/,uic_finance_students_job_outcomes,"Hi! I’m a rising senior majoring in Finance at UIC, and I’d love to hear from any alumni or recent grads who studied Finance, IDS, or Accounting

I’m curious about what job placements looked like after graduation, especially what kinds of firms your peers ended up working at. Do you feel UIC’s business program helped you access opportunities in Chicago (or beyond)? If so, which industries or companies did you see UIC students gravitate toward?

If anyone is open to chatting or sharing advice, I’d really appreciate it. Thanks in advance!",UIC Finance students job outcomes,Question,2025-07-30T02:36:02.000Z,self,false,Greedy_Court_3669,https://www.reddit.com/user/Greedy_Court_3669,1,false,false,false,false,false,false,false,false,false,false,0,,11,0,0.82,false,false,,,false,false,0,false,,true,false,false,,,,,,2025-09-12T18:52:31.426Z,
https://www.reddit.com/r/uichicago/,1000,,uichicago,t5_2shzc,r/uichicago,https://www.reddit.com/r/uichicago,public,29115,https://www.reddit.com/r/uichicago/comments/1mcqbwv/phil_101_prof_whipple/,phil_101_prof_whipple,hey yall i’m selling the textbook for philosophy 101 (critical &amp; analytical reasoning) with professor john whipple. $30 obo. i’m located on the north side so im happy to meet up somewhere or whatever.,PHIL 101 Prof Whipple,null,2025-07-29T22:59:40.000Z,https://b.thumbs.redditmedia.com/QsY2eC53xYoQ-AOJU-HfHmbEGLpHq_4UH9oMUDgorUw.jpg,false,chechi__,https://www.reddit.com/user/chechi__,2,false,false,false,false,false,false,false,false,false,false,0,,5,0,1,true,false,,,false,false,0,false,,true,false,false,,,,,,2025-09-12T18:52:31.426Z,
https://www.reddit.com/r/uichicago/,1000,,uichicago,t5_2shzc,r/uichicago,https://www.reddit.com/r/uichicago,public,29115,https://www.reddit.com/r/uichicago/comments/1mcolix/rate_my_schedule/,rate_my_schedule,,Rate My Schedule,Question,2025-07-29T21:47:09.000Z,https://b.thumbs.redditmedia.com/9ze1cADWxeI2ecq2p_6VRnRugBLa1y8aqskTXst8R4Y.jpg,true,RealisticBonus1503,https://www.reddit.com/user/RealisticBonus1503,10,false,false,false,false,false,false,false,false,false,false,0,,7,0,0.89,false,false,,,false,false,0,false,,true,false,false,,,,,,2025-09-12T18:52:31.427Z,
https://www.reddit.com/r/uichicago/,1000,,uichicago,t5_2shzc,r/uichicago,https://www.reddit.com/r/uichicago,public,29115,https://www.reddit.com/r/uichicago/comments/1mcm9se/apparent_aigenerated_image_in_las_communications/,apparent_aigenerated_image_in_las_communications,"I was unpacking my materials for my Phys 141 class this morning. Upon logging in to my Outlook, I was greeted by an email under the heading \""LAS Internships,\"" even though I am no longer in LAS. Out of curiosity, however, I clicked on it to leaf through it while class started. Upon scrolling a mere two times, I was confronted by this abhorrent image, which I have marked NSFW due to its repulsive nature. There are many things wrong with it, although, as someone who does not draw, I do not believe it is my place to nitpick upon every single aspect. Yet, due to what I suspect to be the origin of this image, I have decided to indulge in my hypocrisy.

Among the most glaringly pervasive of such errors are the misshapen text on the hoodie, the stack of illegible papers seemingly floating autonomously, and, of course, the appearance of the shape of, perhaps so unintentionally rendered, indeterminate gender. Most notably, one can notice the ear sticking out of the hood for no reason, as well as it holding some apparently invisible object in its right hand, whose identity shall forever remain hidden to us, the spectators.

It is curious to me that in this email of express purpose to inform students, one is indeed informed, but of the nature of whomever was so audacious as to include such a gross imitation of true art. One would think that the College of Liberal Arts would have artists in it, but according to the person who included this image, we ought to make way for yet another misnomer in our vocabulary, just as we call graphite \""lead,\"" and white chocolate, \""chocolate.\""

Even so, such transgressions of the law of popular culture are good for generating discussion, if nothing more. If it is proved upon me that my supposition on the medium or tool by which this image was created is wrong, then an apology will, naturally, be in order.",Apparent AI-generated image in LAS communications,Discussion,2025-07-29T20:17:08.000Z,nsfw,true,coolpeanuts9,https://www.reddit.com/user/coolpeanuts9,8,false,false,false,false,false,false,false,false,false,true,0,,74,0,0.94,false,false,,,false,false,0,false,,true,false,false,,,,,,2025-09-12T18:52:31.427Z,
https://www.reddit.com/r/uichicago/,1000,,uichicago,t5_2shzc,r/uichicago,https://www.reddit.com/r/uichicago,public,29115,https://www.reddit.com/r/uichicago/comments/1mckr4q/international_credit_transfer_issue/,international_credit_transfer_issue,"Hello all, I am writing this on behalf of my partner. She applied and was accepted as a transfer student for the fall term at UIC in the engineering department. She had a number of options, including NIU and IIT, but we went with UIC because after the initial internal review of her foreign credits, we were told that they will almost definitely be accepted towards her degree. She has 65-70 something credits from a prestigious, accredited 4-year uni in South America that is ABET certified, so we and those we spoke with in admissions (I assume) were pretty confident that most if not all would be accepted. This was all back in May.

  
Fast forward to last month, and the school asked her to submit some kind of course accreditation forms for a number of the credits which were supposedly already accepted and reviewed. We sat down and translated each of her syllabi (they told us this was ok) and submitted everything. These were for courses like Calc 1-3, physics, chemistry etc. that are practically word for word organized the same in her syllabi and those of UIC. They FINALLY (after almost two months of zero communication) got back to her today, and said that they would not be accepting these credits towards her degree.

  
Can someone shed some light on what the hell is going on here? We paid $100, had to submit everything twice, were reassured that her credits would be accepted (which is one of the main reasons she decided to choose UIC in the first place), and now the admissions people and I assume department faculty have completely gone back on their word and are telling us these credits won't count. This should have been clearly communicated and explained to us back in May, when she applied, so she could make a more informed decision. They are completely screwing her over and adding another potential year or more to her education at UIC, forcing her to retake classes she already passed with high scores. 

  
There reasoning was nonexistent in the email, and I haven't been able to go over it with her yet as we are both at work. Is there someone I can escalate this to, to get a clear reasoning for this sudden change in decision, and to make the case for these credits to be reviewed again? They have been slow and less than helpful at every stage of this process, and now she has no other options as the acceptance deadline at the other schools she got in to has long passed. We are both hurt and I in particular am enraged. This seems completely unacceptable to do to someone.

Any advice or suggestions would be greatly appreciated. I want a clear, immediate explanation for why they changed their tune so suddenly, and I want to know why they screwed her over like this. And I would also like to request that they reconsider, as the syllabi for these courses at her South American uni and at UIC are practically identical (if anything, the course in South America was harder). Sorry for the angry rant.",International credit transfer issue,null,2025-07-29T19:19:52.000Z,self,false,Feeling-Chumpish,https://www.reddit.com/user/Feeling-Chumpish,1,false,false,false,false,false,false,false,false,false,false,0,,2,0,1,true,false,,,false,false,0,false,,true,false,false,,,,,,2025-09-12T18:52:31.427Z,
https://www.reddit.com/r/uichicago/,1000,,uichicago,t5_2shzc,r/uichicago,https://www.reddit.com/r/uichicago,public,29115,https://www.reddit.com/r/uichicago/comments/1mcg32n/criminology_law_and_justice_lab_requirement/,criminology_law_and_justice_lab_requirement,Does anyone know if a C or D is passing for the lab requirement? I believe a D is passing for non-majors for Bio Lab but not sure.,Criminology Law and Justice Lab Requirement,null,2025-07-29T16:28:13.000Z,self,false,New-Illustrator1969,https://www.reddit.com/user/New-Illustrator1969,0,false,false,false,false,false,false,false,false,false,false,0,,1,0,1,true,false,,,false,false,0,false,,true,false,false,,,,,,2025-09-12T18:52:31.427Z,
https://www.reddit.com/r/uichicago/,1000,,uichicago,t5_2shzc,r/uichicago,https://www.reddit.com/r/uichicago,public,29115,https://www.reddit.com/r/uichicago/comments/1mbxcmc/lab_courses_for_psych_transfer_student/,lab_courses_for_psych_transfer_student,hey I am going to transfer to UIC in fall 26. And I already took 1 lab biology class and my advisor is recommending me to take astronomy lab class now since I need to take 2 lab class. But I kinda want to take psychology lab in UIC. What you guys think? which one is better? is it easier if I take my 2 labs before transfer?,lab courses for psych transfer student,null,2025-07-29T00:35:33.000Z,self,false,PressureSame9666,https://www.reddit.com/user/PressureSame9666,1,false,false,false,false,false,false,false,false,false,false,0,,1,0,1,true,false,,,false,false,0,false,,true,false,false,,,,,,2025-09-12T18:52:31.427Z,
https://www.reddit.com/r/uichicago/,1000,,uichicago,t5_2shzc,r/uichicago,https://www.reddit.com/r/uichicago,public,29115,https://www.reddit.com/r/uichicago/comments/1mbt4nf/parking_near_halsted_metra_station/,parking_near_halsted_metra_station,"Hello, I use the halsted metra station and was wondering what the car parking is like in this area? I notice some empty street spots most mornings but didn’t know if there’s a better/cheaper option. Does it get busier during the school year? 

Anything helps thanks.",Parking near halsted metra station,null,2025-07-28T21:34:59.000Z,self,false,skapooter,https://www.reddit.com/user/skapooter,1,false,false,false,false,false,false,false,false,false,false,0,,1,0,1,true,false,,,false,false,0,false,,true,false,false,,,,,,2025-09-12T18:52:31.427Z,
https://www.reddit.com/r/uichicago/,1000,,uichicago,t5_2shzc,r/uichicago,https://www.reddit.com/r/uichicago,public,29115,https://www.reddit.com/r/uichicago/comments/1mbs5a7/cant_sign_into_myuic_or_change_my_password/,cant_sign_into_myuic_or_change_my_password,"Hello! I was trying to log into myUIC recently, and it kept saying my password was wrong even though I'm currently logged into my email its working perfectly fine. I decided to reset my password, but I keep getting an error message. Is anyone else having the same issue? Thank you!",Can't sign into myUIC or change my password,null,2025-07-28T20:56:38.000Z,https://b.thumbs.redditmedia.com/b52wRC-Ko9fhlIeunIryyZ5TWtvcFdPPB3KySh_7PaA.jpg,true,LILVODAK,https://www.reddit.com/user/LILVODAK,1,false,false,false,false,false,false,false,false,false,false,0,,1,0,1,true,false,,,false,false,0,false,,true,false,false,,,,,,2025-09-12T18:52:31.427Z,
https://www.reddit.com/r/uichicago/,1000,,uichicago,t5_2shzc,r/uichicago,https://www.reddit.com/r/uichicago,public,29115,https://www.reddit.com/r/uichicago/comments/1mbkdv0/parking_at_uic/,parking_at_uic,"What is the parking situation like at UIC? I got the email about parking passes and was wondering what the best option is: A: the full parking permit (don't want to spend almost $500) picking out day passes (which are still like $8/9 a pass and hella expensive), or try to rely on street parking.

  
For reference, my classes are Monday at 9 and Tuesday/Thursday late morning/early afternoon. 

  
Due to time constraints, public transit may not be an option.

  
TIA!",Parking at UIC,Question,2025-07-28T16:09:44.000Z,self,false,Big-O-Daddy,https://www.reddit.com/user/Big-O-Daddy,3,false,false,false,false,false,false,false,false,false,false,0,,4,0,0.76,false,false,,,false,false,0,false,,true,false,false,,,,,,2025-09-12T18:52:31.427Z,
https://www.reddit.com/r/uichicago/,1000,,uichicago,t5_2shzc,r/uichicago,https://www.reddit.com/r/uichicago,public,29115,https://www.reddit.com/r/uichicago/comments/1mbju00/view_from_the_new_cs_building/,view_from_the_new_cs_building,,View from the new CS building,Image,2025-07-28T15:49:53.000Z,https://b.thumbs.redditmedia.com/buyo8rFXMF6RiRzJu-D2EKuBXBfHfQ62q916UaUAt2c.jpg,false,Nynodon,https://www.reddit.com/user/Nynodon,18,false,false,false,false,false,false,false,false,false,false,0,,278,0,0.99,false,false,,,false,false,0,false,,true,false,false,,,,,,2025-09-12T18:52:31.428Z,
https://www.reddit.com/r/uichicago/,1000,,uichicago,t5_2shzc,r/uichicago,https://www.reddit.com/r/uichicago,public,29115,https://www.reddit.com/r/uichicago/comments/1mbjjzc/chance_me_for_uic_accounting_rising_senior_317/,chance_me_for_uic_accounting_rising_senior_317,"Hi everyone, I’m a rising senior hoping to get into UIC for an accounting major. Here’s my current profile
	•	GPA: 3.17 (unweighted)
	•	SAT: 1200
	•	Course Rigor: Only 2 honors classes
	•	Internship: Worked as an accountant at my uncle’s factory
	•	Job: Currently working at Duck Donuts
	•	Extracurriculars: Guitar certificate 
	•	Volunteer: 25 hours at a local food bank (Feed my Starving Children) and 25 hours for online tutoring
	•	Background: Moved from India about 4 years ago so still adjusting to the U.S. system

I know my GPA isn’t the strongest, but I’m wondering if my work experience, internship, and background will help strengthen my application. Do I have a decent shot at UIC for accounting? Also open to tips on how to make my application stronger this fall.","Chance Me for UIC Accounting? Rising Senior, 3.17 GPA, 1200 SAT, Internship &amp; Work Experience",Question,2025-07-28T15:39:31.000Z,self,false,Proof-Sand-8189,https://www.reddit.com/user/Proof-Sand-8189,6,false,false,false,false,false,false,false,false,false,false,0,,3,0,0.72,false,false,,,false,false,0,false,,true,false,false,,,,,,2025-09-12T18:52:31.428Z,
https://www.reddit.com/r/uichicago/,1000,,uichicago,t5_2shzc,r/uichicago,https://www.reddit.com/r/uichicago,public,29115,https://www.reddit.com/r/uichicago/comments/1mb56il/dorm_advice_looking_for_an_iron/,dorm_advice_looking_for_an_iron,"For those who dorm, what is a good iron to use that isn’t too expensive? I don’t want to have to keep going home days before I need an outfit to iron it and would much rather buy my own. If you have bought one where from and how much was it?",Dorm Advice: Looking for an Iron,Question,2025-07-28T03:01:18.000Z,self,false,an0nym0us2004,https://www.reddit.com/user/an0nym0us2004,3,false,false,false,false,false,false,false,false,false,false,0,,2,0,1,false,false,,,false,false,0,false,,true,false,false,,,,,,2025-09-12T18:52:31.428Z,
https://www.reddit.com/r/uichicago/,1000,,uichicago,t5_2shzc,r/uichicago,https://www.reddit.com/r/uichicago,public,29115,https://www.reddit.com/r/uichicago/comments/1mb2v7i/marketing_469_question/,marketing_469_question,Has anyone taken marketing 469 with Deberry-Spence? And if so can you tell me your experience with that professor?,Marketing 469 question,Question,2025-07-28T01:05:07.000Z,self,false,Dawglover15,https://www.reddit.com/user/Dawglover15,0,false,false,false,false,false,false,false,false,false,false,0,,1,0,1,true,false,,,false,false,0,false,,true,false,false,,,,,,2025-09-12T18:52:31.428Z,
https://www.reddit.com/r/uichicago/,1000,,uichicago,t5_2shzc,r/uichicago,https://www.reddit.com/r/uichicago,public,29115,https://www.reddit.com/r/uichicago/comments/1mb29l4/whats_the_best_way_to_contact_the_financial_aid/,whats_the_best_way_to_contact_the_financial_aid,I sent an email to the financial aid office about 2 weeks ago and haven’t gotten a reply. Does it normally take this long ? Am I better off calling ?,What’s the best way to contact the financial aid office ?,Question,2025-07-28T00:35:54.000Z,self,false,Odd_Option_3878,https://www.reddit.com/user/Odd_Option_3878,8,false,false,false,false,false,false,false,false,false,false,0,,5,0,1,false,false,,,false,false,0,false,,true,false,false,,,,,,2025-09-12T18:52:31.428Z,
https://www.reddit.com/r/uichicago/,1000,,uichicago,t5_2shzc,r/uichicago,https://www.reddit.com/r/uichicago,public,29115,https://www.reddit.com/r/uichicago/comments/1mawepo/living_in_psr_meal_plan/,living_in_psr_meal_plan,"Can students living at psr buy the residential hall meal plan (ignite)?, or they are only allowed to buy the commuter one and students living at apartments (blaze)",living in psr (meal plan),null,2025-07-27T20:17:54.000Z,self,false,Accomplished-Goal279,https://www.reddit.com/user/Accomplished-Goal279,1,false,false,false,false,false,false,false,false,false,false,0,,2,0,1,false,false,,,false,false,0,false,,true,false,false,,,,,,2025-09-12T18:52:31.428Z,
https://www.reddit.com/r/uichicago/,1000,,uichicago,t5_2shzc,r/uichicago,https://www.reddit.com/r/uichicago,public,29115,https://www.reddit.com/r/uichicago/comments/1maw2ox/is_it_really_that_bad/,is_it_really_that_bad,I hear a lot of people saying UIC is boring or dead. Is this true? I'm thinking of coming in as a transfer student to CS and I want to know if this is a good school or not. What's your favorite / least favorite parts about the school?,Is it really that bad?,Question,2025-07-27T20:04:16.000Z,self,false,5VRust,https://www.reddit.com/user/5VRust,20,false,false,false,false,false,false,false,false,false,false,0,,31,0,0.9,false,false,,,false,false,0,false,,true,false,false,,,,,,2025-09-12T18:52:31.428Z,
https://www.reddit.com/r/uichicago/,1000,,uichicago,t5_2shzc,r/uichicago,https://www.reddit.com/r/uichicago,public,29115,https://www.reddit.com/r/uichicago/comments/1mauurv/has_anyone_taken_this_gen_ed_epsy_100/,has_anyone_taken_this_gen_ed_epsy_100,"Hi everyone! Happy Summer  

Basically what the title says, I’m trying to get my understanding the individual and society out of the way. I was only able to get it in person (idk if it’s also an online course). I read the course description on the UIC home page and it sounds fascinating, but wanted to get your guys’ option on the class. If so, how was the workload in the class, how many hours did you have to commit to the course, what is the class structure like, how were the exams structured and the final? Any information would be helpful about the class, thank you!",Has anyone taken this gen Ed: epsy 100?,Question,2025-07-27T19:14:34.000Z,self,false,This_Measurement_764,https://www.reddit.com/user/This_Measurement_764,0,false,false,false,false,false,false,false,false,false,false,0,,2,0,1,false,false,,,false,false,0,false,,true,false,false,,,,,,2025-09-12T18:52:31.428Z,
https://www.reddit.com/r/uichicago/,1000,,uichicago,t5_2shzc,r/uichicago,https://www.reddit.com/r/uichicago,public,29115,https://www.reddit.com/r/uichicago/comments/1mat79h/fun_facts_about_uic/,fun_facts_about_uic,as the title suggests!,fun facts about uic?,Question,2025-07-27T18:08:20.000Z,self,false,Proof-Spite2679,https://www.reddit.com/user/Proof-Spite2679,23,false,false,false,false,false,false,false,false,false,false,0,,29,0,0.91,false,false,,,false,false,0,false,,true,false,false,,,,,,2025-09-12T18:52:31.428Z,
https://www.reddit.com/r/uichicago/,1000,,uichicago,t5_2shzc,r/uichicago,https://www.reddit.com/r/uichicago,public,29115,https://www.reddit.com/r/uichicago/comments/1magiiw/toquad_is_available_at_uic/,toquad_is_available_at_uic,"ToQuad is a UIC-only platform built in just one month by UIC STUDENTS. It features exclusive forums like Freshmen, Graduates, and Rate My Professor/Class boards, allows students to create and manage clubs, and even offers a personalized class schedule system.",TOQUAD is available at UIC,null,2025-07-27T07:46:23.000Z,https://b.thumbs.redditmedia.com/cFAnkcC71S9erxhWCL_8lS-LggfXId9oQwWqp7a85Bs.jpg,false,Coderunn,https://www.reddit.com/user/Coderunn,0,false,false,false,false,false,false,false,false,false,false,0,,8,0,0.68,false,false,,,false,false,0,false,,true,false,false,,,,,,2025-09-12T18:52:31.428Z,
https://www.reddit.com/r/uichicago/,1000,,uichicago,t5_2shzc,r/uichicago,https://www.reddit.com/r/uichicago,public,29115,https://www.reddit.com/r/uichicago/comments/1mad6b9/is_the_asus_zenbook_suitable_for_a_mechanical/,is_the_asus_zenbook_suitable_for_a_mechanical,"Hi, I’m an incoming freshman at UIC, and I recently got an ASUS Zenbook with an Intel Ultra 9 core processor for college. I wanted to know if it would be suitable for the software that I would be using.",Is the ASUS Zenbook suitable for a mechanical engineering student?,Question,2025-07-27T04:21:48.000Z,self,false,Ok_Zookeepergame_959,https://www.reddit.com/user/Ok_Zookeepergame_959,13,false,false,false,false,false,false,false,false,false,false,0,,2,0,0.75,false,false,,,false,false,0,false,,true,false,false,,,,,,2025-09-12T18:52:31.429Z,
https://www.reddit.com/r/uichicago/,1000,,uichicago,t5_2shzc,r/uichicago,https://www.reddit.com/r/uichicago,public,29115,https://www.reddit.com/r/uichicago/comments/1ma8x4r/looking_for_someone_to_take_my_letterman_lease/,looking_for_someone_to_take_my_letterman_lease,"Looking for someone to take my Letterman lease 18-20F only

Hey guys I’m unfortunately transferring schools due to family reasons and need someone to take over my lease at Letterman Apartments in Chicago (410 S Morgan St.)

Rent: $1065/month – includes ALL utilities (WiFi, water, electricity, etc.) From august to may

Roommates: 18–20-year-old females – looking for someone around the same age

Room: Fully furnished, private bedroom in a shared apartment with 2 other females


If you’re interested or have any questions, feel free to DM me or comment below!",Looking for someone to take my Letterman lease 18-20F,null,2025-07-27T00:38:38.000Z,self,false,Equal_Potato,https://www.reddit.com/user/Equal_Potato,7,false,false,false,false,false,false,false,false,false,false,0,,4,0,0.83,false,false,,,false,false,0,false,,true,false,false,,,,,,2025-09-12T18:52:31.429Z,
https://www.reddit.com/r/uichicago/,1000,,uichicago,t5_2shzc,r/uichicago,https://www.reddit.com/r/uichicago,public,29115,https://www.reddit.com/r/uichicago/comments/1ma49hc/terrified_senior_yr_and_im_terrified_of_not/,terrified_senior_yr_and_im_terrified_of_not,"I’m about be a senior, I have a 3.1 uw gpa, and a 3.7 weighted gpa, a 1520 sat, 4 years of culliary club, 2 years of football(quit this year), 1 year of robotics(freshman yr), 2 yr of huskie crew(helping freshman adjust), and 50 voulenteer hours, and I want to do nanotechnology in medicine, but I have no idea what to apply to… Am I getting rejected","TERRIFIED… Senior yr and  I’m terrified of not getting into UIC, after chat got said &lt;50% likely hood(when calculating for BME/chemical engineering)",Question,2025-07-26T21:03:20.000Z,self,false,Ok_Elderberry_4421,https://www.reddit.com/user/Ok_Elderberry_4421,5,false,false,false,false,false,false,false,false,false,false,0,,0,0,0.36,true,false,,,false,false,0,false,,true,false,false,,,,,,2025-09-12T18:52:31.429Z,
https://www.reddit.com/r/uichicago/,1000,,uichicago,t5_2shzc,r/uichicago,https://www.reddit.com/r/uichicago,public,29115,https://www.reddit.com/r/uichicago/comments/1ma00o3/rate_my_schedule/,rate_my_schedule,"I'm an incoming freshman at UIC. I'm actually not mad at the gaps because it'll give me some downtime to prep for classes, but that 4 hour gap on Thursday....I'm also a commuter from the suburbs. Considered taking chem 232, but decided against it since I don't want to get a bad grade my very first semester. Will likely take it in the spring (it's still offered then, right?).",Rate My Schedule,Other,2025-07-26T18:05:14.000Z,https://b.thumbs.redditmedia.com/efQRYzpccmVHV9PBLVul4E5ehwpow4tHTdoTUAhGl5g.jpg,true,Particular-Leek-3142,https://www.reddit.com/user/Particular-Leek-3142,0,false,false,false,false,false,false,false,false,false,false,0,,0,0,0.5,true,false,,,false,false,0,false,,true,false,false,,,,,,2025-09-12T18:52:31.429Z,
https://www.reddit.com/r/uichicago/,1000,,uichicago,t5_2shzc,r/uichicago,https://www.reddit.com/r/uichicago,public,29115,https://www.reddit.com/r/uichicago/comments/1m9ljg9/trying_to_pick_an_elective/,trying_to_pick_an_elective,"Hi, i'm gonna be a senior in the fall and have a couple of electives I wanna take but I want to know if anyone has taken these or would not recommend them.

Here's the list:

CL 100: Greek Civilization

CL 101: Roman Civilization

CL 102: Introduction to Classical Literature

CL 103: Introduction to Classical and Mediterranean Archaeology

CL 204: Greek Art and Archaeology

POLS 120: Introduction to Political Theory

So if anyone has taken these classes and would like to leave a review, that would be really helpful! :)",Trying to pick an elective,null,2025-07-26T05:41:57.000Z,self,false,ThatBlackGirlie,https://www.reddit.com/user/ThatBlackGirlie,1,false,false,false,false,false,false,false,false,false,false,0,,3,0,0.8,false,false,,,false,false,0,false,,true,false,false,,,,,,2025-09-12T18:52:31.429Z,
https://www.reddit.com/r/uichicago/,1000,,uichicago,t5_2shzc,r/uichicago,https://www.reddit.com/r/uichicago,public,29115,https://www.reddit.com/r/uichicago/comments/1m9jxqy/rate_my_fall_2025_schedule/,rate_my_fall_2025_schedule,,Rate my Fall 2025 schedule,Image,2025-07-26T04:10:31.000Z,https://a.thumbs.redditmedia.com/3zHNeT82esv8UmvbDqEFjgVIQ0WValZQ9XHd4xJtgb8.jpg,true,TheGweenDeku905,https://www.reddit.com/user/TheGweenDeku905,4,false,false,false,false,false,false,false,false,false,false,0,,1,0,0.67,true,false,,,false,false,0,false,,true,false,false,,,,,,2025-09-12T18:52:31.429Z,
https://www.reddit.com/r/uichicago/,1000,,uichicago,t5_2shzc,r/uichicago,https://www.reddit.com/r/uichicago,public,29115,https://www.reddit.com/r/uichicago/comments/1m9i5qx/looking_for_leasingaccomodation_suggest_some/,looking_for_leasingaccomodation_suggest_some,Hello all. I'm moving from VA to Chicago. I am looking for some accommodations in sharing. It would be a great help if you can suggest some safe areas,Looking for leasing/accomodation. Suggest some options,null,2025-07-26T02:36:20.000Z,self,false,popular_loner327,https://www.reddit.com/user/popular_loner327,0,false,false,false,false,false,false,false,false,false,false,0,,0,0,0.5,true,false,,,false,false,0,false,,true,false,false,,,,,,2025-09-12T18:52:31.429Z,
https://www.reddit.com/r/uichicago/,1000,,uichicago,t5_2shzc,r/uichicago,https://www.reddit.com/r/uichicago,public,29115,https://www.reddit.com/r/uichicago/comments/1m9fan4/uic_aspire_grant_loophole/,uic_aspire_grant_loophole,"I met all but one annoying qualification for the Aspire Grant. They made it so that continuing students are the only exception to getting the grant, while first years or transfers are eligible. However, I was thinking that if I transferred to community college for the fall semester, and then returned to UIC the next semester, would I be considered a transfer student and gain eligibility for the UIC aspire grant?",UIC Aspire Grant Loophole?,Question,2025-07-26T00:14:37.000Z,self,false,LynxRynx,https://www.reddit.com/user/LynxRynx,1,false,false,false,false,false,false,false,false,false,false,0,,0,0,0.33,true,false,,,false,false,0,false,,true,false,false,,,,,,2025-09-12T18:52:31.430Z,
https://www.reddit.com/r/uichicago/,1000,,uichicago,t5_2shzc,r/uichicago,https://www.reddit.com/r/uichicago,public,29115,https://www.reddit.com/r/uichicago/comments/1m97zfk/dog_app_design/,dog_app_design,"Hi everyone,
I’m in the process of designing a mobile app specifically for dog owners. As part of my initial research, I’d like to understand the market better and gather user preferences.

If you’re a dog parent, I’d be grateful if you could take a few minutes to fill out the form linked below. Your input will help me design an effective and user-friendly app tailored to your needs. 

Suggestions and feedback would help too! 

Thank you for your support!",Dog app design,null,2025-07-25T19:08:40.000Z,"https://external-preview.redd.it/Sorct-p_6GU7fDLF7spXPDJwkErqSyPzkSXHXQhJR0c.jpeg?width=140&amp;height=73&amp;crop=140:73,smart&amp;auto=webp&amp;s=27fc37462bbc65e8e9072f2b9103b0b6008a3ba9",false,IndependentEgg8206,https://www.reddit.com/user/IndependentEgg8206,1,false,false,false,false,false,false,false,false,false,false,0,,0,0,0.33,true,false,,,false,false,0,false,,true,false,false,,,,,,2025-09-12T18:52:31.430Z,
https://www.reddit.com/r/uichicago/,1000,,uichicago,t5_2shzc,r/uichicago,https://www.reddit.com/r/uichicago,public,29115,https://www.reddit.com/r/uichicago/comments/1m96ncg/student_meetup_aug_25_6pm/,student_meetup_aug_25_6pm,Come meet your fellow student bodies and possibly Sparky! at the start of fall semester in an elite off-campus location. refreshments will be provided.,"student meet-up, aug 25 @ 6pm!",Meme,2025-07-25T18:16:31.000Z,https://b.thumbs.redditmedia.com/pfs8CUUCyD3A0as9nOFjRs9cAlUhYZ4rt0eKczBdGVY.jpg,true,darkspark0,https://www.reddit.com/user/darkspark0,18,false,false,false,false,false,false,false,false,false,false,0,,175,0,0.94,false,false,,,false,false,0,false,,true,false,false,,,,,,2025-09-12T18:52:31.430Z,
https://www.reddit.com/r/uichicago/,1000,,uichicago,t5_2shzc,r/uichicago,https://www.reddit.com/r/uichicago,public,29115,https://www.reddit.com/r/uichicago/comments/1m8v1zp/i_have_a_tuition_waiver_and_a_scholarship/,i_have_a_tuition_waiver_and_a_scholarship,I have a tuition waiver and a scholarship. Does that mean I’m going to get back a big refund from school?,I have a tuition waiver and a scholarship,null,2025-07-25T09:55:17.000Z,self,false,Odd-Count2277,https://www.reddit.com/user/Odd-Count2277,5,false,false,false,false,false,false,false,false,false,false,0,,8,0,1,false,false,,,false,false,0,false,,true,false,false,,,,,,2025-09-12T18:52:31.430Z,
https://www.reddit.com/r/uichicago/,1000,,uichicago,t5_2shzc,r/uichicago,https://www.reddit.com/r/uichicago,public,29115,https://www.reddit.com/r/uichicago/comments/1m8pbwn/letterman_4x2_1244_sq_ft_relet/,letterman_4x2_1244_sq_ft_relet,"# Hello everyone,

I'm looking for someone to take over my year long lease (8/17/2025 - 7/31/2026) in a fully furnished 4BR/2BA apartment located in West Loop - Right outside of UIC campus, and CTA Blue Line. The rent is $1080/month with all utilities included. Currently, the apartment is going for $1,155 on the letterman website. 

If you're interested or have any questions, feel free to reach out!!!","Letterman 4x2 (1,244 sq. ft) Relet",null,2025-07-25T04:01:48.000Z,self,false,ShoddyPossible2071,https://www.reddit.com/user/ShoddyPossible2071,2,false,false,false,false,false,false,false,false,false,false,0,,1,0,1,true,false,,,false,false,0,false,,true,false,false,,,,,,2025-09-12T18:52:31.430Z,
https://www.reddit.com/r/uichicago/,1000,,uichicago,t5_2shzc,r/uichicago,https://www.reddit.com/r/uichicago,public,29115,https://www.reddit.com/r/uichicago/comments/1m8milu/come_see_the_building/,come_see_the_building,,come see the building,Meme,2025-07-25T01:40:30.000Z,https://b.thumbs.redditmedia.com/Wm9xskZFN_TP-69x-JZmk2oIGwqjMHFystGGzVlUqQY.jpg,true,julianisokay,https://www.reddit.com/user/julianisokay,20,false,false,false,false,false,false,false,false,false,false,0,,372,0,0.99,false,false,,,false,false,0,false,,true,false,false,,,,,,2025-09-12T18:52:31.430Z,
https://www.reddit.com/r/uichicago/,1000,,uichicago,t5_2shzc,r/uichicago,https://www.reddit.com/r/uichicago,public,29115,https://www.reddit.com/r/uichicago/comments/1m8k111/letterman_chicago_apartment_application/,letterman_chicago_apartment_application,"I have been filling out an application to letterman Chicago student housing and its asking for proof of income. I plan on putting most of it on my student loan.

Would proof of a part-time job work for them or do they want more?",Letterman Chicago Apartment application,null,2025-07-24T23:43:04.000Z,self,false,milesmougette,https://www.reddit.com/user/milesmougette,0,false,false,false,false,false,false,false,false,false,false,0,,0,0,0.5,true,false,,,false,false,0,false,,true,false,false,,,,,,2025-09-12T18:52:31.430Z,
https://www.reddit.com/r/uichicago/,1000,,uichicago,t5_2shzc,r/uichicago,https://www.reddit.com/r/uichicago,public,29115,https://www.reddit.com/r/uichicago/comments/1m8i3vb/spanish_placement_test/,spanish_placement_test,"I have to take the Spanish placement test asap, I have taken elementary spanish in community college &amp; I’m a transfer starting this fall. I’ve read some ppl use chatgbt to test out. Idk how I should do this do I use chat gbt, I don’t wanna be placed in a crazy high class bc that will be difficult and if I test out I don’t want to be interview and get caught. To those that have done it how did it go for you? Suggestions? Advice ?",Spanish placement test,null,2025-07-24T22:19:43.000Z,self,false,Adept-Vanilla8867,https://www.reddit.com/user/Adept-Vanilla8867,4,false,false,false,false,false,false,false,false,false,false,0,,1,0,1,true,false,,,false,false,0,false,,true,false,false,,,,,,2025-09-12T18:52:31.430Z,
https://www.reddit.com/r/uichicago/,1000,,uichicago,t5_2shzc,r/uichicago,https://www.reddit.com/r/uichicago,public,29115,https://www.reddit.com/r/uichicago/comments/1m8gwmp/is_chem_101_as_difficult_as_they_say_it_is/,is_chem_101_as_difficult_as_they_say_it_is,"Hello! I’m an incoming freshman who’s majoring in pre nursing and taking chem 101 this fall, however I’ve seen a few online say that it’s extremely difficult and stressful so I was curious about others experiences here in this community? Should I just tough it out or attempt to take chem 101 at a community college?",Is chem 101 as difficult as they say it is?,Question,2025-07-24T21:29:43.000Z,self,false,Kobeniikeii,https://www.reddit.com/user/Kobeniikeii,12,false,false,false,false,false,false,false,false,false,false,0,,3,0,1,false,false,,,false,false,0,false,,true,false,false,,,,,,2025-09-12T18:52:31.430Z,
https://www.reddit.com/r/uichicago/,1000,,uichicago,t5_2shzc,r/uichicago,https://www.reddit.com/r/uichicago,public,29115,https://www.reddit.com/r/uichicago/comments/1m8g7d9/rate_my_freshman_year_schedule_cs_major/,rate_my_freshman_year_schedule_cs_major,"https://preview.redd.it/nnfrlslnyvef1.png?width=1863&amp;format=png&amp;auto=webp&amp;s=a3729b77d10f0c35af36c8f2222e64ce5ff9ac8b

Am I cooked?? Schedule looks like a rainbow threw up on my week. Plz send guidance. Or memes. Either works.",Rate my freshman year schedule (cs major),null,2025-07-24T21:01:25.000Z,https://a.thumbs.redditmedia.com/V5NN70fSTQA4IcFPfPxnZtcqyW-VD89nUX7tj_An494.jpg,false,Straight_Jello_4025,https://www.reddit.com/user/Straight_Jello_4025,6,false,false,false,false,false,false,false,false,false,false,0,,2,0,1,false,false,,,false,false,0,false,,true,false,false,,,,,,2025-09-12T18:52:31.430Z,
https://www.reddit.com/r/uichicago/,1000,,uichicago,t5_2shzc,r/uichicago,https://www.reddit.com/r/uichicago,public,29115,https://www.reddit.com/r/uichicago/comments/1m8fod9/any_way_to_get_an_earlier_advising_appointment_as/,any_way_to_get_an_earlier_advising_appointment_as,"As title says, I’m an incoming transfer student for the fall semester and I only finished my online orientation yesterday. Completely my fault, should’ve done it earlier. However the only next advising appointment for the college of architecture and arts isn’t until august 14th, which is 12 days before classes begin?? does anyone know if i can get an earlier appointment?",any way to get an earlier advising appointment as a new student?,Question,2025-07-24T20:40:46.000Z,self,false,Rude-Bag-7134,https://www.reddit.com/user/Rude-Bag-7134,1,true,false,false,false,false,false,false,false,false,false,0,,3,0,1,false,false,,,false,false,0,false,,true,false,false,,,,,,2025-09-12T18:52:31.430Z,
https://www.reddit.com/r/uichicago/,1000,,uichicago,t5_2shzc,r/uichicago,https://www.reddit.com/r/uichicago,public,29115,https://www.reddit.com/r/uichicago/comments/1m8egp9/uic_connection_events/,uic_connection_events,Hi I was wondering if anyone has tried to bring a plus one (that doesn’t go to UIC) to one of the UIC connection events like top golf because when you register it allows you to pick the number of RSVP or is it strictly for UIC students.,UIC connection events,null,2025-07-24T19:53:40.000Z,self,false,Comfortable_Panic870,https://www.reddit.com/user/Comfortable_Panic870,3,false,false,false,false,false,false,false,false,false,false,0,,5,0,1,false,false,,,false,false,0,false,,true,false,false,,,,,,2025-09-12T18:52:31.431Z,
https://www.reddit.com/r/uichicago/,1000,,uichicago,t5_2shzc,r/uichicago,https://www.reddit.com/r/uichicago,public,29115,https://www.reddit.com/r/uichicago/comments/1m8bk0s/rate_my_schedule_fall_2025/,rate_my_schedule_fall_2025,"Is this a decent schedule? 
Right now I’m at 14 credits, I was thinking about adding with gen ed course in US society, but I’m still thinking about it",Rate my Schedule (Fall 2025),null,2025-07-24T18:01:50.000Z,https://b.thumbs.redditmedia.com/Sdoh4RnfD9XxqlKBLOQMLm9DkpemRPrnFnuFLh2Fk0w.jpg,true,Victoria050606,https://www.reddit.com/user/Victoria050606,1,false,false,false,false,false,false,false,false,false,false,0,,1,0,0.99,true,false,,,false,false,0,false,,true,false,false,,,,,,2025-09-12T18:52:31.431Z,
https://www.reddit.com/r/uichicago/,1000,,uichicago,t5_2shzc,r/uichicago,https://www.reddit.com/r/uichicago,public,29115,https://www.reddit.com/r/uichicago/comments/1m8afz8/should_i_retake_math_310/,should_i_retake_math_310,I passed MATH 310 (barely) with a D. I didn't exactly have the best professor for the Spring 2025 semester and I enrolled in it again for the fall with a different professor. I am in the Electrical Engineering program and the course isn't a prerequisite for anything at all. Is it worth retaking it for a better grade or should I just move on?,Should I retake MATH 310?,Question,2025-07-24T17:20:23.000Z,self,false,TheGweenDeku905,https://www.reddit.com/user/TheGweenDeku905,40,false,false,false,false,false,false,false,false,false,false,0,,10,0,1,false,false,,,false,false,0,false,,true,false,false,,,,,,2025-09-12T18:52:31.431Z,
https://www.reddit.com/r/uichicago/,1000,,uichicago,t5_2shzc,r/uichicago,https://www.reddit.com/r/uichicago,public,29115,https://www.reddit.com/r/uichicago/comments/1m88d4d/is_this_what_you_learn_in_business_majors/,is_this_what_you_learn_in_business_majors,"Accounting and finance majors are the only serious business majors. What's one more business major, is probably just as serious as the ones I listed.",Is this what you learn in business majors?,null,2025-07-24T16:02:23.000Z,https://b.thumbs.redditmedia.com/Zbftxpmy3-8IsiS2xwKYh2ot1bnQgghEQGdKxbjc4mQ.jpg,false,Nismo_Tuning,https://www.reddit.com/user/Nismo_Tuning,18,false,false,false,false,false,false,false,false,false,false,0,,68,0,0.91,false,false,,,false,false,0,false,,true,false,false,,,,,,2025-09-12T18:52:31.431Z,
https://www.reddit.com/r/uichicago/,1000,,uichicago,t5_2shzc,r/uichicago,https://www.reddit.com/r/uichicago,public,29115,https://www.reddit.com/r/uichicago/comments/1m82yk0/is_there_a_spring_semester_intake/,is_there_a_spring_semester_intake,I was planning to apply for UIC spring 2026 but I wasn’t sure if they actually have spring admission.,Is there a spring semester intake?,Question,2025-07-24T12:23:52.000Z,self,false,139nn1_si3,https://www.reddit.com/user/139nn1_si3,5,false,false,false,false,false,false,false,false,false,false,0,,1,0,1,true,false,,,false,false,0,false,,true,false,false,,,,,,2025-09-12T18:52:31.431Z,
https://www.reddit.com/r/uichicago/,1000,,uichicago,t5_2shzc,r/uichicago,https://www.reddit.com/r/uichicago,public,29115,https://www.reddit.com/r/uichicago/comments/1m7uxbb/application_fee_waiver_for_ms_in_civil_engineering/,application_fee_waiver_for_ms_in_civil_engineering,"Hello, I completed my bachelor's degree in civil engineering from Nepal and am planning to apply for the MS in Civil Engineering program at UIC for the Spring 2026 semester. I would like to know if the department or the graduate admissions office offers any application fee waiver codes, or if there are any info sessions/webinars where attendees can receive a fee waiver. Any guidance would be greatly appreciated!",Application fee waiver for MS in Civil Engineering,Question,2025-07-24T04:31:23.000Z,self,false,viratk1809,https://www.reddit.com/user/viratk1809,1,false,false,false,false,false,false,false,false,false,false,0,,1,0,1,true,false,,,false,false,0,false,,true,false,false,,,,,,2025-09-12T18:52:31.431Z,
https://www.reddit.com/r/uichicago/,1000,,uichicago,t5_2shzc,r/uichicago,https://www.reddit.com/r/uichicago,public,29115,https://www.reddit.com/r/uichicago/comments/1m7odxj/do_you_know_anyone_who_goes_to_uispringfield/,do_you_know_anyone_who_goes_to_uispringfield,"I have never known anyone who went there and I checked out the subreddit. I scrolled down and saw content from three years ago. I've only known people who attended UChicago, UIUC, UIC, DePaul, ISU, NIU, Loyola, IIT, and LFC. Even I know people who went out of state just to go to Purdue, IU, or MSU.",Do you know anyone who goes to UISpringfield?,Question,2025-07-23T23:14:01.000Z,self,false,Nismo_Tuning,https://www.reddit.com/user/Nismo_Tuning,12,false,false,false,false,false,false,false,false,false,false,0,,11,0,0.87,false,false,,,false,false,0,false,,true,false,false,,,,,,2025-09-12T18:52:31.431Z,
https://www.reddit.com/r/uichicago/,1000,,uichicago,t5_2shzc,r/uichicago,https://www.reddit.com/r/uichicago,public,29115,https://www.reddit.com/r/uichicago/comments/1m7fyzr/unwritten_rules_of_living_in_chicago/,unwritten_rules_of_living_in_chicago,"Hi everyone,

I'm about to move to Chicago for grad school and saw a similar post in a Houston sub that I thought might be helpful for newcomers to UIC.

Without further ado, as the title states, what are the secret rules to living in Chicago? What should a person do to stay safe, have fun, get affordable groceries, commute etc.",Unwritten Rules of Living in Chicago,null,2025-07-23T17:46:34.000Z,self,false,SorunluBirey,https://www.reddit.com/user/SorunluBirey,62,true,false,false,false,false,false,false,false,false,false,0,,63,0,0.92,false,false,,,false,false,0,false,,true,false,false,,,,,,2025-09-12T18:52:31.431Z,
https://www.reddit.com/r/uichicago/,1000,,uichicago,t5_2shzc,r/uichicago,https://www.reddit.com/r/uichicago,public,29115,https://www.reddit.com/r/uichicago/comments/1m7dtfz/rate_my_schedule_electrical_engineering_freshman/,rate_my_schedule_electrical_engineering_freshman,Taking DHD 205 online,"Rate my Schedule (electrical engineering, freshman)",null,2025-07-23T16:24:59.000Z,https://b.thumbs.redditmedia.com/LSUVUTRY8SDEDlI8nb3HT7XUp1nKIOW4KXF-6E_Oqkg.jpg,true,Accomplished-Goal279,https://www.reddit.com/user/Accomplished-Goal279,4,false,false,false,false,false,false,false,false,false,false,0,,2,0,0.76,false,false,,,false,false,0,false,,true,false,false,,,,,,2025-09-12T18:52:31.431Z,
https://www.reddit.com/r/uichicago/,1000,,uichicago,t5_2shzc,r/uichicago,https://www.reddit.com/r/uichicago,public,29115,https://www.reddit.com/r/uichicago/comments/1m7dna1/latin_honors_during_commencement/,latin_honors_during_commencement,"Do they announce your Latin honors standing (cum laude, magna cum laude, summa cum laude) during graduation commencement?",Latin honors during commencement,null,2025-07-23T16:18:32.000Z,self,false,Awkward-Challenge-51,https://www.reddit.com/user/Awkward-Challenge-51,1,false,false,false,false,false,false,false,false,false,false,0,,1,0,1,true,false,,,false,false,0,false,,true,false,false,,,,,,2025-09-12T18:52:31.432Z,
https://www.reddit.com/r/uichicago/,1000,,uichicago,t5_2shzc,r/uichicago,https://www.reddit.com/r/uichicago,public,29115,https://www.reddit.com/r/uichicago/comments/1m7cn7n/chem_122123_vs_116/,chem_122123_vs_116,"I was hoping to take Chem 122/123 this upcoming fall, but all the 123 classes are filled and there haven’t been any seats opening up   I was wondering if Chem 116 was too different from 122/123, as I’ll see if any Chem 116 classes would fit better into my schedule. + I’m an incoming freshman, bio major, and not in the honors college",Chem 122/123 vs 116,null,2025-07-23T15:41:14.000Z,self,false,ComprehensiveWall152,https://www.reddit.com/user/ComprehensiveWall152,1,false,false,false,false,false,false,false,false,false,false,0,,3,0,1,false,false,,,false,false,0,false,,true,false,false,,,,,,2025-09-12T18:52:31.432Z,
https://www.reddit.com/r/uichicago/,1000,,uichicago,t5_2shzc,r/uichicago,https://www.reddit.com/r/uichicago,public,29115,https://www.reddit.com/r/uichicago/comments/1m70brf/rate_my_scheduleeee/,rate_my_scheduleeee,i’m an upcoming freshman and set my schedule finallyyy,rate my scheduleeee,null,2025-07-23T04:54:10.000Z,https://b.thumbs.redditmedia.com/sqqM0vkIPutVBkPfspLICaknSF5Kruu5QZccZewetws.jpg,true,ryeeii,https://www.reddit.com/user/ryeeii,2,false,false,false,false,false,false,false,false,false,false,0,,0,0,0.5,true,false,,,false,false,0,false,,true,false,false,,,,,,2025-09-12T18:52:31.432Z,
https://www.reddit.com/r/uichicago/,1000,,uichicago,t5_2shzc,r/uichicago,https://www.reddit.com/r/uichicago,public,29115,https://www.reddit.com/r/uichicago/comments/1m6my5w/best_dorm_snacks/,best_dorm_snacks,What are your go to dorm snacks? Especially if you don’t have a mini fridge or microwave. Are there any healthy weight loss options?,Best Dorm Snacks?,Question,2025-07-22T19:03:35.000Z,self,false,Proof-Spite2679,https://www.reddit.com/user/Proof-Spite2679,14,false,false,false,false,false,false,false,false,false,false,0,,15,0,0.84,false,false,,,false,false,0,false,,true,false,false,,,,,,2025-09-12T18:52:31.432Z,
https://www.reddit.com/r/uichicago/,1000,,uichicago,t5_2shzc,r/uichicago,https://www.reddit.com/r/uichicago,public,29115,https://www.reddit.com/r/uichicago/comments/1m6lfmy/ids_462_with_john_sparks_should_i_take_instead_of/,ids_462_with_john_sparks_should_i_take_instead_of,"All of the STAT 382 slots are filled, but it can be substituted with IDS 462. Do you guys recommend Professor Sparks for IDS 462? 

Thanks!",IDS 462 with John Sparks - should I take instead of STAT 382? Do you all recommend I take him for my Data Science Degree?,Question,2025-07-22T18:08:10.000Z,self,false,MaintenanceFormal960,https://www.reddit.com/user/MaintenanceFormal960,0,false,false,false,false,false,false,false,false,false,false,0,,1,0,1,true,false,,,false,false,0,false,,true,false,false,,,,,,2025-09-12T18:52:31.432Z,
https://www.reddit.com/r/uichicago/,1000,,uichicago,t5_2shzc,r/uichicago,https://www.reddit.com/r/uichicago,public,29115,https://www.reddit.com/r/uichicago/comments/1m6lach/i_love_people_posting_their_fuckass_schedules/,i_love_people_posting_their_fuckass_schedules,I am taking 2 online classes aswell but those aren't real,I love people posting their fuckass schedules while mine are all baby classes for my 2nd to last semester,Image,2025-07-22T18:02:57.000Z,https://b.thumbs.redditmedia.com/tdykT2IPEqDNCUX6BzpstmAi8W41CmtINVnvLRnJEAw.jpg,true,Latter-Huckleberry92,https://www.reddit.com/user/Latter-Huckleberry92,2,false,false,false,false,false,false,false,false,false,false,0,,17,0,1,false,false,,,false,false,0,false,,true,false,false,,,,,,2025-09-12T18:52:31.432Z,
https://www.reddit.com/r/uichicago/,1000,,uichicago,t5_2shzc,r/uichicago,https://www.reddit.com/r/uichicago,public,29115,https://www.reddit.com/r/uichicago/comments/1m6gme8/looking_for_someone_to_take_my_letterman_lease/,looking_for_someone_to_take_my_letterman_lease,"Looking for someone to take my Letterman lease 18-20F only

Hey guys I’m unfortunately transferring schools due to family reasons and need someone to take over my lease at Letterman Apartments in Chicago (410 S Morgan St.)

Rent: $1065/month – includes ALL utilities (WiFi, water, electricity, etc.)

Roommates: 18–20-year-old females – looking for someone around the same age

Room: Fully furnished, private bedroom in a shared apartment with 2 other females


If you’re interested or have any questions, feel free to DM me or comment below!",Looking for someone to take my Letterman lease 18-20F only (im begging atp),null,2025-07-22T15:08:41.000Z,self,false,Equal_Potato,https://www.reddit.com/user/Equal_Potato,5,false,false,false,false,false,false,false,false,false,false,0,,3,0,0.71,false,false,,,false,false,0,false,,true,false,false,,,,,,2025-09-12T18:52:31.432Z,
https://www.reddit.com/r/uichicago/,1000,,uichicago,t5_2shzc,r/uichicago,https://www.reddit.com/r/uichicago,public,29115,https://www.reddit.com/r/uichicago/comments/1m6er70/uic_says_my_ap_scores_have_not_been_recieved_but/,uic_says_my_ap_scores_have_not_been_recieved_but,"Hi everyone,

I’m an incoming freshman and I’ve been having trouble with my AP scores. College Board confirmed that they sent my scores to UIC (with the right code 1851) back in June, and confirmed that they even sent them twice electronically, but UIC still says they haven’t received anything.

I’ve already emailed and called the Office of Undergraduate Admissions, but they just keep saying the scores haven’t come in. I also followed up with them and attached proof of submission, but the Office of Admissions email and the Undergraduate email have not responded to me past 5 business days.

My class registration depends on those scores being posted (I worked really hard in high school to take a lot of APs that fulfill all my gen eds, and some prereqs for my required classes, so 90% of my schedule creation revolves around these classes), and I’m honestly not sure who else I can contact at this point. My CS advisor said it’s out of their jurisdiction, and I won’t meet with my engineering advisor until October.

Has anyone else had this issue? Any advice or recommendations on who to reach out to or what to do? I’d really appreciate any help. Please let me know, since I am outside the country right now and I have been dealing with this issue for the better part of this month. 

I sent UIC proof of the score send, including the order, the scores processed, and an email from collegeboard student submissions stating that they have sent the scores on 6/30 and 7/1, in case anyone was wondering proof of submission- :)","UIC says my AP Scores have not been recieved, but Collegeboard has confrimed that they sent the Scores to UIC, pls help idk who to contact",Question,2025-07-22T13:55:50.000Z,self,false,ReportFit6272,https://www.reddit.com/user/ReportFit6272,6,false,false,false,false,false,false,false,false,false,false,0,,1,0,0.67,true,false,,,false,false,0,false,,true,false,false,,,,,,2025-09-12T18:52:31.432Z,
https://www.reddit.com/r/uichicago/,1000,,uichicago,t5_2shzc,r/uichicago,https://www.reddit.com/r/uichicago,public,29115,https://www.reddit.com/r/uichicago/comments/1m69g93/lost_and_found_at_uic/,lost_and_found_at_uic,"I lost my watch at the start of the semester at UIC. It was a special watch that helped me get through my deployment overseas. I went to multiple lost and found offices at UIC, but had no luck. Now, I've lost all hope of finding it. I'm writing this to help myself move on fron this So If someone does find it or Did find it just take good care of it.",Lost and found at UIC,null,2025-07-22T09:24:25.000Z,self,false,Pure-Ad-4012,https://www.reddit.com/user/Pure-Ad-4012,2,false,false,false,false,false,false,false,false,false,false,0,,14,0,1,false,false,,,false,false,0,false,,true,false,false,,,,,,2025-09-12T18:52:31.432Z,
https://www.reddit.com/r/uichicago/,1000,,uichicago,t5_2shzc,r/uichicago,https://www.reddit.com/r/uichicago,public,29115,https://www.reddit.com/r/uichicago/comments/1m669ty/rate_my_schedule/,rate_my_schedule,Can you guys give some advice. I feel like there might be a way to improve it bit It doesn’t seem like the worst thing,Rate my schedule,null,2025-07-22T05:59:03.000Z,https://b.thumbs.redditmedia.com/z1sIsxMck3D_i4hc67NU4CpIRiRPiGVdPANNmM-GlqY.jpg,true,VacationAlarmed7986,https://www.reddit.com/user/VacationAlarmed7986,9,false,false,false,false,false,false,false,false,false,false,0,,5,0,0.86,false,false,,,false,false,0,false,,true,false,false,,,,,,2025-09-12T18:52:31.433Z,
https://www.reddit.com/r/uichicago/,1000,,uichicago,t5_2shzc,r/uichicago,https://www.reddit.com/r/uichicago,public,29115,https://www.reddit.com/r/uichicago/comments/1m6403t/ids_270_stanley_sclove/,ids_270_stanley_sclove,Hi I’m taking IDS 270 this upcoming fall semester with Stanley Sclove online. Is he a pretty easy professor to take the class with? It’s my last class at UIC and I’m not too good with statistics. Hoping my last semester is laid back,IDS 270 Stanley Sclove.,null,2025-07-22T03:50:48.000Z,self,false,Babynutzz1,https://www.reddit.com/user/Babynutzz1,1,false,false,false,false,false,false,false,false,false,false,0,,1,0,1,true,false,,,false,false,0,false,,true,false,false,,,,,,2025-09-12T18:52:31.433Z,
https://www.reddit.com/r/uichicago/,1000,,uichicago,t5_2shzc,r/uichicago,https://www.reddit.com/r/uichicago,public,29115,https://www.reddit.com/r/uichicago/comments/1m5zh3i/rate_my_schedule/,rate_my_schedule,,Rate my Schedule,null,2025-07-22T00:11:50.000Z,https://b.thumbs.redditmedia.com/NQYwEB6GbTXQbKGh6nGrM6C1t200UYLDOKiGwff78fs.jpg,true,Vorteks_G,https://www.reddit.com/user/Vorteks_G,3,false,false,false,false,false,false,false,false,false,false,0,,1,0,0.67,true,false,,,false,false,0,false,,true,false,false,,,,,,2025-09-12T18:52:31.433Z,
https://www.reddit.com/r/uichicago/,1000,,uichicago,t5_2shzc,r/uichicago,https://www.reddit.com/r/uichicago,public,29115,https://www.reddit.com/r/uichicago/comments/1m5wg7l/stressing_over_my_schedule_3/,stressing_over_my_schedule_3,"i’m an incoming freshman and i’m trying to solidify my schedule with recs from my advisor on which classes i should take. right now i have calc 2 in lecture center D at 3pm to 3:50, and i was thinking of adding chem 122 which would be at 4pm in the ARC. ive been to orientation already but i didn’t go over my classes, so idk abt this. would i have enough time to go from lecture center D to the ARC in 10 mins?? any advice for uic too, thank youuu",stressing over my schedule &lt;/3,null,2025-07-21T22:02:03.000Z,self,false,ryeeii,https://www.reddit.com/user/ryeeii,8,false,false,false,false,false,false,false,false,false,false,0,,3,0,0.72,false,false,,,false,false,0,false,,true,false,false,,,,,,2025-09-12T18:52:31.433Z,
https://www.reddit.com/r/uichicago/,1000,,uichicago,t5_2shzc,r/uichicago,https://www.reddit.com/r/uichicago,public,29115,https://www.reddit.com/r/uichicago/comments/1m5qdea/blaze_80_as_my_meal_plan/,blaze_80_as_my_meal_plan,"Should i choose blaze 80 as my meal plan, im lving in psr. It has 80 meal swipes and 200 flames fare. Im not sure what i will be doing for food. This plan is cheap compared to others.  If i run out of meal swipes what can i do? i will probable using 1 meal swipe per day or none",Blaze 80 as my meal plan,null,2025-07-21T18:11:14.000Z,self,false,Accomplished-Goal279,https://www.reddit.com/user/Accomplished-Goal279,5,false,false,false,false,false,false,false,false,false,false,0,,0,0,0.5,true,false,,,false,false,0,false,,true,false,false,,,,,,2025-09-12T18:52:31.433Z,
https://www.reddit.com/r/uichicago/,1000,,uichicago,t5_2shzc,r/uichicago,https://www.reddit.com/r/uichicago,public,29115,https://www.reddit.com/r/uichicago/comments/1m5oy5z/uic_scales_program/,uic_scales_program,"For anyone who has completed the SCALES program at UIC, how long did it take to hear on whether you were accepted or not and how did they send that information out? Grades were submitted the 18th of July and I'm just unsure how long we have to wait...",UIC Scales Program,null,2025-07-21T17:19:08.000Z,self,false,Outrageous_Pain8764,https://www.reddit.com/user/Outrageous_Pain8764,0,false,false,false,false,false,false,false,false,false,false,0,,1,0,0.67,true,false,,,false,false,0,false,,true,false,false,,,,,,2025-09-12T18:52:31.433Z,
https://www.reddit.com/r/uichicago/,1000,,uichicago,t5_2shzc,r/uichicago,https://www.reddit.com/r/uichicago,public,29115,https://www.reddit.com/r/uichicago/comments/1m5ne5c/rate_my_schedule_as_an_upcoming_cuppa_freshman/,rate_my_schedule_as_an_upcoming_cuppa_freshman,"https://preview.redd.it/tf0948l859ef1.png?width=1425&amp;format=png&amp;auto=webp&amp;s=454914cc18514ef074f85e327519a5c0deee70f7

the gaps &amp; ending at 5pm r killing me &lt;/3",rate my schedule as an upcoming cuppa freshman,null,2025-07-21T16:21:58.000Z,https://b.thumbs.redditmedia.com/bbUpJ8NQwVN2FDuqcOUObNfbwFXbuYWdLax3Ewyacik.jpg,false,ecock2k,https://www.reddit.com/user/ecock2k,7,false,false,false,false,false,false,false,false,false,false,0,,1,0,0.67,true,false,,,false,false,0,false,,true,false,false,,,,,,2025-09-12T18:52:31.433Z,
https://www.reddit.com/r/uichicago/,1000,,uichicago,t5_2shzc,r/uichicago,https://www.reddit.com/r/uichicago,public,29115,https://www.reddit.com/r/uichicago/comments/1m5ma1m/physc_summer_course/,physc_summer_course,I’m currently taking Physc 141 at Harold washington. The professor sucks and i’m having a hard time passing. This might be an obvious question but do I have to pass with a C or better in order for the credit to count. I know for physc 142 I need a C or better in 141. I wouldn’t be able to take Physics 141 at uic since I didn’t do to well on the placement exam. If anyone has any experience or knowledge please let me know anything would be appreciated.,PHYSC summer course,null,2025-07-21T15:40:20.000Z,self,false,Sad_Palpitation_4350,https://www.reddit.com/user/Sad_Palpitation_4350,2,false,false,false,false,false,false,false,false,false,false,0,,0,0,0.5,true,false,,,false,false,0,false,,true,false,false,,,,,,2025-09-12T18:52:38.467Z,
https://www.reddit.com/r/uichicago/,1000,,uichicago,t5_2shzc,r/uichicago,https://www.reddit.com/r/uichicago,public,29115,https://www.reddit.com/r/uichicago/comments/1m5m79e/rate_my_schedule_freshman_environmental/,rate_my_schedule_freshman_environmental,,rate my schedule (freshman - environmental engineering),null,2025-07-21T15:37:28.000Z,https://b.thumbs.redditmedia.com/xbZOFu3YgSE8QuTJODlHweSKNxiWgDcrncOWP6oBUCQ.jpg,true,voidofdreams,https://www.reddit.com/user/voidofdreams,1,false,false,false,false,false,false,false,false,false,false,0,,1,0,1,true,false,,,false,false,0,false,,true,false,false,,,,,,2025-09-12T18:52:38.467Z,
https://www.reddit.com/r/uichicago/,1000,,uichicago,t5_2shzc,r/uichicago,https://www.reddit.com/r/uichicago,public,29115,https://www.reddit.com/r/uichicago/comments/1m5kut0/rate_my_finalised_schedule_as_an_incoming_freshman/,rate_my_finalised_schedule_as_an_incoming_freshman,now i dont really think i can make any changes and i also have DHD 205 online,rate my finalised schedule as an incoming freshman,null,2025-07-21T14:46:31.000Z,https://b.thumbs.redditmedia.com/X7sqSApGB1117XLZfwqULu8Awdu4m3kdlQmaBW-NOrE.jpg,true,Accomplished-Goal279,https://www.reddit.com/user/Accomplished-Goal279,0,false,false,false,false,false,false,false,false,false,false,0,,3,0,1,false,false,,,false,false,0,false,,true,false,false,,,,,,2025-09-12T18:52:38.467Z,
https://www.reddit.com/r/uichicago/,1000,,uichicago,t5_2shzc,r/uichicago,https://www.reddit.com/r/uichicago,public,29115,https://www.reddit.com/r/uichicago/comments/1m53lqb/how_fucked_am_i/,how_fucked_am_i,,how fucked am i?,null,2025-07-20T23:37:59.000Z,https://b.thumbs.redditmedia.com/1R7SJOkPyf3CeInuh_9pzppcvasyv_u0IQYEsMUHz_k.jpg,true,Beneficial_Voice4339,https://www.reddit.com/user/Beneficial_Voice4339,10,false,false,false,false,false,false,false,false,false,false,0,,4,0,0.7,false,false,,,false,false,0,false,,true,false,false,,,,,,2025-09-12T18:52:38.467Z,
https://www.reddit.com/r/uichicago/,1000,,uichicago,t5_2shzc,r/uichicago,https://www.reddit.com/r/uichicago,public,29115,https://www.reddit.com/r/uichicago/comments/1m5ek0m/how_bad_is_aixa_alfonso_bios_222/,how_bad_is_aixa_alfonso_bios_222,"I was originally enrolled with dubreuil, but allegedly he retired and the prof got switched to aixa. I was reading her ratemyprof and it doesn't look too good but there also isn't much on her either so any insight would be great pls and thank you :')",How bad is aixa alfonso bios 222?,Question,2025-07-21T09:42:18.000Z,self,false,shvnst,https://www.reddit.com/user/shvnst,3,false,false,false,false,false,false,false,false,false,false,0,,0,0,0.5,true,false,,,false,false,0,false,,true,false,false,,,,,,2025-09-12T18:52:38.468Z,
https://www.reddit.com/r/uichicago/,1000,,uichicago,t5_2shzc,r/uichicago,https://www.reddit.com/r/uichicago,public,29115,https://www.reddit.com/r/uichicago/comments/1m57ue4/jobs_around_campus/,jobs_around_campus,Does anyone know good spots to have a job near campus? Last semester I applied to many places but they either never responded or they rejected me,Jobs around campus ?,Question,2025-07-21T03:02:15.000Z,self,false,Additional_Ball7955,https://www.reddit.com/user/Additional_Ball7955,6,false,false,false,false,false,false,false,false,false,false,0,,3,0,0.67,false,false,,,false,false,0,false,,true,false,false,,,,,,2025-09-12T18:52:38.468Z,
https://www.reddit.com/r/uichicago/,1000,,uichicago,t5_2shzc,r/uichicago,https://www.reddit.com/r/uichicago,public,29115,https://www.reddit.com/r/uichicago/comments/1m55l90/igrow_tech_scholarship/,igrow_tech_scholarship,"unfortunately the scholarship was not funded for the year, so heads up to any recipients who don't know yet",igrow tech scholarship,null,2025-07-21T01:11:52.000Z,https://b.thumbs.redditmedia.com/aSskXvZbDeEPTa9GTMju9hdkzQHqp64eLWzKuiquY5Q.jpg,true,CronusGK,https://www.reddit.com/user/CronusGK,0,false,false,false,false,false,false,false,false,false,false,0,,14,0,0.94,false,false,,,false,false,0,false,,true,false,false,,,,,,2025-09-12T18:52:38.468Z,
https://www.reddit.com/r/uichicago/,1000,,uichicago,t5_2shzc,r/uichicago,https://www.reddit.com/r/uichicago,public,29115,https://www.reddit.com/r/uichicago/comments/1m54sqv/is_this_doable/,is_this_doable,"https://preview.redd.it/h8gkb5gxg4ef1.png?width=1871&amp;format=png&amp;auto=webp&amp;s=3ed30253419611bb106687fa658efc481c849e7a

I also need to take Engineering 100, but I haven't registered for it because I'm waiting for department approval. I also plan to take a general education class if you guys think this isn't too demanding. Thank you!",is this doable?,Question,2025-07-21T00:33:13.000Z,https://a.thumbs.redditmedia.com/L7VPdiKZ97ZIjp7eZ9zCdX60p95fDXbDQmxryUuRR54.jpg,false,LibtardCrusader,https://www.reddit.com/user/LibtardCrusader,3,false,false,false,false,false,false,false,false,false,false,0,,6,0,0.87,false,false,,,false,false,0,false,,true,false,false,,,,,,2025-09-12T18:52:38.468Z,
https://www.reddit.com/r/uichicago/,1000,,uichicago,t5_2shzc,r/uichicago,https://www.reddit.com/r/uichicago,public,29115,https://www.reddit.com/r/uichicago/comments/1m53yjs/easy_understanding_the_creative_arts_gened/,easy_understanding_the_creative_arts_gened,I was able to skip all of the other gen eds thru ap creds except this one. Just looking for a class that falls under this category that is easy and preferably online. Im a meche major so none of the classes under this category really interests me that much.,Easy Understanding the Creative Arts GenED,null,2025-07-20T23:54:18.000Z,self,false,Wise_Winner5971,https://www.reddit.com/user/Wise_Winner5971,1,false,false,false,false,false,false,false,false,false,false,0,,2,0,0.75,false,false,,,false,false,0,false,,true,false,false,,,,,,2025-09-12T18:52:38.468Z,
https://www.reddit.com/r/uichicago/,1000,,uichicago,t5_2shzc,r/uichicago,https://www.reddit.com/r/uichicago,public,29115,https://www.reddit.com/r/uichicago/comments/1m50ziz/engineering_100_professor_simona_narubin_durbin/,engineering_100_professor_simona_narubin_durbin,"How is the professor simona narubin durbin, i looked her up on rate my professor and everyone said she is horrible. is it true lol?

just wnna pass the class",engineering  100 professor (simona narubin durbin),null,2025-07-20T21:43:09.000Z,self,false,Accomplished-Goal279,https://www.reddit.com/user/Accomplished-Goal279,9,false,false,false,false,false,false,false,false,false,false,0,,2,0,0.75,false,false,,,false,false,0,false,,true,false,false,,,,,,2025-09-12T18:52:38.468Z,
https://www.reddit.com/r/uichicago/,1000,,uichicago,t5_2shzc,r/uichicago,https://www.reddit.com/r/uichicago,public,29115,https://www.reddit.com/r/uichicago/comments/1m50uuh/general_education_course_online/,general_education_course_online,should i take general education course online? im not really interested in anything just wnna fill in 1 gen ed course and ease up my schedule,general education course online,null,2025-07-20T21:37:34.000Z,self,false,Accomplished-Goal279,https://www.reddit.com/user/Accomplished-Goal279,0,false,false,false,false,false,false,false,false,false,false,0,,1,0,0.67,true,false,,,false,false,0,false,,true,false,false,,,,,,2025-09-12T18:52:38.468Z,
https://www.reddit.com/r/uichicago/,1000,,uichicago,t5_2shzc,r/uichicago,https://www.reddit.com/r/uichicago,public,29115,https://www.reddit.com/r/uichicago/comments/1m4uaey/rate_my_schedule_freshman_fall/,rate_my_schedule_freshman_fall,I am a pre med,"Rate my schedule, freshman fall",Discussion,2025-07-20T17:11:24.000Z,https://a.thumbs.redditmedia.com/MHbQJP5c90MFZ-JKkgU33YcajRW5GseJKCWP4CX6jn0.jpg,true,SorryChampionship348,https://www.reddit.com/user/SorryChampionship348,6,false,false,false,false,false,false,false,false,false,false,0,,2,0,0.67,false,false,,,false,false,0,false,,true,false,false,,,,,,2025-09-12T18:52:38.468Z,
https://www.reddit.com/r/uichicago/,1000,,uichicago,t5_2shzc,r/uichicago,https://www.reddit.com/r/uichicago,public,29115,https://www.reddit.com/r/uichicago/comments/1m4oazq/rate_my_schedule_first_yr_freshman/,rate_my_schedule_first_yr_freshman,how cooked am i,rate my schedule (first yr freshman,null,2025-07-20T12:58:56.000Z,https://b.thumbs.redditmedia.com/lq3ESy1xPfT4Y-WaxWkj9tCPbvxt8w03KDUDGR0EEXQ.jpg,true,monkamoney72,https://www.reddit.com/user/monkamoney72,6,false,false,false,false,false,false,false,false,false,false,0,,11,0,0.92,false,false,,,false,false,0,false,,true,false,false,,,,,,2025-09-12T18:52:38.468Z,
https://www.reddit.com/r/uichicago/,1000,,uichicago,t5_2shzc,r/uichicago,https://www.reddit.com/r/uichicago,public,29115,https://www.reddit.com/r/uichicago/comments/1m4kef6/cs_377_w_burton_or_clayville/,cs_377_w_burton_or_clayville,"I'm debating on adding 377 on to my schedule but I'm torn between two sections. Burton has the ideal time for me at 2pm but the reviews I found are not nice. However, with Clayville, I can do the 5pm section which is going to drain me (But better prof?). Any insight into this that would sway me into a decision(workload, attendance, organization, etc)? FYI, I'm taking 362, 341, 342, and 488 starting from 9:30 AM to 4:50PM excluding 377 on Tuesday and Thursday",CS 377 w/ Burton or Clayville?,Question,2025-07-20T09:06:47.000Z,self,false,HDFatCat,https://www.reddit.com/user/HDFatCat,2,false,false,false,false,false,false,false,false,false,false,0,,1,0,0.67,true,false,,,false,false,0,false,,true,false,false,,,,,,2025-09-12T18:52:38.468Z,
https://www.reddit.com/r/uichicago/,1000,,uichicago,t5_2shzc,r/uichicago,https://www.reddit.com/r/uichicago,public,29115,https://www.reddit.com/r/uichicago/comments/1m4frz8/hostile_behavior_by_night_ride_driver/,hostile_behavior_by_night_ride_driver,"So it happened tonight at UIC Halsted. My friend and I booked night ride at the same time but it assigned different rides which we didn’t notice. Night Ride 5 arrived and we sat in it and the driver took down our addresses and UINs. 

Then out of nowhere he asks (in aggressive tone) “Which motherf*cker of you booked a red car”. I was like what do you mean by red car; both the night rides are red. Kept asking same thing in same aggressive tone. Then asks my friend if he booked one, which he did. Turns out my friend was assigned Night Ride 3 which was behind us waiting. He then started talking with the other driver, badmouthing and cursing us with terribly abusive language like “these f*ckers are new here” and stuff, raising his voice at us.


Then even during the ride, while me and my friend were talking turned up the volume of the radio. It wasn’t like we were disturbing him, or shouting or laughing, just a normal conversation.

Awful experience, didn’t expect to face abuse from UIC employees for a minor mishap. If this is how us international students are treated then it severely degrades my opinion of UIC. How is this supposed to be a safe environment?

Update: Thank you everyone for supporting this post. This incident was reported, the entire recording was used as a proof. While there was some confusion about the slangs that were used during the ride - like “red car” which was the original name for Night Ride when it was first started as well as the conversation with the other driver was in some different context, but the type of language used was inappropriate and was taken into consideration during the investigation. I am thankful and truly appreciate UIC for handling this and I was assured something like this won’t happen again.",Hostile Behavior by Night Ride Driver,null,2025-07-20T04:16:55.000Z,self,false,reverseflash-_-,https://www.reddit.com/user/reverseflash-_-,38,true,false,false,false,false,false,false,false,false,false,0,,105,0,0.92,false,false,,,false,false,0,false,,true,false,false,,,,,,2025-09-12T18:52:38.469Z,
https://www.reddit.com/r/uichicago/,1000,,uichicago,t5_2shzc,r/uichicago,https://www.reddit.com/r/uichicago,public,29115,https://www.reddit.com/r/uichicago/comments/1m4e6bz/has_anyone_done_the_provisional_housing_option/,has_anyone_done_the_provisional_housing_option,"I applied for Campus Housing for Fall 2025 semester, but it seems they've run out of available rooms. However, through the housing portal, like it says in the image they have temporary Housing Options for the fall. 

I've never tried this and have never even been to the residence halls, has anyone tried this option and what was your experience choosing this?

Like how different would it be from a normal dorm? It says the rate is the same as the cheapest dorm option at $5k for the semester. And how quickly do they usually move you to permanent housing?",Has anyone done the Provisional Housing Option?,Question,2025-07-20T02:48:49.000Z,https://b.thumbs.redditmedia.com/22nIF0ZwlWWdFYJuZzCndTKn8Xbd-ue88_KFymuvEQo.jpg,true,bin-bun,https://www.reddit.com/user/bin-bun,3,false,false,false,false,false,false,false,false,false,false,0,,7,0,1,false,false,,,false,false,0,false,,true,false,false,,,,,,2025-09-12T18:52:38.469Z,
https://www.reddit.com/r/uichicago/,1000,,uichicago,t5_2shzc,r/uichicago,https://www.reddit.com/r/uichicago,public,29115,https://www.reddit.com/r/uichicago/comments/1m4b1in/rate_my_schedule_freshman/,rate_my_schedule_freshman,Hello! I’m a freshman majoring in finance and this is my schedule. I’m planning to use the gaps to do homework/study and eat lunch. HN 202 and MUS 127 are both online but im thinking of dropping HN 202 to stay at 15 hours and to possibly save the class for another semester. If anyone can share any advice for these classes or professors it would be greatly appreciated. Thank you!,Rate my schedule (freshman),null,2025-07-20T00:08:30.000Z,https://b.thumbs.redditmedia.com/azIHB6DivPWyqMhvHrpN2RPVUY1Utd7hWqy8JVfBvvo.jpg,false,Important-Proposal79,https://www.reddit.com/user/Important-Proposal79,11,false,false,false,false,false,false,false,false,false,false,0,,3,0,1,false,false,,,false,false,0,false,,true,false,false,,,,,,2025-09-12T18:52:38.469Z,
https://www.reddit.com/r/uichicago/,1000,,uichicago,t5_2shzc,r/uichicago,https://www.reddit.com/r/uichicago,public,29115,https://www.reddit.com/r/uichicago/comments/1m47ays/when_applying_for_an_on_campus_job_can_i_get_away/,when_applying_for_an_on_campus_job_can_i_get_away,,when applying for an on campus job can i get away with uploading a resume instead of a cover letter?,Question,2025-07-19T21:16:51.000Z,self,false,st4rbl00m,https://www.reddit.com/user/st4rbl00m,1,false,false,false,false,false,false,false,false,false,false,0,,1,0,1,true,false,,,false,false,0,false,,true,false,false,,,,,,2025-09-12T18:52:38.469Z,
https://www.reddit.com/r/uichicago/,1000,,uichicago,t5_2shzc,r/uichicago,https://www.reddit.com/r/uichicago,public,29115,https://www.reddit.com/r/uichicago/comments/1m3xdxm/drug_testing_preemployment/,drug_testing_preemployment,"Does UIC DT prospective employees working admin positions, not patient facing?

I’m on medical marijuana (legit reasons - chronic pain) and I understand this is still illegal for DT. 

TIA!",Drug Testing Pre-Employment,null,2025-07-19T14:20:00.000Z,self,false,No-Advice-8067,https://www.reddit.com/user/No-Advice-8067,10,false,false,false,false,false,false,false,false,false,false,0,,7,0,1,false,false,,,false,false,0,false,,true,false,false,,,,,,2025-09-12T18:52:38.469Z,
https://www.reddit.com/r/uichicago/,1000,,uichicago,t5_2shzc,r/uichicago,https://www.reddit.com/r/uichicago,public,29115,https://www.reddit.com/r/uichicago/comments/1m3qn1p/i_know_im_cooked_but_help_me_be_less_cooked_gimme/,i_know_im_cooked_but_help_me_be_less_cooked_gimme,"biochem major + math minor

ill be commuting 5 days a week (like 1.5 hours both ways), in 2-3 clubs, and working weekend shifts at the hospital :D

\-debating on whether or not to take bios 350 (microbio) instead of calc 3 this semester to lighten the load a little bit (m/w/f from 12-1250) but i kinda wanna start cranking out my math minor prereqs



https://preview.redd.it/he2wyxksesdf1.png?width=2861&amp;format=png&amp;auto=webp&amp;s=31c515864f8a029254fdd710eac9057f5dcf8357",i know im cooked but help me be less cooked (gimme tips n hacks plz),Question,2025-07-19T07:55:08.000Z,https://b.thumbs.redditmedia.com/kD-YmzioOk3Qpa_A2hPHw8K-I1mo-Qjf6vZo0Xu58zY.jpg,false,Pure_Actuator1635,https://www.reddit.com/user/Pure_Actuator1635,2,true,false,false,false,false,false,false,false,false,false,0,,4,0,0.83,false,false,,,false,false,0,false,,true,false,false,,,,,,2025-09-12T18:52:38.469Z,
https://www.reddit.com/r/uichicago/,1000,,uichicago,t5_2shzc,r/uichicago,https://www.reddit.com/r/uichicago,public,29115,https://www.reddit.com/r/uichicago/comments/1m3mucz/first_yr_meche_schedule_pls_lmk_what_you_guys/,first_yr_meche_schedule_pls_lmk_what_you_guys,"Was not able to register for engr 100 and chem 123 so going to have to take it 2nd sem. 

My main concern at the moment is whether or not ill be able to handle second semester considering I have classes I need to take on top of the two i wasnt able to register for first sem. My main goal is to js be able to get that guaranteed internship next summer.

Please share sum info about these classes. Professors, work load, rigor, etc… Anything helps",First yr meche schedule pls lmk what you guys think,Question,2025-07-19T04:07:00.000Z,https://b.thumbs.redditmedia.com/2CZyMEd0NRjmg-R5CUeaLF6TmkExcvVezo008ITwKMI.jpg,true,Wise_Winner5971,https://www.reddit.com/user/Wise_Winner5971,10,false,false,false,false,false,false,false,false,false,false,0,,2,0,1,false,false,,,false,false,0,false,,true,false,false,,,,,,2025-09-12T18:52:38.469Z,
https://www.reddit.com/r/uichicago/,1000,,uichicago,t5_2shzc,r/uichicago,https://www.reddit.com/r/uichicago,public,29115,https://www.reddit.com/r/uichicago/comments/1m3m7mr/me_320_difficulty/,me_320_difficulty,"how hard is this class, I’m trying to figure out if i should add it to my schedule or not I’m at 16 credits right now but with this class it would be 19.",ME 320 difficulty,Question,2025-07-19T03:32:27.000Z,self,false,aizmoody,https://www.reddit.com/user/aizmoody,0,false,false,false,false,false,false,false,false,false,false,0,,1,0,0.99,true,false,,,false,false,0,false,,true,false,false,,,,,,2025-09-12T18:52:38.469Z,
https://www.reddit.com/r/uichicago/,1000,,uichicago,t5_2shzc,r/uichicago,https://www.reddit.com/r/uichicago,public,29115,https://www.reddit.com/r/uichicago/comments/1m3f1s1/walk_between_behavioral_science_building_and/,walk_between_behavioral_science_building_and,It is a 9 minute walk according to google map and i will have a 10 minutes break between the classes. do u think i can make it and do the professor care if ur a few minutes late?,"walk between behavioral science building and Computer Design Research and Learning Center
introduction",null,2025-07-18T21:49:55.000Z,self,false,Accomplished-Goal279,https://www.reddit.com/user/Accomplished-Goal279,4,false,false,false,false,false,false,false,false,false,false,0,,6,0,1,false,false,,,false,false,0,false,,true,false,false,,,,,,2025-09-12T18:52:38.470Z,
https://www.reddit.com/r/uichicago/,1000,,uichicago,t5_2shzc,r/uichicago,https://www.reddit.com/r/uichicago,public,29115,https://www.reddit.com/r/uichicago/comments/1m3dyos/tried_not_to_overdo_it_for_the_start_of_my/,tried_not_to_overdo_it_for_the_start_of_my,,"Tried not to overdo it for the start of my freshman year, what do you guys think?",null,2025-07-18T21:04:49.000Z,https://b.thumbs.redditmedia.com/8ykC0fDLmyyf3l_AaZEZfIhcFq3kYYfPn1UN3MF1HOc.jpg,true,Pineapple_Gamer123,https://www.reddit.com/user/Pineapple_Gamer123,2,false,false,false,false,false,false,false,false,false,false,0,,2,0,1,false,false,,,false,false,0,false,,true,false,false,,,,,,2025-09-12T18:52:38.470Z,
https://www.reddit.com/r/uichicago/,1000,,uichicago,t5_2shzc,r/uichicago,https://www.reddit.com/r/uichicago,public,29115,https://www.reddit.com/r/uichicago/comments/1m3dlgk/academic_dismissal_from_engineering/,academic_dismissal_from_engineering,Hello everyone. I've been dismissed from UIC for a second time. I'm currently an EE major and I had a 3.09 GPA from community college with 32 earned hours. I had a 1.64 GPA at my time at UIC with 55 earned hours. At this point I'm unsure of my next step. All that is left of my Bachelor’s degree are engineering classes but I doubt I'll be able to push through. Some advice would be greatly appreciated. Either I drop out completely or I find a way to finish my degree.,Academic Dismissal from Engineering,null,2025-07-18T20:49:48.000Z,self,false,Cj5412354,https://www.reddit.com/user/Cj5412354,17,false,false,false,false,false,false,false,false,false,false,0,,24,0,0.86,false,false,,,false,false,0,false,,true,false,false,,,,,,2025-09-12T18:52:38.470Z,
https://www.reddit.com/r/uichicago/,1000,,uichicago,t5_2shzc,r/uichicago,https://www.reddit.com/r/uichicago,public,29115,https://www.reddit.com/r/uichicago/comments/1m3731q/students_whove_taken_a_cs_course_at_uic/,students_whove_taken_a_cs_course_at_uic,"Hey everyone, I hope your summer is going well. I am currently working on a capstone project on AI in CS education and would really appreciate your input!

**If you’ve taken a CS course at UIC**, I’d love to hear about how (or if) you’ve used AI tools as part of your coursework. The goal of my project is to better understand how AI is being integrated into CS education. Since it is such a relatively new technology, it's effects on our CS education are still not fully realized.

  
**Your responses are anonymous, and no individual student data is collected or shared.** I want to better understand from an educational perspective what we (students/TAs/Faculty/CS department) can do to improve CS education alongside the exponential growth of AI/LLM capabilities and **your honest reflection is key to this study.** The form will only take about 5-10 minutes to complete. 

Form: [https://docs.google.com/forms/d/e/1FAIpQLSeL2xVEPowi1BYB3ljN\_bPUJ8wlL8MwtFqwXM-C1UczjPZ4bQ/viewform?usp=sharing&amp;ouid=104693695152602177402](https://docs.google.com/forms/d/e/1FAIpQLSeL2xVEPowi1BYB3ljN_bPUJ8wlL8MwtFqwXM-C1UczjPZ4bQ/viewform?usp=sharing&amp;ouid=104693695152602177402)

  
Thanks in advance!",Students who've taken a CS course at UIC,Other,2025-07-18T16:34:57.000Z,self,false,SubstantialSky1872,https://www.reddit.com/user/SubstantialSky1872,0,false,false,false,false,false,false,false,false,false,false,0,,3,0,1,true,false,,,false,false,0,false,,true,false,false,,,,,,2025-09-12T18:52:38.470Z,
https://www.reddit.com/r/uichicago/,1000,,uichicago,t5_2shzc,r/uichicago,https://www.reddit.com/r/uichicago,public,29115,https://www.reddit.com/r/uichicago/comments/1m33kdt/swap_with_me_please/,swap_with_me_please,Anyone who is taking Korean 101 for fall semester swap with me please! I am taking Japanese 101. DM me please if interested,Swap with me please,null,2025-07-18T14:18:43.000Z,self,false,FigAccomplished5758,https://www.reddit.com/user/FigAccomplished5758,0,false,false,false,false,false,false,false,false,false,false,0,,1,0,1,true,false,,,false,false,0,false,,true,false,false,,,,,,2025-09-12T18:52:38.470Z,
https://www.reddit.com/r/uichicago/,1000,,uichicago,t5_2shzc,r/uichicago,https://www.reddit.com/r/uichicago,public,29115,https://www.reddit.com/r/uichicago/comments/1m31mit/how_was_taylor_greg_grading_for_math_310/,how_was_taylor_greg_grading_for_math_310,I’m taking him for the fall semester,How was Taylor Greg grading for MATH 310?,Question,2025-07-18T12:57:07.000Z,self,false,Excellent_Jacket_722,https://www.reddit.com/user/Excellent_Jacket_722,5,false,false,false,false,false,false,false,false,false,false,0,,5,0,0.86,false,false,,,false,false,0,false,,true,false,false,,,,,,2025-09-12T18:52:38.470Z,
https://www.reddit.com/r/uichicago/,1000,,uichicago,t5_2shzc,r/uichicago,https://www.reddit.com/r/uichicago,public,29115,https://www.reddit.com/r/uichicago/comments/1m2sscw/dorm_bed_question/,dorm_bed_question,"Hi everyone, I'm planning on living in Commons West, and I was wondering if anyone knows how high the beds can be raised? I want to put storage drawers under my bed, but I'm not sure if they'll fit.",Dorm bed question,Question,2025-07-18T04:21:20.000Z,self,false,CatsRCool_21,https://www.reddit.com/user/CatsRCool_21,1,false,false,false,false,false,false,false,false,false,false,0,,0,0,0.5,true,false,,,false,false,0,false,,true,false,false,,,,,,2025-09-12T18:52:38.470Z,
https://www.reddit.com/r/uichicago/,1000,,uichicago,t5_2shzc,r/uichicago,https://www.reddit.com/r/uichicago,public,29115,https://www.reddit.com/r/uichicago/comments/1m2s34v/do_i_have_fix_my_schedule_if_i_have_overlapping/,do_i_have_fix_my_schedule_if_i_have_overlapping,one of my classes i already registered for suddenly got reassigned to a different day and now its overlapping by 20 mins onto a lab that also has already been registered. i didnt get any error messages in the portal so can i just let it be or do i actually have to fix it?,do i have fix my schedule if i have overlapping classes?,Question,2025-07-18T03:44:39.000Z,self,false,Sufficient-Credit775,https://www.reddit.com/user/Sufficient-Credit775,1,false,false,false,false,false,false,false,false,false,false,0,,2,0,0.75,false,false,,,false,false,0,false,,true,false,false,,,,,,2025-09-12T18:52:38.470Z,
https://www.reddit.com/r/uichicago/,1000,,uichicago,t5_2shzc,r/uichicago,https://www.reddit.com/r/uichicago,public,29115,https://www.reddit.com/r/uichicago/comments/1m2p3h8/transfer_international_student/,transfer_international_student,"Hey everyone, my wife just got her green card and wants to transfer her credits from Turkey to UIC to finish her business degree. Is there some counselor or someone/company I can hire who can help? Sorry if it's a stupid question, I've never done this before.

Thanks",Transfer international student?,Question,2025-07-18T01:16:30.000Z,self,false,Psychological-Key679,https://www.reddit.com/user/Psychological-Key679,1,false,false,false,false,false,false,false,false,false,false,0,,0,0,0.5,true,false,,,false,false,0,false,,true,false,false,,,,,,2025-09-12T18:52:38.470Z,
https://www.reddit.com/r/uichicago/,1000,,uichicago,t5_2shzc,r/uichicago,https://www.reddit.com/r/uichicago,public,29115,https://www.reddit.com/r/uichicago/comments/1m2nslc/anyone_take_science_classes_at_city_colleges_of/,anyone_take_science_classes_at_city_colleges_of,"Hi everyone! I’m currently doing a post-bacc in Illinois and taking science courses at City Colleges of Chicago (CCC) to boost my GPA and fulfill med school requirements.

I’ve already completed a bachelor’s in biology but had some low grades, so I’m retaking and adding upper-level science courses. 

I wanted to ask:
	•	Has anyone taken CCC science classes (especially online ones like Genetics or Pathophysiology) and had them accepted for med school?
	•	Did these classes count in your AMCAS GPA?
	•	Did anyone get into a U.S. MD or DO school using these credits?

Also, if anyone took courses at Olive-Harvey, Harold Washington, or Daley, I’d love to know how your experience was and which ones were the most helpful.

Thanks so much — just trying to make sure I’m on the right path and not wasting time or credits",Anyone take science classes at City Colleges of Chicago (CCC) for a post-bacc and get into med school?,Question,2025-07-18T00:14:57.000Z,self,false,Healthy_Crew5417,https://www.reddit.com/user/Healthy_Crew5417,0,false,false,false,false,false,false,false,false,false,false,0,,1,0,0.67,true,false,,,false,false,0,false,,true,false,false,,,,,,2025-09-12T18:52:38.470Z,
https://www.reddit.com/r/uichicago/,1000,,uichicago,t5_2shzc,r/uichicago,https://www.reddit.com/r/uichicago,public,29115,https://www.reddit.com/r/uichicago/comments/1m2hewb/has_anyone_else_gotten_their_parent_plus_loans_in/,has_anyone_else_gotten_their_parent_plus_loans_in,i emailed the aid office back in may and they said they'd start adding that stuff around mid-july... just checking to see if anyone has actually seen anything about their parent PLUS loans in there or if i should send another email :p thanks!,has anyone else gotten their parent PLUS loans in their financial aid offer yet?,Question,2025-07-17T19:50:13.000Z,self,false,V0LLERE1,https://www.reddit.com/user/V0LLERE1,1,false,false,false,false,false,false,false,false,false,false,0,,0,0,0.5,true,false,,,false,false,0,false,,true,false,false,,,,,,2025-09-12T18:52:38.471Z,
https://www.reddit.com/r/uichicago/,1000,,uichicago,t5_2shzc,r/uichicago,https://www.reddit.com/r/uichicago,public,29115,https://www.reddit.com/r/uichicago/comments/1m2d1a9/help_with_meal_plan/,help_with_meal_plan,"How do you sign up for meal plans? I might have made a mistake because I signed up for one last week, but last night I got an email saying that I haven't selected a meal plan yet. I want to resolve this issue before next week, since I will be on vacation, and if I don't choose one soon, I will automatically be put into the Ignite 15 plan. I emailed the dining services at uic about this but they are unresponsive. What do I do to make sure I have registered for it? Whenever I log into the dining services, it says Ignite 160 is PENDING. Also, it gets added to the UI payment plan, right? I won't have to pay out of pocket?",Help with meal plan!,Question,2025-07-17T17:02:47.000Z,self,false,Proof-Spite2679,https://www.reddit.com/user/Proof-Spite2679,1,false,false,false,false,false,false,false,false,false,false,0,,1,0,0.67,true,false,,,false,false,0,false,,true,false,false,,,,,,2025-09-12T18:52:38.471Z,
https://www.reddit.com/r/uichicago/,1000,,uichicago,t5_2shzc,r/uichicago,https://www.reddit.com/r/uichicago,public,29115,https://www.reddit.com/r/uichicago/comments/1m276o7/how_do_ap_scores_get_processed/,how_do_ap_scores_get_processed,"I am an incoming UIC freshman, and I sent my scores for the exams I already took on June 12th, and they have been since sent to UIC on the 30th, however nothing has been processed. How does their processing system work??? I have been waiting for the scores to be processed since a lot of the classes I need to take have prerequisites that are fulfilled by my AP credits. I emailed the undergrad email and they claim to not have received any scores, and when I sent them proof and confirmation of the transaction of the score report they have not responded for over 7 business days. Can someone please guild me on what to do, since I can’t select classes, and spots are quickly filling up for the classes I want to take. Thank you!",How do AP scores get processed?,Question,2025-07-17T13:12:10.000Z,self,false,KamiKrazeHQ,https://www.reddit.com/user/KamiKrazeHQ,3,false,false,false,false,false,false,false,false,false,false,0,,5,0,0.78,false,false,,,false,false,0,false,,true,false,false,,,,,,2025-09-12T18:52:38.471Z,
https://www.reddit.com/r/uichicago/,1000,,uichicago,t5_2shzc,r/uichicago,https://www.reddit.com/r/uichicago,public,29115,https://www.reddit.com/r/uichicago/comments/1m22711/chem_232_and_233/,chem_232_and_233,is it a good idea to take orgo 1 lecture and lab together? i’m registered for both rn but have heard it’s not good to take them in the same semester,chem 232 and 233,null,2025-07-17T08:34:25.000Z,self,false,Numerous-Squirrel849,https://www.reddit.com/user/Numerous-Squirrel849,5,false,false,false,false,false,false,false,false,false,false,0,,1,0,0.67,true,false,,,false,false,0,false,,true,false,false,,,,,,2025-09-12T18:52:38.471Z,
https://www.reddit.com/r/uichicago/,1000,,uichicago,t5_2shzc,r/uichicago,https://www.reddit.com/r/uichicago,public,29115,https://www.reddit.com/r/uichicago/comments/1m1zja2/rate_my_schedule_incoming_environmental_science/,rate_my_schedule_incoming_environmental_science,https://preview.redd.it/i53yittihddf1.png?width=1857&amp;format=png&amp;auto=webp&amp;s=a60b76e7883a7163b58a46dc4126515d15b4b502,Rate my schedule (Incoming Environmental science major),null,2025-07-17T05:45:49.000Z,https://b.thumbs.redditmedia.com/s4Fwk9LjToEERnwMgXpv1bAP7u3ZKMLQYAxlH4egnNs.jpg,false,Timely_Vast759,https://www.reddit.com/user/Timely_Vast759,3,false,false,false,false,false,false,false,false,false,false,0,,0,0,0.5,true,false,,,false,false,0,false,,true,false,false,,,,,,2025-09-12T18:52:38.471Z,
https://www.reddit.com/r/uichicago/,1000,,uichicago,t5_2shzc,r/uichicago,https://www.reddit.com/r/uichicago,public,29115,https://www.reddit.com/r/uichicago/comments/1m1zii2/commute_or_dorm/,commute_or_dorm,Hi I'm an incoming freshman. I live off the Austin Blue line stop and was wondering if I should dorm or commute? Cost isn't necessarily an issue but I would rather minimize debt.,Commute or Dorm?,Question,2025-07-17T05:44:35.000Z,self,false,Timely_Vast759,https://www.reddit.com/user/Timely_Vast759,8,false,false,false,false,false,false,false,false,false,false,0,,5,0,0.78,false,false,,,false,false,0,false,,true,false,false,,,,,,2025-09-12T18:52:38.471Z,
https://www.reddit.com/r/uichicago/,1000,,uichicago,t5_2shzc,r/uichicago,https://www.reddit.com/r/uichicago,public,29115,https://www.reddit.com/r/uichicago/comments/1m1xi6z/dumb_question_about_refunds/,dumb_question_about_refunds,"I am wondering what happens to MAP grant/FAFSA money if other scholarships would cover the cost of going to school? I've looked on UIC's website and they say that any extra amount would be refunded, would that include money from Federal grants (in this case MAP and FAFSA?), or would they go back to the government?",(Dumb?) Question about refunds,Question,2025-07-17T03:51:46.000Z,self,false,ferkiller10,https://www.reddit.com/user/ferkiller10,4,false,false,false,false,false,false,false,false,false,false,0,,5,0,0.78,false,false,,,false,false,0,false,,true,false,false,,,,,,2025-09-12T18:52:38.471Z,
https://www.reddit.com/r/uichicago/,1000,,uichicago,t5_2shzc,r/uichicago,https://www.reddit.com/r/uichicago,public,29115,https://www.reddit.com/r/uichicago/comments/1m1w28p/am_i_cooked/,am_i_cooked,"I commute to and from campus, which takes about an hour. Also, can you change the time of your courses (e.g., moving a course from 5 PM to 12 PM)?",Am I cooked?,null,2025-07-17T02:38:11.000Z,https://b.thumbs.redditmedia.com/mml_Xx6rUKKVJETnmjtoEtmYuwyfqy5pV6FSdar2rSA.jpg,true,Angel23g,https://www.reddit.com/user/Angel23g,8,false,false,false,false,false,false,false,false,false,false,0,,2,0,0.75,false,false,,,false,false,0,false,,true,false,false,,,,,,2025-09-12T18:52:38.471Z,
https://www.reddit.com/r/uichicago/,1000,,uichicago,t5_2shzc,r/uichicago,https://www.reddit.com/r/uichicago,public,29115,https://www.reddit.com/r/uichicago/comments/1m1vc5a/chem_233_in_uic_or_cc/,chem_233_in_uic_or_cc,"Hi, I am a premed student who already took 232. All I have left for chemistry in 233 but I actually hate the chem department here so I’m thinking of taking it over the summer in CC instead. However, I don’t know if it’s gonna look bad for med school, but considering it’s a lab I don’t think it would be too bad. Has anyone taken 233 in CC and how is it?",Chem 233 in UIC or CC?,Question,2025-07-17T02:03:08.000Z,self,false,Realistic-Crow-9791,https://www.reddit.com/user/Realistic-Crow-9791,2,false,false,false,false,false,false,false,false,false,false,0,,5,0,0.86,false,false,,,false,false,0,false,,true,false,false,,,,,,2025-09-12T18:52:38.471Z,
https://www.reddit.com/r/uichicago/,1000,,uichicago,t5_2shzc,r/uichicago,https://www.reddit.com/r/uichicago,public,29115,https://www.reddit.com/r/uichicago/comments/1m1v9pe/dorm_housing_for_freshman/,dorm_housing_for_freshman,"as an incoming international freshman, i chose tailor lofts n i hear negative reviews about it. is it THAT bad?",dorm housing for freshman,null,2025-07-17T02:00:05.000Z,self,false,Worth-Act7402,https://www.reddit.com/user/Worth-Act7402,3,false,false,false,false,false,false,false,false,false,false,0,,0,0,0.33,true,false,,,false,false,0,false,,true,false,false,,,,,,2025-09-12T18:52:38.471Z,
https://www.reddit.com/r/uichicago/,1000,,uichicago,t5_2shzc,r/uichicago,https://www.reddit.com/r/uichicago,public,29115,https://www.reddit.com/r/uichicago/comments/1m1o1tp/places_i_can_cry_right_now/,places_i_can_cry_right_now,"I had a rough day at work today, and I am currently at my desk fighting tears. I tried running to the bathroom but the waterworks keep coming. I need a place on campus ASAP where I can just bawl everything out before my next meeting at six. Any places you guys recommend where no one can hear me sobbing?

Update: Omg ty guys so much! I decided that since I was on my way to my next meeting on the train I might as well cry. So I just stared out the window from UIC Halsted to Lake. Thx so much for the kindness. Ironically the meeting was my therapist appointment lollll. Also, what does OP mean?",Places I can cry right now?,Question,2025-07-16T20:45:38.000Z,self,false,MaintenanceFormal960,https://www.reddit.com/user/MaintenanceFormal960,19,true,false,false,false,false,false,false,false,false,false,0,,68,0,0.93,false,false,,,false,false,0,false,,true,false,false,,,,,,2025-09-12T18:52:38.472Z,
https://www.reddit.com/r/uichicago/,1000,,uichicago,t5_2shzc,r/uichicago,https://www.reddit.com/r/uichicago,public,29115,https://www.reddit.com/r/uichicago/comments/1m1i8dz/organic_chemistry_freshman_year/,organic_chemistry_freshman_year,i’m a rising freshman at uic and i got a 5 on my AP chemistry exam this year which makes me eligible to take orgo first semester of freshman year. i talked to my advisor and she said she didn’t recommend me to do that. do you think i should take the class anyway or save it for sophomore year?,Organic Chemistry Freshman Year,null,2025-07-16T17:05:51.000Z,self,false,Prize_Date_6248,https://www.reddit.com/user/Prize_Date_6248,6,false,false,false,false,false,false,false,false,false,false,0,,1,0,0.6,true,false,,,false,false,0,false,,true,false,false,,,,,,2025-09-12T18:52:38.472Z,
https://www.reddit.com/r/uichicago/,1000,,uichicago,t5_2shzc,r/uichicago,https://www.reddit.com/r/uichicago,public,29115,https://www.reddit.com/r/uichicago/comments/1m1i7k2/orientation_guest_fee/,orientation_guest_fee,So there’s a $75 fee to bring a guest to orientation. I registered my mother but where do I pay that at ? Online ? In-person ?,Orientation guest fee,null,2025-07-16T17:04:59.000Z,self,false,Odd_Option_3878,https://www.reddit.com/user/Odd_Option_3878,2,false,false,false,false,false,false,false,false,false,false,0,,0,0,0.5,true,false,,,false,false,0,false,,true,false,false,,,,,,2025-09-12T18:52:38.472Z,
https://www.reddit.com/r/uichicago/,1000,,uichicago,t5_2shzc,r/uichicago,https://www.reddit.com/r/uichicago,public,29115,https://www.reddit.com/r/uichicago/comments/1m1dpep/nasa_space_apps_chicago_hackathon_registration_is/,nasa_space_apps_chicago_hackathon_registration_is,"Hi everyone, I'm a member of the Board of Visitors at CIERA-Northwestern and want to make sure you're aware of our hackathon sign up. Info below and a couple quick notes:

* Our host, 1871, has room for 300 people (compared to 200 last year).  If you want to be at the hackathon please sign up for the in-person option even if there is a large waitlist.  Given the rate of no-shows and cancellations, we expect to offer spots to several hundred people from the waiting list.  We may explore some overflow space nearby if demand warrants it.
* We know that the job market is difficult this year, and we're doing our best to make sure that this is a great opportunity to network.  So far we have Microsoft, Elastic, CBOE Global Markets, and Optiver as sponsors and are actively working to bring in a couple other companies that are hiring.
* Our team is also hoping to have a cash prize for the first time ever.  We've got until October to make that happen and I'm sure that we will.  

**NASA Space Apps Challenge Chicago in Partnership with CIERA-Northwestern and 1871**

**Date:** October 4 - 5, 2025

**Where:** 111 North Canal Street, hosted by [1871](https://1871.com/), Chicago’s largest innovation hub. We will be open overnight.

**Cost:** Free

**What is it exactly:**

* NASA Space Apps is the world's largest hackathon, occurring in 500+ locations.  This is a unique opportunity to showcase your expertise in the exciting domain of space science, learn from faculty at our host institution, CIERA ([https://ciera.northwestern.edu/](https://ciera.northwestern.edu/)), and connect with like-minded students and professionals who share your passion.
* Come with a team or we'll help you form one there. You'll work for two days on a problem provided by NASA and present your solution in front of a panel of judges on October 6th.
* Browse the challenges from last year to get a feel for what this event is all about: [https://www.spaceappschallenge.org/nasa-space-apps-2024/challenges/](https://www.spaceappschallenge.org/nasa-space-apps-2024/challenges/) 

**Who is it for:**

* Anyone with an interest in space and science. With support from experienced technical and subject matter experts, it’s a great opportunity for those participating in a hackathon for the first time.
* Data and Computer Science students, engineers, or any students who are looking for a chance to solve real world problems with real world data provided by NASA and partner space agencies
* Students who are looking for a chance to add something interesting to their portfolios and do something different and exciting

**What else is in it for students:**

* Take home some cool swag!
* Food will be provided — no need to bring your own
* Network with professionals from companies like **Optiver, CBOE Global Markets, Elastic, Microsoft,** and more. They'll be recruiting, judging, and mentoring at the event. 
* This global competition is your opportunity to showcase your skills and ideas to a wide-reaching, influential audience. 
* **Registration link (went live earlier than expected):** [https://www.spaceappschallenge.org/2025/local-events/chicago/](https://www.spaceappschallenge.org/2025/local-events/chicago/)

**Contact:** [NASASpaceAppsChicago@gmail.com](mailto:NASASpaceAppsChicago@gmail.com)",NASA Space Apps Chicago hackathon registration is live!,null,2025-07-16T14:14:59.000Z,self,false,CRWCDM,https://www.reddit.com/user/CRWCDM,0,false,false,false,false,false,false,false,false,false,false,0,,12,0,0.93,false,false,,,false,false,0,false,,true,false,false,,,,,,2025-09-12T18:52:38.472Z,
https://www.reddit.com/r/uichicago/,1000,,uichicago,t5_2shzc,r/uichicago,https://www.reddit.com/r/uichicago,public,29115,https://www.reddit.com/r/uichicago/comments/1m13i9p/looking_to_get_a_head_start/,looking_to_get_a_head_start,"Hello once again to all my fellow engineering students, I am looking to get a head start since I have some down time from now to the start of the semester. If anyone has notes/slides/quizzes/test (from early in the semester) for any of the following classes if you can please dm me them. 

Math 310 (Linear algebra)
IE 201 (Financial Engineering)
ME 380 (Manufacturing Process Principles)
IE 342 (Probability and Statistics for Engineers)

Anything would be greatly appreciated just looking to make my first few weeks less rough if possible. 

GL to everyone this fall 
Thank you !!!",Looking to get a head start,Question,2025-07-16T04:35:15.000Z,self,false,LogicSpiral,https://www.reddit.com/user/LogicSpiral,1,false,false,false,false,false,false,false,false,false,false,0,,3,0,1,false,false,,,false,false,0,false,,true,false,false,,,,,,2025-09-12T18:52:38.472Z,
https://www.reddit.com/r/uichicago/,1000,,uichicago,t5_2shzc,r/uichicago,https://www.reddit.com/r/uichicago,public,29115,https://www.reddit.com/r/uichicago/comments/1m11eln/almost_forgot_to_post_this/,almost_forgot_to_post_this,"Walked in the all gender bathroom today and it smelled so bad. Some ssa hole wiped their ahh and decided to throw it in the trash. 

Mind you the toilet and toilet paper are quite a walk from this trash can.",Almost forgot to post this,Image,2025-07-16T02:46:09.000Z,nsfw,true,WolfonStateStreet,https://www.reddit.com/user/WolfonStateStreet,18,false,false,false,false,false,false,false,false,false,true,0,,0,0,0.39,true,false,,,false,false,0,false,,true,false,false,,,,,,2025-09-12T18:52:38.472Z,
https://www.reddit.com/r/uichicago/,1000,,uichicago,t5_2shzc,r/uichicago,https://www.reddit.com/r/uichicago,public,29115,https://www.reddit.com/r/uichicago/comments/1m0z542/rate_my_schedule_as_a_cs_transfer_for_f25/,rate_my_schedule_as_a_cs_transfer_for_f25,"Please share any experiences or tips you have for such classes. Were they easy/ moderate? If we are sharing a class, please say HI I would love to connect. We can connect even if we are not sharing any classes.",Rate my schedule as a CS transfer for F25,null,2025-07-16T00:57:00.000Z,https://b.thumbs.redditmedia.com/rm2rli5yceGPUfuGxfGR-O1T9D0hv6hbe-bsAY-tpRw.jpg,true,RespondJazzlike8295,https://www.reddit.com/user/RespondJazzlike8295,11,false,false,false,false,false,false,false,false,false,false,0,,1,0,1,true,false,,,false,false,0,false,,true,false,false,,,,,,2025-09-12T18:52:38.472Z,
https://www.reddit.com/r/uichicago/,1000,,uichicago,t5_2shzc,r/uichicago,https://www.reddit.com/r/uichicago,public,29115,https://www.reddit.com/r/uichicago/comments/1m0ymoa/are_vaccines_required_for_attending_uic/,are_vaccines_required_for_attending_uic,One of my vaccines I got as a kid expired a few days before I sent in my vaccination cert. would I have to get a booster before I can attend? I see a hold on my account but I can register for classes as usual.,Are vaccines required for attending UIC?,Question,2025-07-16T00:32:10.000Z,self,false,SeriesInfamous4513,https://www.reddit.com/user/SeriesInfamous4513,2,false,false,false,false,false,false,false,false,false,false,0,,5,0,1,false,false,,,false,false,0,false,,true,false,false,,,,,,2025-09-12T18:52:38.472Z,
https://www.reddit.com/r/uichicago/,1000,,uichicago,t5_2shzc,r/uichicago,https://www.reddit.com/r/uichicago,public,29115,https://www.reddit.com/r/uichicago/comments/1m0xz2n/anyone_taking_hist_103_summer_pls_help/,anyone_taking_hist_103_summer_pls_help,,Anyone taking hist 103 summer? Pls help,Question,2025-07-16T00:01:50.000Z,self,false,Sea_Newspaper_8936,https://www.reddit.com/user/Sea_Newspaper_8936,0,false,false,false,false,false,false,false,false,false,false,0,,1,0,1,true,false,,,false,false,0,false,,true,false,false,,,,,,2025-09-12T18:52:38.473Z,
https://www.reddit.com/r/uichicago/,1000,,uichicago,t5_2shzc,r/uichicago,https://www.reddit.com/r/uichicago,public,29115,https://www.reddit.com/r/uichicago/comments/1m0k4vc/rate_my_schedule_pls/,rate_my_schedule_pls,This might change since i talked to the choral director about auditioning for choir the first week of school,Rate my schedule pls,null,2025-07-15T15:03:08.000Z,https://b.thumbs.redditmedia.com/GPsByPIBhwcxFlp-UOKVE9QO9vn7pzFmGHLRNPQrgRg.jpg,true,pandesalmama,https://www.reddit.com/user/pandesalmama,4,false,false,false,false,false,false,false,false,false,false,0,,2,0,1,false,false,,,false,false,0,false,,true,false,false,,,,,,2025-09-12T18:52:38.473Z,
https://www.reddit.com/r/uichicago/,1000,,uichicago,t5_2shzc,r/uichicago,https://www.reddit.com/r/uichicago,public,29115,https://www.reddit.com/r/uichicago/comments/1m091yn/rate_the_schedule_sophmore_btw/,rate_the_schedule_sophmore_btw,,Rate the schedule (sophmore btw),null,2025-07-15T05:05:02.000Z,https://b.thumbs.redditmedia.com/-D0X1ylqziP-J41YHCecM8b_2z7jqtgJEb-R4JFTSDM.jpg,true,Current-Ebb-5415,https://www.reddit.com/user/Current-Ebb-5415,6,false,false,false,false,false,false,false,false,false,false,0,,6,0,0.88,false,false,,,false,false,0,false,,true,false,false,,,,,,2025-09-12T18:52:38.473Z,
https://www.reddit.com/r/uichicago/,1000,,uichicago,t5_2shzc,r/uichicago,https://www.reddit.com/r/uichicago,public,29115,https://www.reddit.com/r/uichicago/comments/1m08kmp/rate_my_schedule/,rate_my_schedule,"for some context i'm a junior studying teaching of english, but i still have a couple gen eds i need to get out the way, hence anthropology and global environmental change. because of the gen eds i only have one english class going towards my major. the rest: joined choir because i wanted to and required language. this might be my most academically unfulfilling semester yet",rate my schedule,null,2025-07-15T04:38:21.000Z,https://b.thumbs.redditmedia.com/hz4tNoQJBKldnHd641N01WhI0bB2d5GgGFjYCljGUuM.jpg,true,st4rbl00m,https://www.reddit.com/user/st4rbl00m,1,false,false,false,false,false,false,false,false,false,false,0,,8,0,0.91,false,false,,,false,false,0,false,,true,false,false,,,,,,2025-09-12T18:52:38.473Z,
https://www.reddit.com/r/uichicago/,1000,,uichicago,t5_2shzc,r/uichicago,https://www.reddit.com/r/uichicago,public,29115,https://www.reddit.com/r/uichicago/comments/1m08883/sublease_available_410_s_morgan_st_the_letterman/,sublease_available_410_s_morgan_st_the_letterman,"Looking for someone (preferably male) to take over my lease for a 4x2 apartment at The Letterman, located at 410 S Morgan St – a prime location near UIC and public transit.

**Details:**

* Private bedroom in a 4 bed / 2 bath unit
* Building: The Letterman – clean, modern, student-friendly
* Rent: $975/month (willing to negotiate)
* Sublease starts August 1
* Lease term: 12 months
* Shared bathroom with one other person
* Fully furnished apartment and common areas
* Laundry room in the building
* Gym access included
* High-speed internet, modern kitchen appliances, spacious living area

Dm me if you are interested",Sublease Available – 410 S Morgan St | The Letterman Apartments,null,2025-07-15T04:19:20.000Z,self,false,Diligent-Designer958,https://www.reddit.com/user/Diligent-Designer958,3,false,false,false,false,false,false,false,false,false,false,0,,2,0,1,false,false,,,false,false,0,false,,true,false,false,,,,,,2025-09-12T18:52:38.473Z,
https://www.reddit.com/r/uichicago/,1000,,uichicago,t5_2shzc,r/uichicago,https://www.reddit.com/r/uichicago,public,29115,https://www.reddit.com/r/uichicago/comments/1lzs9x2/ece_340_vitali_extra_credit/,ece_340_vitali_extra_credit,Im a little confused on the grading and test corrections.  Lets say you got 85/100 and then you do test corrections and confirm that score. Does your extra credits points get applied to that final score?,ECE 340 Vitali Extra credit,null,2025-07-14T17:13:29.000Z,self,false,GreatPossible263,https://www.reddit.com/user/GreatPossible263,1,false,false,false,false,false,false,false,false,false,false,0,,2,0,1,false,false,,,false,false,0,false,,true,false,false,,,,,,2025-09-12T18:52:38.473Z,
https://www.reddit.com/r/uichicago/,1000,,uichicago,t5_2shzc,r/uichicago,https://www.reddit.com/r/uichicago,public,29115,https://www.reddit.com/r/uichicago/comments/1lzrl7y/studio_for_relet_available_1001/,studio_for_relet_available_1001,,Studio for Re-Let Available 10/01,Offer,2025-07-14T16:48:37.000Z,default,false,Pumpkin_Morning_8485,https://www.reddit.com/user/Pumpkin_Morning_8485,0,false,false,false,false,false,false,false,false,false,false,0,,1,0,1,true,false,,,false,false,0,false,,true,false,false,,,,,,2025-09-12T18:52:38.473Z,
https://www.reddit.com/r/uichicago/,1000,,uichicago,t5_2shzc,r/uichicago,https://www.reddit.com/r/uichicago,public,29115,https://www.reddit.com/r/uichicago/comments/1lzrkt6/looking_for_someone_to_take_my_letterman_lease/,looking_for_someone_to_take_my_letterman_lease,"Hey guys I’m unfortunately transferring schools due to family reasons and need someone to take over my lease at Letterman Apartments in Chicago (410 S Morgan St.)

Rent: $1065/month – includes ALL utilities (WiFi, water, electricity, etc.)

Roommates: 18–20-year-old females – looking for someone around the same age

Room: Fully furnished, private bedroom in a shared apartment with 2 other females


If you’re interested or have any questions, feel free to DM me or comment below!",Looking for someone to take my Letterman lease 18-20F only,null,2025-07-14T16:48:11.000Z,self,false,Equal_Potato,https://www.reddit.com/user/Equal_Potato,1,false,false,false,false,false,false,false,false,false,false,0,,1,0,0.67,true,false,,,false,false,0,false,,true,false,false,,,,,,2025-09-12T18:52:38.473Z,
https://www.reddit.com/r/uichicago/,1000,,uichicago,t5_2shzc,r/uichicago,https://www.reddit.com/r/uichicago,public,29115,https://www.reddit.com/r/uichicago/comments/1lz2rvw/how_cooked_am_i/,how_cooked_am_i,To my fellow engineering students is this too much ? The way I see it is 101 is hardly a class and 250 shouldn’t be too difficult. Any input would be greatly appreciated.,How cooked am I,Question,2025-07-13T20:20:29.000Z,https://b.thumbs.redditmedia.com/hEKiMpT9Ydj2-cizt3OA49Ad9nGOhPKQwmzTIMQLNdY.jpg,true,LogicSpiral,https://www.reddit.com/user/LogicSpiral,19,false,false,false,false,false,false,false,false,false,false,0,,16,0,0.81,false,false,,,false,false,0,false,,true,false,false,,,,,,2025-09-12T18:52:38.473Z,
https://www.reddit.com/r/uichicago/,1000,,uichicago,t5_2shzc,r/uichicago,https://www.reddit.com/r/uichicago,public,29115,https://www.reddit.com/r/uichicago/comments/1lz0bsq/any_tips_for_cell_bio_next_fall/,any_tips_for_cell_bio_next_fall,I am taking cell bio with aixa anyone have any tips it’s my first bio class at uic I am a freshman,Any tips for cell bio next fall,null,2025-07-13T18:41:31.000Z,self,false,SorryChampionship348,https://www.reddit.com/user/SorryChampionship348,3,false,false,false,false,false,false,false,false,false,false,0,,3,0,1,false,false,,,false,false,0,false,,true,false,false,,,,,,2025-09-12T18:52:38.473Z,
https://www.reddit.com/r/uichicago/,1000,,uichicago,t5_2shzc,r/uichicago,https://www.reddit.com/r/uichicago,public,29115,https://www.reddit.com/r/uichicago/comments/1lyzac5/dimensions_of_jst_shower/,dimensions_of_jst_shower,I’m shopping for a shower curtain for when I move in this fall. What should the height of the curtain be? I was thinking 80” but there’s also 77” and 86” available. I don’t want it to droop on the floor but I also don’t want it to be too high either,Dimensions of JST shower?,Question,2025-07-13T17:59:21.000Z,https://b.thumbs.redditmedia.com/8SgYz45yQ4mqwgHB4tKVW98379Se5Jb0yh6ll44B1mE.jpg,true,Ol_Sam,https://www.reddit.com/user/Ol_Sam,2,false,false,false,false,false,false,false,false,false,false,0,,1,0,0.67,true,false,,,false,false,0,false,,true,false,false,,,,,,2025-09-12T18:52:38.474Z,
https://www.reddit.com/r/uichicago/,1000,,uichicago,t5_2shzc,r/uichicago,https://www.reddit.com/r/uichicago,public,29115,https://www.reddit.com/r/uichicago/comments/1lyxiag/help_buying_a_laptop_for_the_college_of/,help_buying_a_laptop_for_the_college_of,"Hey guys I’m an incoming transfer student for the college of engineering. I just wanted to see if this was a good laptop that could handle everything for the college of engineering. Please let me know, or if there are any other recommendations, Thank you!",Help buying a laptop for the college of engineering,Question,2025-07-13T16:47:41.000Z,https://b.thumbs.redditmedia.com/GEMc3qSTgFyZKHZG-BvnJjqvblRjy3nNYNDpDtRol7U.jpg,true,Lazy-Click-8019,https://www.reddit.com/user/Lazy-Click-8019,37,false,false,false,false,false,false,false,false,false,false,0,,4,0,0.61,false,false,,,false,false,0,false,,true,false,false,,,,,,2025-09-12T18:52:38.474Z,
https://www.reddit.com/r/uichicago/,1000,,uichicago,t5_2shzc,r/uichicago,https://www.reddit.com/r/uichicago,public,29115,https://www.reddit.com/r/uichicago/comments/1lyohcv/dorm_room_advice/,dorm_room_advice,I looked on the Uic website for info on my resident hall but I wanted opinions from actual students. Just how bad is commons west ?,Dorm room advice,null,2025-07-13T09:15:05.000Z,self,false,Odd_Option_3878,https://www.reddit.com/user/Odd_Option_3878,1,false,false,false,false,false,false,false,false,false,false,0,,2,0,0.75,false,false,,,false,false,0,false,,true,false,false,,,,,,2025-09-12T18:52:38.474Z,
https://www.reddit.com/r/uichicago/,1000,,uichicago,t5_2shzc,r/uichicago,https://www.reddit.com/r/uichicago,public,29115,https://www.reddit.com/r/uichicago/comments/1lynuva/does_uni_offer_spring_intake_for_intl_students/,does_uni_offer_spring_intake_for_intl_students,"Hey I’ve been considering of applying here (Intl), does the uni have spring intake, and are scholarships available, I’ve been seeing some that say there are and others say that there is none. 

Thankful for any type of response

Stats for reference if they might help:
1490 sat
4.3 gpa",Does uni offer spring intake for Intl students?,Question,2025-07-13T08:31:32.000Z,self,false,Got-EmmM,https://www.reddit.com/user/Got-EmmM,0,false,false,false,false,false,false,false,false,false,false,0,,1,0,0.67,true,false,,,false,false,0,false,,true,false,false,,,,,,2025-09-12T18:52:38.474Z,
https://www.reddit.com/r/uichicago/,1000,,uichicago,t5_2shzc,r/uichicago,https://www.reddit.com/r/uichicago,public,29115,https://www.reddit.com/r/uichicago/comments/1lygk4w/campus_care_in_tuition/,campus_care_in_tuition,"is campus care included in my tuition total in my financial aid package?

so my total is about $1k is the campus care included in that $1k? i’m trying to opt out and i wanted to see if i’m saving up more money than i need to",campus care in tuition,null,2025-07-13T01:24:51.000Z,self,false,Sad_Rule_2835,https://www.reddit.com/user/Sad_Rule_2835,3,false,false,false,false,false,false,false,false,false,false,0,,3,0,0.81,false,false,,,false,false,0,false,,true,false,false,,,,,,2025-09-12T18:52:38.474Z,
https://www.reddit.com/r/uichicago/,1000,,uichicago,t5_2shzc,r/uichicago,https://www.reddit.com/r/uichicago,public,29115,https://www.reddit.com/r/uichicago/comments/1lycifn/chem_123_summer_lab_data/,chem_123_summer_lab_data,"So I'm in the Chem 123 summer session lab. I wasn't able to complete the Serum Albumin lab on time, or get all the photos from the spectrophotometer for the Sectrophotometry of a Hydrate lab. I wasn't able to get the data from my TA, and they're transferring out for a new one starting next Monday. Though, that'll be when the due date is past for my labs. Was wondering if anyone was given the data for the labs before he left?",Chem 123 summer lab data,Question,2025-07-12T22:09:11.000Z,self,false,AngelLuke6,https://www.reddit.com/user/AngelLuke6,4,false,false,false,false,false,false,false,false,false,false,0,,2,0,1,false,false,,,false,false,0,false,,true,false,false,,,,,,2025-09-12T18:52:38.474Z,
https://www.reddit.com/r/uichicago/,1000,,uichicago,t5_2shzc,r/uichicago,https://www.reddit.com/r/uichicago,public,29115,https://www.reddit.com/r/uichicago/comments/1lyaqn2/anyone_get_into_med_school_with_pharmacy_tech_as/,anyone_get_into_med_school_with_pharmacy_tech_as,"Hi everyone,
I’ve been working as a pharmacy technician for the past 2 years and I’m currently preparing to apply to medical school. I do interact with patients regularly, answering questions, sometimes calling doctors for clarification, etc.

I know that med schools usually look for clinical experience with direct patient interaction, but I’m not sure if my job fully counts or if I need to add more shadowing or clinical volunteering to strengthen my application.

Has anyone here gotten into med school (MD or DO) with pharmacy tech as part of their clinical experience?
Would love to hear what worked for you — and what other clinical activities you added to your application (if any). Thanks in advance!",Anyone get into med school with pharmacy tech as clinical experience?,Question,2025-07-12T20:48:50.000Z,self,false,Healthy_Crew5417,https://www.reddit.com/user/Healthy_Crew5417,0,false,false,false,false,false,false,false,false,false,false,0,,7,0,1,false,false,,,false,false,1,false,,true,false,false,,,,,,2025-09-12T18:52:38.474Z,
https://www.reddit.com/r/uichicago/,1000,,uichicago,t5_2shzc,r/uichicago,https://www.reddit.com/r/uichicago,public,29115,https://www.reddit.com/r/uichicago/comments/1ly8b5o/mscs_deferral_deadline/,mscs_deferral_deadline,"Hey all,

When is the last date to defer fall admit to spring 26 for CS grad students? The ois was like sept 7th but does it depend on department as well?",MSCS deferral deadline!!!,null,2025-07-12T19:04:06.000Z,self,false,MaintenanceTough7851,https://www.reddit.com/user/MaintenanceTough7851,0,false,false,false,false,false,false,false,false,false,false,0,,1,0,1,true,false,,,false,false,0,false,,true,false,false,,,,,,2025-09-12T18:52:38.474Z,
https://www.reddit.com/r/uichicago/,1000,,uichicago,t5_2shzc,r/uichicago,https://www.reddit.com/r/uichicago,public,29115,https://www.reddit.com/r/uichicago/comments/1lxtm4a/look_for_video_editor_paid/,look_for_video_editor_paid,"Looking for a video editor for my upcoming commentary and gameplay content. Mostly FC, but looking to play other games too. DM if you're interested I can send you a link to my channel.",Look for video editor (paid),null,2025-07-12T06:29:36.000Z,self,false,4fortyfour,https://www.reddit.com/user/4fortyfour,4,false,false,false,false,false,false,false,false,false,false,0,,1,0,0.67,true,false,,,false,false,0,false,,true,false,false,,,,,,2025-09-12T18:52:38.475Z,
https://www.reddit.com/r/uichicago/,1000,,uichicago,t5_2shzc,r/uichicago,https://www.reddit.com/r/uichicago,public,29115,https://www.reddit.com/r/uichicago/comments/1lxlp10/halsted_parking_garage/,halsted_parking_garage,How is parking at the variable rate garage during weekdays during the semester? I previously had the annual parking pass but I am only attending classes on Tuesday 11am-2pm and Saturday 9am-noon this semester. So I would save around $100 this semester by just paying the hourly rate. Will I struggle to find a spot on Tuesdays? Can I purchase the daily coupon books and use them at the Halsted garage?,Halsted parking garage,Question,2025-07-11T23:29:00.000Z,self,false,nicole7122,https://www.reddit.com/user/nicole7122,3,false,false,false,false,false,false,false,false,false,false,0,,1,0,1,true,false,,,false,false,0,false,,true,false,false,,,,,,2025-09-12T18:52:38.475Z,
https://www.reddit.com/r/uichicago/,1000,,uichicago,t5_2shzc,r/uichicago,https://www.reddit.com/r/uichicago,public,29115,https://www.reddit.com/r/uichicago/comments/1lxjxp8/is_mymicrofridge_a_reliable_place_to_rent/,is_mymicrofridge_a_reliable_place_to_rent,should i rent microwave and fridge from mymicrofridge?  I will be coming from out of country ( not international student) so buying one would be a bit difficult.,Is mymicrofridge a reliable place to rent?,Question,2025-07-11T22:10:34.000Z,self,false,Accomplished-Goal279,https://www.reddit.com/user/Accomplished-Goal279,8,false,false,false,false,false,false,false,false,false,false,0,,3,0,1,false,false,,,false,false,0,false,,true,false,false,,,,,,2025-09-12T18:52:38.475Z,
https://www.reddit.com/r/uichicago/,1000,,uichicago,t5_2shzc,r/uichicago,https://www.reddit.com/r/uichicago,public,29115,https://www.reddit.com/r/uichicago/comments/1lxjun1/is_there_a_dining_hall_at_polk_street_residence/,is_there_a_dining_hall_at_polk_street_residence,"Is there a dining hall at psr? If no what should i do as the other cafes are a bit far to walk, don't wanna go far at night for food.

Need some advice to survive ,-,",is there a Dining hall at Polk street residence?,Question,2025-07-11T22:06:53.000Z,self,false,Accomplished-Goal279,https://www.reddit.com/user/Accomplished-Goal279,17,false,false,false,false,false,false,false,false,false,false,0,,2,0,0.76,false,false,,,false,false,0,false,,true,false,false,,,,,,2025-09-12T18:52:38.475Z,
https://www.reddit.com/r/uichicago/,1000,,uichicago,t5_2shzc,r/uichicago,https://www.reddit.com/r/uichicago,public,29115,https://www.reddit.com/r/uichicago/comments/1lxix5f/uic_flames_football_college_football_26/,uic_flames_football_college_football_26,"Created UIC Flames Football team for the new College Football 26 game.  Free to download on Xbox/PS5.  Username : LuvMyXBOXPS5.  

Some in game screenshots -



[Home Jerseys](https://preview.redd.it/1yh7frwxbbcf1.png?width=640&amp;format=png&amp;auto=webp&amp;s=190531ac6eed501a7ef053c17523f5f1b7217c1e)

[Away Jerseys](https://preview.redd.it/1q2ls8bzbbcf1.png?width=640&amp;format=png&amp;auto=webp&amp;s=0bff9a9c6865a9d51de2db57119163d9e6009593)

[Chicago Pride Jerseys](https://preview.redd.it/qydwir60cbcf1.png?width=640&amp;format=png&amp;auto=webp&amp;s=3dcc13698e96577503b62268669dcae9acb4e284)

[Throwback Jeresys](https://preview.redd.it/cy1whss1cbcf1.png?width=640&amp;format=png&amp;auto=webp&amp;s=605ee106f794ae60b80dd572c5ec4931e664f91a)",UIC Flames Football - College Football 26,null,2025-07-11T21:27:28.000Z,https://b.thumbs.redditmedia.com/dXDoBwa2T1trBp9Vx-9wihzolRksZH4pEX9cr0c9Clg.jpg,false,OkFlow4327,https://www.reddit.com/user/OkFlow4327,1,false,false,false,false,false,false,false,false,false,false,0,,19,0,0.95,false,false,,,false,false,0,false,,true,false,false,,,,,,2025-09-12T18:52:38.475Z,
https://www.reddit.com/r/uichicago/,1000,,uichicago,t5_2shzc,r/uichicago,https://www.reddit.com/r/uichicago,public,29115,https://www.reddit.com/r/uichicago/comments/1lxe7wr/uic_ghosted_me/,uic_ghosted_me,"I applied for UIC back in April for as a transfer. My GPA is above 3.80 and to this day I haven’t heard a thing from admissions. Not even a rejection email. 

I’m heartbroken and sad and it’s July now so I doubt it would even make any sense to reach out. They practically just took my money for application fees and didn’t say a thing.",UIC ghosted me,null,2025-07-11T18:18:03.000Z,self,false,darkdynastyking,https://www.reddit.com/user/darkdynastyking,12,false,false,false,false,false,false,false,false,false,false,0,,24,0,0.85,false,false,,,false,false,0,false,,true,false,false,,,,,,2025-09-12T18:52:38.475Z,
https://www.reddit.com/r/uichicago/,1000,,uichicago,t5_2shzc,r/uichicago,https://www.reddit.com/r/uichicago,public,29115,https://www.reddit.com/r/uichicago/comments/1lxdx2m/cant_reset_email_password/,cant_reset_email_password,I seemingly cannot reset my email password(the one used to log into my uic). I tried calling the IT help desk number and the number got me nowhere. I’ve changed my NetID password to try and get into my account (via the change password link) and nothing. Any ideas on what to do? I’m thinking of heading to UIC in person to try and reset it. Thanks!,Can’t reset email password,Question,2025-07-11T18:06:12.000Z,self,false,Hopeful_Fee_5907,https://www.reddit.com/user/Hopeful_Fee_5907,2,false,false,false,false,false,false,false,false,false,false,0,,1,0,1,true,false,,,false,false,0,false,,true,false,false,,,,,,2025-09-12T18:52:38.475Z,
https://www.reddit.com/r/uichicago/,1000,,uichicago,t5_2shzc,r/uichicago,https://www.reddit.com/r/uichicago,public,29115,https://www.reddit.com/r/uichicago/comments/1lxdhbi/should_i_take_lynette_jackson_for_sj_101/,should_i_take_lynette_jackson_for_sj_101,"Looking to get a CUPPA minor, but not sure which one. I am divided between Social Justice, Public Policy, and Non-Profit Management. I am a DS major with Public Affairs and Urban Planning concentration. Would you all recommend I take Lynete Jacskon for SJ 101 or possible another CUPPA class that focuses on inequality and social reform?",Should I take Lynette Jackson for SJ 101?,Question,2025-07-11T17:49:19.000Z,self,false,MaintenanceFormal960,https://www.reddit.com/user/MaintenanceFormal960,0,false,false,false,false,false,false,false,false,false,false,0,,2,0,1,false,false,,,false,false,0,false,,true,false,false,,,,,,2025-09-12T18:52:38.475Z,
https://www.reddit.com/r/uichicago/,1000,,uichicago,t5_2shzc,r/uichicago,https://www.reddit.com/r/uichicago,public,29115,https://www.reddit.com/r/uichicago/comments/1lxctta/stat_130_with_embers/,stat_130_with_embers,How is this class and how hard or easy is it to achieve an A?,Stat 130 with embers,Question,2025-07-11T17:23:28.000Z,self,false,sicarioator,https://www.reddit.com/user/sicarioator,0,false,false,false,false,false,false,false,false,false,false,0,,1,0,1,true,false,,,false,false,0,false,,true,false,false,,,,,,2025-09-12T18:52:38.475Z,
https://www.reddit.com/r/uichicago/,1000,,uichicago,t5_2shzc,r/uichicago,https://www.reddit.com/r/uichicago,public,29115,https://www.reddit.com/r/uichicago/comments/1lxclz8/does_upass_allow_me_to_get_free_rides_for_the/,does_upass_allow_me_to_get_free_rides_for_the,"hi I commute from naperville and use the pace bus regularly (a suburban public transit bus in chicago suburbs) to get to a metra station to get to UIC.

Does the UPASS+ allow me to get free pace rides? (asking since it gives free CTA rides and it's a bit vague on the website)",does UPASS+ allow me to get free rides for the Pace Suburban buses?,Question,2025-07-11T17:15:09.000Z,self,false,urgirlzam,https://www.reddit.com/user/urgirlzam,9,false,false,false,false,false,false,false,false,false,false,0,,4,0,0.83,false,false,,,false,false,0,false,,true,false,false,,,,,,2025-09-12T18:52:38.475Z,
https://www.reddit.com/r/uichicago/,1000,,uichicago,t5_2shzc,r/uichicago,https://www.reddit.com/r/uichicago,public,29115,https://www.reddit.com/r/uichicago/comments/1lxb7he/blaze_or_ignite_meal_plan/,blaze_or_ignite_meal_plan,should i choose blaze meal plan or ignite meal plan as i am living at psr?,blaze or ignite meal plan,null,2025-07-11T16:21:08.000Z,self,false,Accomplished-Goal279,https://www.reddit.com/user/Accomplished-Goal279,1,false,false,false,false,false,false,false,false,false,false,0,,0,0,0.33,true,false,,,false,false,0,false,,true,false,false,,,,,,2025-09-12T18:52:38.475Z,
https://www.reddit.com/r/uichicago/,1000,,uichicago,t5_2shzc,r/uichicago,https://www.reddit.com/r/uichicago,public,29115,https://www.reddit.com/r/uichicago/comments/1lwrsu9/uic_online_mha_prgram/,uic_online_mha_prgram,"Looking for any insights on the UIC Online MHA program. If anyone has experiences, stories, pros / cons. I would love to hear it. I applied and waiting for an answer.",UIC Online MHA Prgram,Question,2025-07-10T23:35:49.000Z,self,false,technologyperson,https://www.reddit.com/user/technologyperson,0,false,false,false,false,false,false,false,false,false,false,0,,1,0,1,true,false,,,false,false,0,false,,true,false,false,,,,,,2025-09-12T18:52:38.476Z,
https://www.reddit.com/r/uichicago/,1000,,uichicago,t5_2shzc,r/uichicago,https://www.reddit.com/r/uichicago,public,29115,https://www.reddit.com/r/uichicago/comments/1lwqxx0/improved_my_schedule_as_incoming_freshman/,improved_my_schedule_as_incoming_freshman,"Is this schedule good i can take out criminology and add a online gen ed course and i can also move ece to 3 pm at monday. 

Btw im living at PSR 

  
need advice",improved my schedule as incoming freshman,null,2025-07-10T22:58:40.000Z,https://b.thumbs.redditmedia.com/heyuWjuPv3_e9IrKLVL3APCgCKW0_iTwhjvyOHnL0gU.jpg,true,Accomplished-Goal279,https://www.reddit.com/user/Accomplished-Goal279,2,false,false,false,false,false,false,false,false,false,false,0,,4,0,0.84,false,false,,,false,false,0,false,,true,false,false,,,,,,2025-09-12T18:52:38.476Z,
https://www.reddit.com/r/uichicago/,1000,,uichicago,t5_2shzc,r/uichicago,https://www.reddit.com/r/uichicago,public,29115,https://www.reddit.com/r/uichicago/comments/1lwovzw/anxiety_about_making_friends_as_a_22_yr_finishing/,anxiety_about_making_friends_as_a_22_yr_finishing,"I will probably graduate at the age of 23-24 with my bachelors, I have a lot of anxiety with making friends and romantic relationships, I feel like I won’t blend in with the rest of the college kids that are 18-20, I feel like people won’t include me in hangouts or events when because of that.
This anxiety takes a huge toll on me, I know it sounds ridiculous but im anxious about revealing my age to like 18-20 yrs that are about to graduate with their bachelors. 

Especially romantic relationships, I don’t know if a girl 18-20yr girls would date someone that is 2 years older.",Anxiety about making friends as a 22 yr finishing bachelors,null,2025-07-10T21:32:18.000Z,self,false,Fickle-Method7753,https://www.reddit.com/user/Fickle-Method7753,19,false,false,false,false,false,false,false,false,false,false,0,,35,0,0.95,false,false,,,false,false,0,false,,true,false,false,,,,,,2025-09-12T18:52:38.476Z,
https://www.reddit.com/r/uichicago/,1000,,uichicago,t5_2shzc,r/uichicago,https://www.reddit.com/r/uichicago,public,29115,https://www.reddit.com/r/uichicago/comments/1lwmhph/i_failed_chem_and_physics_class/,i_failed_chem_and_physics_class,So I failed gen chem and physics (by 0.012% to be exact) I am not looking at where else to take these classes has anyone else taken these classes at Oakton community college? Are the professors there any more generous? And was the material as hard as in uic?,I failed chem and physics class,null,2025-07-10T19:57:25.000Z,self,false,Plastic-Insurance801,https://www.reddit.com/user/Plastic-Insurance801,8,false,false,false,false,false,false,false,false,false,false,0,,7,0,1,false,false,,,false,false,0,false,,true,false,false,,,,,,2025-09-12T18:52:38.476Z,
https://www.reddit.com/r/uichicago/,1000,,uichicago,t5_2shzc,r/uichicago,https://www.reddit.com/r/uichicago,public,29115,https://www.reddit.com/r/uichicago/comments/1lwhfbf/university_meal_plan_and_residential_meal_plan/,university_meal_plan_and_residential_meal_plan,"I am incoming freshman who will live in psr.

I know that meal plans are not required but i am looking to get one. Should i get university community meal plan (blaze) or residential hall (ignite) what will be the better option",University meal plan and residential meal plan,Question,2025-07-10T16:39:15.000Z,self,false,Accomplished-Goal279,https://www.reddit.com/user/Accomplished-Goal279,3,false,false,false,false,false,false,false,false,false,false,0,,2,0,1,false,false,,,false,false,0,false,,true,false,false,,,,,,2025-09-12T18:52:38.476Z,
https://www.reddit.com/r/uichicago/,1000,,uichicago,t5_2shzc,r/uichicago,https://www.reddit.com/r/uichicago,public,29115,https://www.reddit.com/r/uichicago/comments/1lw8d08/meal_plans_for_incoming_freshman_living_at_psr/,meal_plans_for_incoming_freshman_living_at_psr,"I am incoming freshman who will live in psr.

I know that meal plans are not required but i am looking to get one. Should i get university community meal plan (blaze) or residential hall (ignite) what will be the better option",Meal plans for incoming freshman living at psr,null,2025-07-10T09:29:35.000Z,self,false,Accomplished-Goal279,https://www.reddit.com/user/Accomplished-Goal279,1,false,false,false,false,false,false,false,false,false,false,0,,1,0,0.67,true,false,,,false,false,0,false,,true,false,false,,,,,,2025-09-12T18:52:38.476Z,
https://www.reddit.com/r/uichicago/,1000,,uichicago,t5_2shzc,r/uichicago,https://www.reddit.com/r/uichicago,public,29115,https://www.reddit.com/r/uichicago/comments/1lw3aiu/tips_and_tricks_for_chem_232/,tips_and_tricks_for_chem_232,"Hi everyone! So I'm an incoming freshman that may be taking Chem 232 this fall. Like many, I've heard plenty of horror stories regarding Organic Chem, and I just want to know if there is anyone that has taken the class that would be able to recommend professors or give tips and tricks to succeeding in the class. I am premed, so I would love to start off strong and am aiming for an A.

I just want to know if I am being a bit too ambitious here and just setting myself up for failure or if I really should be taking this class. I mentioned to my academic advisor that I am planning to submit AP scores, and he told me I should take the higher class so that I don't take a class I already earned credit for...but I also know that sometimes they don't have your best interest in mind. I only earned a 4 on the AP Chem exam (even though I felt confident in it) and that really hurt my confidence a little bit. I wouldn't say I'm the smartest student. I tend to struggle a bit more than the naturally gifted kids that get things right on the first try. I would love to hear what you have to say, so please let me know your honest thoughts.",Tips and Tricks for Chem 232?,Question,2025-07-10T04:05:29.000Z,self,false,Particular-Leek-3142,https://www.reddit.com/user/Particular-Leek-3142,3,false,false,false,false,false,false,false,false,false,false,0,,1,0,1,true,false,,,false,false,0,false,,true,false,false,,,,,,2025-09-12T18:52:38.476Z,
https://www.reddit.com/r/uichicago/,1000,,uichicago,t5_2shzc,r/uichicago,https://www.reddit.com/r/uichicago,public,29115,https://www.reddit.com/r/uichicago/comments/1lw26n7/a_in_chem_122123/,a_in_chem_122123,Does anyone have any tips about how to get an A in chem 122/123. For context my profs are Rita Hatfield and Donaldo wink and I got a C in 101.,A in chem 122/123,Question,2025-07-10T03:06:08.000Z,self,false,sicarioator,https://www.reddit.com/user/sicarioator,6,false,false,false,false,false,false,false,false,false,false,0,,1,0,0.67,true,false,,,false,false,0,false,,true,false,false,,,,,,2025-09-12T18:52:38.476Z,
https://www.reddit.com/r/uichicago/,1000,,uichicago,t5_2shzc,r/uichicago,https://www.reddit.com/r/uichicago,public,29115,https://www.reddit.com/r/uichicago/comments/1lvzkju/camp_fire_counselor/,camp_fire_counselor,Has anyone here been a summer camp counselor for camp fire?? If so lmk if its worth it. Or if its like fun yk??,Camp Fire Counselor?!?!,Question,2025-07-10T00:56:47.000Z,self,false,NooEconomics,https://www.reddit.com/user/NooEconomics,0,false,false,false,false,false,false,false,false,false,false,0,,1,0,1,true,false,,,false,false,0,false,,true,false,false,,,,,,2025-09-12T18:52:38.476Z,
https://www.reddit.com/r/uichicago/,1000,,uichicago,t5_2shzc,r/uichicago,https://www.reddit.com/r/uichicago,public,29115,https://www.reddit.com/r/uichicago/comments/1lvc5qc/ms_in_health_data_science_program/,ms_in_health_data_science_program,"Hello everyone 
I am currently looking into getting my master degree and my statistics and I see that UIC has a program with a concentration and health data science I was wondering if anybody is currently a student in the program and has any more information for me.
I want to know more about how competitive and rigorous the program is as well as what information is good to have as background.
I'm coming from a BS in Biology Background and I'm looking to transition into a new field.
Also what do classes and schedule look like as well.",MS in Health Data Science Program,null,2025-07-09T06:58:08.000Z,self,false,Cuteash2612,https://www.reddit.com/user/Cuteash2612,0,false,false,false,false,false,false,false,false,false,false,0,,0,0,0.5,true,false,,,false,false,0,false,,true,false,false,,,,,,2025-09-12T18:52:38.477Z,
https://www.reddit.com/r/uichicago/,1000,,uichicago,t5_2shzc,r/uichicago,https://www.reddit.com/r/uichicago,public,29115,https://www.reddit.com/r/uichicago/comments/1lv6cl9/how_much_does_tuition_cost_for_international/,how_much_does_tuition_cost_for_international,"I plan to apply to UIC for the 2026 spring intake. Governors State University, Northeastern Illinois University, and the University of Texas at San Antonio are the three universities I am considering alongside UIC. Any suggestions, please?",How much does tuition cost for international students pursuing an MS in computer science?,Discussion,2025-07-09T01:33:29.000Z,self,false,MediumDistinct4140,https://www.reddit.com/user/MediumDistinct4140,4,false,false,false,false,false,false,false,false,false,false,0,,6,0,0.8,false,false,,,false,false,0,false,,true,false,false,,,,,,2025-09-12T18:52:38.477Z,
https://www.reddit.com/r/uichicago/,1000,,uichicago,t5_2shzc,r/uichicago,https://www.reddit.com/r/uichicago,public,29115,https://www.reddit.com/r/uichicago/comments/1lv4v9f/offcampus_housing_for_students/,offcampus_housing_for_students,"Hi, where do I go to find off campus housing near UIC that’s student friendly (cheap, maybe other folks from UIC are looking for roommates, etc).

I’m in my third year, and am debating between staying in a dorm in campus or going off campus, but don’t know where to look for off-campus housing options. 

TIA",Off-campus housing for students?,Question,2025-07-09T00:21:40.000Z,self,false,Jshazam95,https://www.reddit.com/user/Jshazam95,12,false,false,false,false,false,false,false,false,false,false,0,,4,0,0.83,false,false,,,false,false,0,false,,true,false,false,,,,,,2025-09-12T18:52:38.477Z,
https://www.reddit.com/r/uichicago/,1000,,uichicago,t5_2shzc,r/uichicago,https://www.reddit.com/r/uichicago,public,29115,https://www.reddit.com/r/uichicago/comments/1lv1vww/what_meal_plan_should_i_get/,what_meal_plan_should_i_get,"PLEASE HELP ME DECIDE ON A MEAL PLAN!! I'm currently debating between Ignite 160 and Ignite 15. I usually eat about two meals daily, but I'll occasionally eat three. I plan on staying on campus (mostly) on the weekends rather than going home, if that helps. I had the dining hall food when I had orientation, and wasn't a big fan of how the food tasted/how unhealthy it was. I'm leaning towards Ignite 160 because of the $750 Flames fares. What are your experiences, and what do you suggest? Cost isn't a problem here, but I also don't want my meal swipes to go to waste. Also, can I use the Flames fares at non-food locations, and if so, what locations? And do y'all know how the meal exchanges work? 

https://preview.redd.it/xkvvcooo4qbf1.png?width=982&amp;format=png&amp;auto=webp&amp;s=67c1a7ffb60f31ea6634e13e65fc1f0e9d90e767",What meal plan should I get?,Discussion,2025-07-08T22:08:38.000Z,https://b.thumbs.redditmedia.com/ZBI-a06oyLyjAkXYnLgtM1IMEHMNssCQ7_iUxgScEvA.jpg,false,Proof-Spite2679,https://www.reddit.com/user/Proof-Spite2679,6,false,false,false,false,false,false,false,false,false,false,0,,4,0,0.75,false,false,,,false,false,0,false,,true,false,false,,,,,,2025-09-12T18:52:38.477Z,
https://www.reddit.com/r/uichicago/,1000,,uichicago,t5_2shzc,r/uichicago,https://www.reddit.com/r/uichicago,public,29115,https://www.reddit.com/r/uichicago/comments/1lv1kmt/does_anyone_have_practice_tests_for_bio_220/,does_anyone_have_practice_tests_for_bio_220,Hello I am gonna take genetics this fall any tests tips and tricks for it also couldn’t find any info on the new teacher kukday sayali shrikant if anyone know things,Does anyone have practice tests for bio 220 genetics with Kukday,Question,2025-07-08T21:55:50.000Z,self,false,SorryChampionship348,https://www.reddit.com/user/SorryChampionship348,3,false,false,false,false,false,false,false,false,false,false,0,,2,0,0.75,false,false,,,false,false,0,false,,true,false,false,,,,,,2025-09-12T18:52:38.477Z,
https://www.reddit.com/r/uichicago/,1000,,uichicago,t5_2shzc,r/uichicago,https://www.reddit.com/r/uichicago,public,29115,https://www.reddit.com/r/uichicago/comments/1lv0nlp/please_help_with_dorm_rent/,please_help_with_dorm_rent,"I am an incoming freshman can somebody tell me the prices of dorms the cheaper ones , how much they would cost me for 1 academic year please.",Please help with dorm rent.,Question,2025-07-08T21:18:04.000Z,self,false,Remarkable-Salad6416,https://www.reddit.com/user/Remarkable-Salad6416,4,false,false,false,false,false,false,false,false,false,false,0,,0,0,0.2,true,false,,,false,false,0,false,,true,false,false,,,,,,2025-09-12T18:52:38.477Z,
https://www.reddit.com/r/uichicago/,1000,,uichicago,t5_2shzc,r/uichicago,https://www.reddit.com/r/uichicago,public,29115,https://www.reddit.com/r/uichicago/comments/1luuaaw/what_happens_if_i_ignore_a_500_housing/,what_happens_if_i_ignore_a_500_housing,"I got into another university and decided not to attend the one I initially committed to. However, I had signed a Fall Housing Contract with the first school earlier this year.

I submitted an appeal to waive the $500 cancellation fee, but it got denied. Their reasoning was that transferring to another university isn’t considered an “unforeseeable” circumstance under their policy.

Here’s the thing:
	•	I never moved in or used the housing.
	•	I haven’t paid any housing fees, not even the deposit or the $500 cancellation fee.
	•	I’m no longer attending that university, nor do I plan to ever go back.
	•	I submitted my new university’s admit letter as documentation, which they rejected.
	•	I don’t care about transcripts, credits, or enrollment status from that institution.

So what happens if I just ignore this fee?
Can they send it to collections? Would it mess with my credit score? Or do universities usually drop things like this if you never actually used the housing?","What happens if I ignore a $500 housing cancellation fee? (I never moved in, and I’m not attending the university anymore)",Question,2025-07-08T17:13:13.000Z,self,false,Sufficient-Detail976,https://www.reddit.com/user/Sufficient-Detail976,72,false,false,false,false,false,false,false,false,false,false,0,,10,0,0.73,false,false,,,false,false,0,false,,true,false,false,,,,,,2025-09-12T18:52:38.477Z,
https://www.reddit.com/r/uichicago/,1000,,uichicago,t5_2shzc,r/uichicago,https://www.reddit.com/r/uichicago,public,29115,https://www.reddit.com/r/uichicago/comments/1luitgv/clubs_and_events_in_summer/,clubs_and_events_in_summer,"Hello guys, I'm here for summer school and loving the vibe so far, but I'm not sure where to find clubs or activities that are still active over the summer. Are there any clubs, events or hidden spots on campus where people hang out?

I'm down for anything-board or video games, outdoors activities, music, and I’m really interested to find photography club. Or if there's a group chat/Disord for summer students, point me there! Thanks for advice.",Clubs and events in summer,null,2025-07-08T07:56:50.000Z,self,false,Puzzleheaded_Bit1022,https://www.reddit.com/user/Puzzleheaded_Bit1022,1,false,false,false,false,false,false,false,false,false,false,0,,2,0,0.63,false,false,,,false,false,0,false,,true,false,false,,,,,,2025-09-12T18:52:38.477Z,
https://www.reddit.com/r/uichicago/,1000,,uichicago,t5_2shzc,r/uichicago,https://www.reddit.com/r/uichicago,public,29115,https://www.reddit.com/r/uichicago/comments/1luhgsz/chance_of_getting_a_2b_apartment_in_tbh_or_mrh/,chance_of_getting_a_2b_apartment_in_tbh_or_mrh,"Hello, I just wanted to get to know if I apply for campus housing right now (July 8th), what are my chances of getting a room in the 2bedroom or a studio in Thomas Bekham hall or Marie Robinson Hall?",Chance of getting a 2b apartment in TBH or MRH?,Question,2025-07-08T06:25:56.000Z,self,false,DevBose,https://www.reddit.com/user/DevBose,4,false,false,false,false,false,false,false,false,false,false,0,,0,0,0.4,true,false,,,false,false,0,false,,true,false,false,,,,,,2025-09-12T18:52:38.477Z,
https://www.reddit.com/r/uichicago/,1000,,uichicago,t5_2shzc,r/uichicago,https://www.reddit.com/r/uichicago,public,29115,https://www.reddit.com/r/uichicago/comments/1lug2yf/rate_my_schedule/,rate_my_schedule,For context: cs major transfer,Rate my schedule,null,2025-07-08T04:59:46.000Z,https://b.thumbs.redditmedia.com/I8HiUv-V38vldgks0aKOvNPKpLqhy8fLUDSfqaGDBGQ.jpg,true,davidat21,https://www.reddit.com/user/davidat21,10,false,false,false,false,false,false,false,false,false,false,0,,10,0,0.92,false,false,,,false,false,0,false,,true,false,false,,,,,,2025-09-12T18:52:38.477Z,
https://www.reddit.com/r/uichicago/,1000,,uichicago,t5_2shzc,r/uichicago,https://www.reddit.com/r/uichicago,public,29115,https://www.reddit.com/r/uichicago/comments/1lufsgl/duo_mobile_code/,duo_mobile_code,Hi all my brother recently went to orientation and didn't sign up for duo mobile or register for his classes. Is this something that happens in orientation now?  If anyone has it can you share the code for duo mobile?,Duo mobile code,Question,2025-07-08T04:42:34.000Z,self,false,optimal_mage,https://www.reddit.com/user/optimal_mage,3,false,false,false,false,false,false,false,false,false,false,0,,0,0,0.5,true,false,,,false,false,0,false,,true,false,false,,,,,,2025-09-12T18:52:38.478Z,
https://www.reddit.com/r/uichicago/,1000,,uichicago,t5_2shzc,r/uichicago,https://www.reddit.com/r/uichicago,public,29115,https://www.reddit.com/r/uichicago/comments/1lufj8p/uic_orientation_tomorrow/,uic_orientation_tomorrow,I have a orientation tomorrow at UIC and I’m in the LAS department and I’m kinda nervous to be in there. What I should be aware of and do I have to stay with my group?,UIC orientation tomorrow,Discussion,2025-07-08T04:28:23.000Z,self,false,FarCut3813,https://www.reddit.com/user/FarCut3813,22,false,false,false,false,false,false,false,false,false,false,0,,10,0,0.78,false,false,,,false,false,0,false,,true,false,false,,,,,,2025-09-12T18:52:38.478Z,
https://www.reddit.com/r/uichicago/,1000,,uichicago,t5_2shzc,r/uichicago,https://www.reddit.com/r/uichicago,public,29115,https://www.reddit.com/r/uichicago/comments/1luc3n1/has_anyone_been_a_camp_fire_counselor/,has_anyone_been_a_camp_fire_counselor,If so please dm me I want to see if it’s something fun I should do! Also let me know if you are a freshman and plan on going. Im currently a sophomore and I want to know if there’s any pros in becoming one :),Has anyone been a camp fire counselor??,Question,2025-07-08T01:32:55.000Z,self,false,NooEconomics,https://www.reddit.com/user/NooEconomics,0,false,false,false,false,false,false,false,false,false,false,0,,4,0,0.83,false,false,,,false,false,0,false,,true,false,false,,,,,,2025-09-12T18:52:46.624Z,
https://www.reddit.com/r/uichicago/,1000,,uichicago,t5_2shzc,r/uichicago,https://www.reddit.com/r/uichicago,public,29115,https://www.reddit.com/r/uichicago/comments/1luad7l/mastering_physics_hw_sucks_venting/,mastering_physics_hw_sucks_venting,"It's so stupid. i spend like 3+ hours on each assignment just to get a B or C and its all bc of ONE question or one PART of a question i get wrong and its like why did i pay $100 just for this bs just for the past exam the prof posted on bb (for free!) to be sm easier, tf  . and most of the time it will be the most random questions that are incredibly niche or hard to figure out without the hints, which for some reason are never given on the problems i ACTUALLY need them on. it somehow manages to be worse than mylab for the calc 1 and 2 classes here (thank god for calc 3), but then again they're made by the same people soooooo

and the grading is even more unfair. at least in calc i got retakes on the problems 

i love the prof tho, would recommend to anyone taking phys 141, although idk if he also teaches it in the fall/spring

thanks for listening yall, i have no one to talk to so i decided to vent here :)",Mastering physics hw sucks (venting),null,2025-07-08T00:10:30.000Z,self,false,coolpeanuts9,https://www.reddit.com/user/coolpeanuts9,3,false,false,false,false,false,false,false,false,false,false,0,,7,0,0.89,false,false,,,false,false,0,false,,true,false,false,,,,,,2025-09-12T18:52:46.624Z,
https://www.reddit.com/r/uichicago/,1000,,uichicago,t5_2shzc,r/uichicago,https://www.reddit.com/r/uichicago,public,29115,https://www.reddit.com/r/uichicago/comments/1lu757s/art_institute_entry/,art_institute_entry,Anyone know if we're still able to get free entry in summer time with our school id to the art institute?,Art institute entry,null,2025-07-07T21:49:56.000Z,self,false,kevin17re5,https://www.reddit.com/user/kevin17re5,1,false,false,false,false,false,false,false,false,false,false,0,,2,0,0.75,false,false,,,false,false,0,false,,true,false,false,,,,,,2025-09-12T18:52:46.624Z,
https://www.reddit.com/r/uichicago/,1000,,uichicago,t5_2shzc,r/uichicago,https://www.reddit.com/r/uichicago,public,29115,https://www.reddit.com/r/uichicago/comments/1lu6fep/curve_for_orgo_chemistry_lab/,curve_for_orgo_chemistry_lab,"For those who have taken orgo lab, is there a curve and how much is it approximately for a C or B? I am aware it differs from semester to semester but I’m currently taking it in the summer and I think I’m cooked. I did some quick potential calculations, my average will most likely be in the mid 60s which is normally a D in uncurved classes. Am I cooked?",Curve for orgo chemistry lab,Question,2025-07-07T21:21:12.000Z,self,false,DWK307,https://www.reddit.com/user/DWK307,0,false,false,false,false,false,false,false,false,false,false,0,,2,0,0.75,false,false,,,false,false,0,false,,true,false,false,,,,,,2025-09-12T18:52:46.624Z,
https://www.reddit.com/r/uichicago/,1000,,uichicago,t5_2shzc,r/uichicago,https://www.reddit.com/r/uichicago,public,29115,https://www.reddit.com/r/uichicago/comments/1lu4aqi/question_about_ap_credit/,question_about_ap_credit,"So i’m an incoming freshman and ap scores came out today, however I only see that I only got credit for spanish 104 when I should also get credit for spanish 202 since I got a 5 on the exam.  I also didn’t receive credit for some other tests I took.  Is it because my program/degree doesn’t require the classes I’d get the credits for? Im confused",Question about AP credit,Question,2025-07-07T19:59:06.000Z,self,false,WITHERDRAGONYT,https://www.reddit.com/user/WITHERDRAGONYT,1,false,false,false,false,false,false,false,false,false,false,0,,4,0,0.83,false,false,,,false,false,0,false,,true,false,false,,,,,,2025-09-12T18:52:46.624Z,
https://www.reddit.com/r/uichicago/,1000,,uichicago,t5_2shzc,r/uichicago,https://www.reddit.com/r/uichicago,public,29115,https://www.reddit.com/r/uichicago/comments/1lu2hsg/i_hate_handshake_rant/,i_hate_handshake_rant,"I hate it so much. It’s a complete sham. Despite what all the UIC staff will tell you, Handshake is NOT a convenient way to get a job. In fact, it’s the most mind-numbing and anti-consumer (for lack of a better term) job site ever. It’s so difficult to navigate, all I want is a campus job and yet my feed is flooded with everything off campus. Sometimes I get notifications from jobs ACROSS THE COUNTRY. It knows that I’m a UIC student, why would I care??? And while there is a hidden search bar, it’s pretty useless. Most campus employers don’t have listed jobs anyway. And the ones that do, will never see your application. You could click “apply” to 20 jobs and you’ll get lucky if a single one responds. 

New students: you know how all the staff have told you that Handshake will be one of your best recourses? That’s a total lie. If you don’t already have inside relations with an employer, you are utterly and completely fucked. It is a rigged and biased system. And sure, you may win the lottery and get a job purely from Handshake. But that is such a rare occurrence that expecting it to happen is laughable. I have never hated a school-affiliated service more in my entire life. 

I hope Handshake explodes into a thousand fiery infernos. Thank you for listening to my rant!",I HATE HANDSHAKE (rant),null,2025-07-07T18:49:41.000Z,self,false,Ol_Sam,https://www.reddit.com/user/Ol_Sam,18,false,false,false,false,false,false,false,false,false,false,0,,86,0,0.96,false,false,,,false,false,0,false,,true,false,false,,,,,,2025-09-12T18:52:46.624Z,
https://www.reddit.com/r/uichicago/,1000,,uichicago,t5_2shzc,r/uichicago,https://www.reddit.com/r/uichicago,public,29115,https://www.reddit.com/r/uichicago/comments/1lu1q4a/change_of_financial_situation_form/,change_of_financial_situation_form,"Hi everyone, I’m a UIC student and I’m submitting a change of financial situation form for FAFSA because I haven’t worked or had any income since August 2024. I’m wondering if UIC typically ask for bank statements in this situation, even if you don’t have a job or any deposits coming in. If they do ask for bank statements, is it okay to black out the account balance and just leave my name, dates, and transaction activity visible? Also, besides the personal statement, appeal form, are there any other documents they usually ask for when someone has had $0 income for several months and is being supported by their parents? Just trying to make sure I submit everything correctly and protect my privacy too—any help would be appreciated!",change of financial situation form,Question,2025-07-07T18:20:28.000Z,self,false,Federal_Village5170,https://www.reddit.com/user/Federal_Village5170,0,false,false,false,false,false,false,false,false,false,false,0,,1,0,0.57,false,false,,,false,false,0,false,,true,false,false,,,,,,2025-09-12T18:52:46.628Z,
https://www.reddit.com/r/uichicago/,1000,,uichicago,t5_2shzc,r/uichicago,https://www.reddit.com/r/uichicago,public,29115,https://www.reddit.com/r/uichicago/comments/1ltk5ve/best_internet_provider_in_little_italy/,best_internet_provider_in_little_italy,"Hi guys! I'll be moving to little italy in a month and was wondering if anyone has had any issues using xfinity in the area. If there's any other internet providers that work well in the area, I would also like to know. Thank you!",Best Internet Provider in Little Italy,null,2025-07-07T03:40:36.000Z,self,false,TaraTouche,https://www.reddit.com/user/TaraTouche,2,false,false,false,false,false,false,false,false,false,false,0,,3,0,0.71,false,false,,,false,false,0,false,,true,false,false,,,,,,2025-09-12T18:52:46.628Z,
https://www.reddit.com/r/uichicago/,1000,,uichicago,t5_2shzc,r/uichicago,https://www.reddit.com/r/uichicago,public,29115,https://www.reddit.com/r/uichicago/comments/1ltivsh/incoming_transfer_student_whats_the_dormscampus/,incoming_transfer_student_whats_the_dormscampus,I’m planning to transfer soon for my sophomore year (did my first yr in ccc) and I’m wondering what the students/community there is like? Any tips? i did a tour once but i wanted to know from actual students who go there.,Incoming Transfer Student — whats the dorms/campus community like in UIC?,Question,2025-07-07T02:31:42.000Z,self,false,Aeriichandesu,https://www.reddit.com/user/Aeriichandesu,0,false,false,false,false,false,false,false,false,false,false,0,,1,0,0.67,true,false,,,false,false,0,false,,true,false,false,,,,,,2025-09-12T18:52:46.628Z,
https://www.reddit.com/r/uichicago/,1000,,uichicago,t5_2shzc,r/uichicago,https://www.reddit.com/r/uichicago,public,29115,https://www.reddit.com/r/uichicago/comments/1ltb1u4/ui_payment_plan_details/,ui_payment_plan_details,"While putting your financial aid for a semester to enroll ur self in monthly plan, do you include ur federal loan and what if the estimate is wromg",Ui Payment Plan Details,null,2025-07-06T20:23:09.000Z,self,false,Accomplished-Goal279,https://www.reddit.com/user/Accomplished-Goal279,1,false,false,false,false,false,false,false,false,false,false,0,,8,0,0.91,false,false,,,false,false,0,false,,true,false,false,,,,,,2025-09-12T18:52:46.629Z,
https://www.reddit.com/r/uichicago/,1000,,uichicago,t5_2shzc,r/uichicago,https://www.reddit.com/r/uichicago,public,29115,https://www.reddit.com/r/uichicago/comments/1ltayx2/free_soccer_pickup_on_mondays/,free_soccer_pickup_on_mondays,I never heard of a soccer culture in the university but just in case someone likes to play soccer near UIC I found this https://opensports.net/posts/marquette-park-pickup-soccer-bggoLowht,Free soccer pickup on Monday’s,null,2025-07-06T20:19:43.000Z,self,false,verocxcrai,https://www.reddit.com/user/verocxcrai,1,false,false,false,false,false,false,false,false,false,false,0,,6,0,0.88,false,false,,,false,false,0,false,,true,false,false,,,,,,2025-09-12T18:52:46.629Z,
https://www.reddit.com/r/uichicago/,1000,,uichicago,t5_2shzc,r/uichicago,https://www.reddit.com/r/uichicago,public,29115,https://www.reddit.com/r/uichicago/comments/1ltare6/how_is_polk_street_residence/,how_is_polk_street_residence,Guys i got a private room in polk street residence. It was the only room available after days of not finding one. Can anyone till if its good or no and how far it is from campus.,How is polk street residence,Question,2025-07-06T20:10:52.000Z,self,false,Accomplished-Goal279,https://www.reddit.com/user/Accomplished-Goal279,19,false,false,false,false,false,false,false,false,false,false,0,,5,0,1,false,false,,,false,false,0,false,,true,false,false,,,,,,2025-09-12T18:52:46.629Z,
https://www.reddit.com/r/uichicago/,1000,,uichicago,t5_2shzc,r/uichicago,https://www.reddit.com/r/uichicago,public,29115,https://www.reddit.com/r/uichicago/comments/1lta09k/anyone_know_what_happened_at_halsted_and_maxwell/,anyone_know_what_happened_at_halsted_and_maxwell,UIC cops have had it blocked off since 8am apparently and it looked like one of the dorm windows was broken open?Also some dark red stain being covered up by a sheet,anyone know what happened at Halsted and Maxwell outside Starbucks/MRH?,Question,2025-07-06T19:39:02.000Z,self,false,Fine_Complaint_8082,https://www.reddit.com/user/Fine_Complaint_8082,11,false,false,false,false,false,false,false,false,false,false,0,,34,0,0.94,false,false,,,false,false,0,false,,true,false,false,,,,,,2025-09-12T18:52:46.629Z,
https://www.reddit.com/r/uichicago/,1000,,uichicago,t5_2shzc,r/uichicago,https://www.reddit.com/r/uichicago,public,29115,https://www.reddit.com/r/uichicago/comments/1lt5zj7/looking_for_housing_near_uic_for_5_months/,looking_for_housing_near_uic_for_5_months,Are there any reliable WhatsApp groups I can used to find short term leases/subleases?,Looking for housing near UIC for 5 months,null,2025-07-06T16:53:01.000Z,self,false,Available-Fox4753,https://www.reddit.com/user/Available-Fox4753,0,false,false,false,false,false,false,false,false,false,false,0,,1,0,0.67,true,false,,,false,false,1,false,,true,false,false,,,,,,2025-09-12T18:52:46.629Z,
https://www.reddit.com/r/uichicago/,1000,,uichicago,t5_2shzc,r/uichicago,https://www.reddit.com/r/uichicago,public,29115,https://www.reddit.com/r/uichicago/comments/1lt3h07/will_i_have_any_problems_getting_in/,will_i_have_any_problems_getting_in,"i have a 4.2 gpa and got a 32 on the act, i donot feel i should have a problem getting in but it’s one of the only schools i’m applying to so i just overthink it

the only problem i can see is that it says language classes are recommended but i didn’t take any, would that be a problem?",will i have any problems getting in?,Question,2025-07-06T15:07:45.000Z,self,false,Random-ace,https://www.reddit.com/user/Random-ace,7,false,false,false,false,false,false,false,false,false,false,0,,4,0,0.7,false,false,,,false,false,0,false,,true,false,false,,,,,,2025-09-12T18:52:46.629Z,
https://www.reddit.com/r/uichicago/,1000,,uichicago,t5_2shzc,r/uichicago,https://www.reddit.com/r/uichicago,public,29115,https://www.reddit.com/r/uichicago/comments/1lsmnn9/here_is_my_fall_2025_schedule_as_incoming/,here_is_my_fall_2025_schedule_as_incoming,"Guys i would really appreciate some advice if i should add or change my schedule because i don't really know what i did here.

My major is electrical engineering and will be living in polk street residence",Here is my fall 2025 schedule as incoming freshman also need some advice,null,2025-07-05T23:05:08.000Z,https://b.thumbs.redditmedia.com/PdJmOk-8ZacjespYhzCCKTrSgY4-zf77jC1kyMXOBLg.jpg,true,Accomplished-Goal279,https://www.reddit.com/user/Accomplished-Goal279,20,false,false,false,false,false,false,false,false,false,false,0,,6,0,1,false,false,,,false,false,0,false,,true,false,false,,,,,,2025-09-12T18:52:46.629Z,
https://www.reddit.com/r/uichicago/,1000,,uichicago,t5_2shzc,r/uichicago,https://www.reddit.com/r/uichicago,public,29115,https://www.reddit.com/r/uichicago/comments/1lsiad5/bike_on_campus/,bike_on_campus,"Hello, I am thinking of biking to campus and will be there usually from 9am-6pm. Is it safe to leave my bike all day with double ulocks and taking the seat off? or what measures should I go too, like take it in buildings and stuff. Thanks!",Bike on campus,Question,2025-07-05T19:43:42.000Z,self,false,DeepAd5394,https://www.reddit.com/user/DeepAd5394,7,false,false,false,false,false,false,false,false,false,false,0,,4,0,1,false,false,,,false,false,0,false,,true,false,false,,,,,,2025-09-12T18:52:46.629Z,
https://www.reddit.com/r/uichicago/,1000,,uichicago,t5_2shzc,r/uichicago,https://www.reddit.com/r/uichicago,public,29115,https://www.reddit.com/r/uichicago/comments/1lsb7yx/how_difficult_is_math_170/,how_difficult_is_math_170,"Hi, I'm an incoming freshman at UIC. As part of my major, I'm required to take Math 170. I will (probably) be receiving credit for the prerequisite course, Math 110. However, I am not very strong at math, especially without a calculator.

My question is, if I take this class this semester, will i struggle? Is it a difficult class, especially for those inept at math? Or would it be better if I took a calculus course (Math 121) this semester instead in preparation for Math 170?

Any advice will be helpful, thanks.",How difficult is Math 170?,Question,2025-07-05T14:31:57.000Z,self,false,Ever_Love332,https://www.reddit.com/user/Ever_Love332,5,false,false,false,false,false,false,false,false,false,false,0,,5,0,1,false,false,,,false,false,0,false,,true,false,false,,,,,,2025-09-12T18:52:46.629Z,
https://www.reddit.com/r/uichicago/,1000,,uichicago,t5_2shzc,r/uichicago,https://www.reddit.com/r/uichicago,public,29115,https://www.reddit.com/r/uichicago/comments/1ls50vv/is_uic_doable_with_a_2_hour_commute/,is_uic_doable_with_a_2_hour_commute,"Hi everyone,

I’m currently deciding between UIC and NIU for undergrad, and I plan to major in **Biology on the Pre-Med track**. I live in **Crystal Lake, IL**, and my main concern is the **commute**.

If I go to UIC, I’d prefer to take the **train**, which would be around **2 hours one way** — maybe more depending on timing. The cost for both schools is roughly the same, but I may qualify for more scholarship money at NIU.

My big question is:

* **Is a 2-hour train commute realistic for a pre-med student at UIC?**
* How hard is it to stay involved in research, volunteering, office hours, or clubs with a long commute?

Any input would be appreciated!",Is UIC doable with a 2 hour commute?,Question,2025-07-05T08:23:06.000Z,self,false,NoEstablishment9177,https://www.reddit.com/user/NoEstablishment9177,53,false,false,false,false,false,false,false,false,false,false,0,,25,0,0.91,false,false,,,false,false,0,false,,true,false,false,,,,,,2025-09-12T18:52:46.629Z,
https://www.reddit.com/r/uichicago/,1000,,uichicago,t5_2shzc,r/uichicago,https://www.reddit.com/r/uichicago,public,29115,https://www.reddit.com/r/uichicago/comments/1ls18ri/how_does_online_classes_work/,how_does_online_classes_work,"I am debating on taking a hybrid math class for MATH 165 or an in-person class, only thing holding me back from taking online class is how it’s at 8am and the same can be said about the in person since the professor has a 1.6 star with 40 reviews. With the online class being almost 90 people in it, how does online class work here? I’m assuming Zoom cannot have a meeting with 90 people at once every 3 days imo lol. Any help would be very useful",How does online classes work?,Question,2025-07-05T04:14:32.000Z,self,false,Spiwity,https://www.reddit.com/user/Spiwity,2,false,false,false,false,false,false,false,false,false,false,0,,4,0,1,false,false,,,false,false,0,false,,true,false,false,,,,,,2025-09-12T18:52:46.630Z,
https://www.reddit.com/r/uichicago/,1000,,uichicago,t5_2shzc,r/uichicago,https://www.reddit.com/r/uichicago,public,29115,https://www.reddit.com/r/uichicago/comments/1lrxy73/apartment_in_chicago_near_campus/,apartment_in_chicago_near_campus,"Hello, I’m looking to get an apartment just for myself that is close to UIC. I will be going there for the fall semester, and probably spring as well. Do you guys have an estimate of the price range it will be for an apartment for 1 person? Thanks",Apartment in Chicago near Campus,null,2025-07-05T00:56:36.000Z,self,false,Jealous-Film-3388,https://www.reddit.com/user/Jealous-Film-3388,9,false,false,false,false,false,false,false,false,false,false,0,,5,0,0.86,false,false,,,false,false,0,false,,true,false,false,,,,,,2025-09-12T18:52:46.630Z,
https://www.reddit.com/r/uichicago/,1000,,uichicago,t5_2shzc,r/uichicago,https://www.reddit.com/r/uichicago,public,29115,https://www.reddit.com/r/uichicago/comments/1lrpmn1/fall_2025_schedule_cooked_fr/,fall_2025_schedule_cooked_fr,"https://preview.redd.it/yn8np2arfwaf1.png?width=1456&amp;format=png&amp;auto=webp&amp;s=6e3a905fd11db8444e18e675941b03e4b5b466ea

Rate my schedule. FYI, I'm a CS major. Any changes you'd recommend?",Fall 2025 Schedule (Cooked FR),null,2025-07-04T18:18:38.000Z,https://b.thumbs.redditmedia.com/IsInpdC4n9Uuh-Xq7XLGHL6f3Pmb9h1MaBhcnnBy1eA.jpg,false,Proof-Spite2679,https://www.reddit.com/user/Proof-Spite2679,2,true,false,false,false,false,false,false,false,false,false,0,,4,0,1,false,false,,,false,false,0,false,,true,false,false,,,,,,2025-09-12T18:52:46.630Z,
https://www.reddit.com/r/uichicago/,1000,,uichicago,t5_2shzc,r/uichicago,https://www.reddit.com/r/uichicago,public,29115,https://www.reddit.com/r/uichicago/comments/1lrmv6j/for_the_people_that_took_moraine_valley_community/,for_the_people_that_took_moraine_valley_community,,For the people that took Moraine Valley Community College online classes do you sometimes need to physically go to a testing site or need to show camera in like a Google meet or do you guys just take it and that's it pls explain it to me,Question,2025-07-04T16:23:56.000Z,self,false,Sea-Tax-7326,https://www.reddit.com/user/Sea-Tax-7326,1,false,false,false,false,false,false,false,false,false,false,0,,3,0,0.72,false,false,,,false,false,0,false,,true,false,false,,,,,,2025-09-12T18:52:46.630Z,
https://www.reddit.com/r/uichicago/,1000,,uichicago,t5_2shzc,r/uichicago,https://www.reddit.com/r/uichicago,public,29115,https://www.reddit.com/r/uichicago/comments/1lrm159/freshman_fall_2025_schedule/,freshman_fall_2025_schedule,I’m a bio major in honors college. I honestly don’t mind the 8am classes but wondering if the course selection is good.,Freshman Fall 2025 Schedule,null,2025-07-04T15:48:59.000Z,https://b.thumbs.redditmedia.com/um9ZApHN8cmrOXqGNSLtXyDswI8cfswrUOI5idOUNYw.jpg,true,Hairy-Employee-6040,https://www.reddit.com/user/Hairy-Employee-6040,1,false,false,false,false,false,false,false,false,false,false,0,,4,0,0.84,false,false,,,false,false,0,false,,true,false,false,,,,,,2025-09-12T18:52:46.630Z,
https://www.reddit.com/r/uichicago/,1000,,uichicago,t5_2shzc,r/uichicago,https://www.reddit.com/r/uichicago,public,29115,https://www.reddit.com/r/uichicago/comments/1lrkcjp/data_science_major/,data_science_major,I haven’t met other data science majors so far and wanted to know if anyone is in the major:) thanks,Data Science Major,null,2025-07-04T14:39:02.000Z,self,false,Erikaa_rachelle,https://www.reddit.com/user/Erikaa_rachelle,2,false,false,false,false,false,false,false,false,false,false,0,,2,0,1,false,false,,,false,false,0,false,,true,false,false,,,,,,2025-09-12T18:52:46.630Z,
https://www.reddit.com/r/uichicago/,1000,,uichicago,t5_2shzc,r/uichicago,https://www.reddit.com/r/uichicago,public,29115,https://www.reddit.com/r/uichicago/comments/1lr9lb0/funinteresting_minors_at_uic_has_anyone_taken_an/,funinteresting_minors_at_uic_has_anyone_taken_an,"Hi! I'm an incoming sophomore, and I'm majoring in Integrated Health Studies and minoring in nutrition. I'm liking both of those, but I wanted to take something fun and relatively unrelated, since nutrition is pretty similar to the pre-health classes I'm taking. I was considering an English or art minor, but art seems especially cool.

I'm not very good at drawing/painting/art in general, but I find it fun and would love to get better. Has anyone taken an art minor who can tell me how it is? I was considering drawing (ART 112, ART 212), painting (ART 130, ART 230), and/or film (ART 170, ART 270). If anyone has taken the minor or any of these specific courses, it would be awesome to hear your experience.

In addition, beside English and art, what other cool minors are there at UIC that I should consider? Thanks!!",Fun/interesting minors at UIC? Has anyone taken an art minor and can speak on it?,Question,2025-07-04T04:17:39.000Z,self,false,Extreme-Eggplant-398,https://www.reddit.com/user/Extreme-Eggplant-398,12,false,false,false,false,false,false,false,false,false,false,0,,5,0,0.73,false,false,,,false,false,0,false,,true,false,false,,,,,,2025-09-12T18:52:46.630Z,
https://www.reddit.com/r/uichicago/,1000,,uichicago,t5_2shzc,r/uichicago,https://www.reddit.com/r/uichicago,public,29115,https://www.reddit.com/r/uichicago/comments/1lr0ln5/fall_2025_schedule_complete/,fall_2025_schedule_complete,"Unfortunately, the schedule conflicts for ECE 467 and 346 remained unresolved. Whatever's left is filled in by the last two gen-ed courses I have as part of the degree requirement.",Fall 2025 Schedule (complete),null,2025-07-03T20:53:47.000Z,https://b.thumbs.redditmedia.com/PHpwxTed-F2kherHWYD8Fu8JDxqMcbT0mTaIo5stDvs.jpg,true,superflyer991,https://www.reddit.com/user/superflyer991,11,false,false,false,false,false,false,false,false,false,false,0,,8,0,1,false,false,,,false,false,0,false,,true,false,false,,,,,,2025-09-12T18:52:46.630Z,
https://www.reddit.com/r/uichicago/,1000,,uichicago,t5_2shzc,r/uichicago,https://www.reddit.com/r/uichicago,public,29115,https://www.reddit.com/r/uichicago/comments/1lqyfrv/which_engineering_majors_are_easiesthardest_to_be/,which_engineering_majors_are_easiesthardest_to_be,"Which of these has the most applicants? Least?  Any other reasons (besides personal preference) to try for one over the others?  

Thanks!","Which engineering majors are easiest/hardest to be accepted: Computer Engineering, CS, Electrical Engineering, or Mechanical Engineering?",Question,2025-07-03T19:24:31.000Z,self,false,jmom39,https://www.reddit.com/user/jmom39,14,false,false,false,false,false,false,false,false,false,false,0,,14,0,0.89,false,false,,,false,false,0,false,,true,false,false,,,,,,2025-09-12T18:52:46.631Z,
https://www.reddit.com/r/uichicago/,1000,,uichicago,t5_2shzc,r/uichicago,https://www.reddit.com/r/uichicago,public,29115,https://www.reddit.com/r/uichicago/comments/1lqh046/jst_8person_suite_room_sizes/,jst_8person_suite_room_sizes,"I’m moving into one of the JST 8-person suites in August, specifically Room A, and trying to figure out how big the double rooms actually are. I’ve checked some floor plans but they don’t really match up, with some vids, so I’d love to hear from people who’ve actually lived or been there!

How big are the rooms roughly? Does it feel super tight with two beds, desks, dressers, and closets? Any tips on how to fit everything without feeling cramped? Are the floor plans or youtube videos more accurate?

TIA for any info!

TL;DR:  
How big are JST double rooms (Room A) in 8-person suites? How’s the space with all the furniture?",JST 8-person suite room sizes?,Question,2025-07-03T04:55:22.000Z,self,false,Own_Dirt5519,https://www.reddit.com/user/Own_Dirt5519,9,false,false,false,false,false,false,false,false,false,false,0,,3,0,1,false,false,,,false,false,0,false,,true,false,false,,,,,,2025-09-12T18:52:46.631Z,
https://www.reddit.com/r/uichicago/,1000,,uichicago,t5_2shzc,r/uichicago,https://www.reddit.com/r/uichicago,public,29115,https://www.reddit.com/r/uichicago/comments/1lqcn3p/is_this_a_scam/,is_this_a_scam,I just got an email from Lliana Martinez saying that they noticed that I had 2-3 microsoft school emails with uic portals and she's asking me to provide information to avoid the termination of both accounts in 24 hrs. Did anyone else get this email?,Is this a scam?,Question,2025-07-03T01:05:06.000Z,self,false,Key_Fault_9401,https://www.reddit.com/user/Key_Fault_9401,2,false,false,false,false,false,false,false,false,false,false,0,,6,0,0.8,false,false,,,false,false,0,false,,true,false,false,,,,,,2025-09-12T18:52:46.631Z,
https://www.reddit.com/r/uichicago/,1000,,uichicago,t5_2shzc,r/uichicago,https://www.reddit.com/r/uichicago,public,29115,https://www.reddit.com/r/uichicago/comments/1lqbma6/lfiso_2_female_roommates/,lfiso_2_female_roommates,"Hello, everyone! I am 20F looking for **2 other female** roommates to join me in my apartment that I'm re-leasing for the **2025-2026 school year**. The lease starts on **August 1st**, but will **need to be signed in July**. I've included pictures of the 2 rooms available. Room A includes a private bathroom (Pictures 1-2) is **$870**. Room B (Picture 3) is **$765** with a separate bathroom shared with me. These prices DO NOT include utilities + internet. Typically it will be an additional &gt;$100.

The unit is located by United Center. By car, it's around a 10 minute commute to campus. The blue line is walking distance (\~10min) and the 20 bus is right behind the apartment (20 + 8 bus to get to campus). 

There is free street parking. The unit includes a dishwasher, fridge, oven, and IN-UNIT laundry. 

  
If you're interested and want more information, please send me a message!!",LF/ISO 2 Female Roommates,Discussion,2025-07-03T00:14:28.000Z,https://b.thumbs.redditmedia.com/mFf-iyKptK0o6NHvBXXi587dL4U7AK-xwbNOmeYbAsA.jpg,false,daniiruuu,https://www.reddit.com/user/daniiruuu,4,false,false,false,false,false,false,false,false,false,false,0,,5,0,0.86,false,false,,,false,false,0,false,,true,false,false,,,,,,2025-09-12T18:52:46.631Z,
https://www.reddit.com/r/uichicago/,1000,,uichicago,t5_2shzc,r/uichicago,https://www.reddit.com/r/uichicago,public,29115,https://www.reddit.com/r/uichicago/comments/1lq0sxz/hows_the_schedule_looking/,hows_the_schedule_looking,,How's the schedule looking?,Question,2025-07-02T16:45:30.000Z,https://b.thumbs.redditmedia.com/G_bsyIdCOBkWusMVNNv_tulFJjpqkhvWHoKRs92JyyI.jpg,true,These_Sink2306,https://www.reddit.com/user/These_Sink2306,10,false,false,false,false,false,false,false,false,false,false,0,,3,0,0.81,false,false,,,false,false,0,false,,true,false,false,,,,,,2025-09-12T18:52:46.631Z,
https://www.reddit.com/r/uichicago/,1000,,uichicago,t5_2shzc,r/uichicago,https://www.reddit.com/r/uichicago,public,29115,https://www.reddit.com/r/uichicago/comments/1lpztjc/do_i_really_have_to_take_las_110/,do_i_really_have_to_take_las_110,"I had a meeting with my advisor a little bit ago and they really pressured me to add LAS 110 in my schedule and said they would keep reminding me until I did so. Is it really that necessary? I did mention to her that I like taking advantage of school resources since I get stressed abt being in the right classes, so it kinda gave her more of an urge to convince me to take the class. The thing is I really don’t see it benefiting me in the long run and I don’t want to waste my time in a class that I will most likely skip every week. So should I just ignore her everytime she sends me an email to register for the class orrrrrr",Do I really have to take LAS 110,null,2025-07-02T16:07:00.000Z,self,false,pandesalmama,https://www.reddit.com/user/pandesalmama,3,false,false,false,false,false,false,false,false,false,false,0,,1,0,0.6,true,false,,,false,false,0,false,,true,false,false,,,,,,2025-09-12T18:52:46.631Z,
https://www.reddit.com/r/uichicago/,1000,,uichicago,t5_2shzc,r/uichicago,https://www.reddit.com/r/uichicago,public,29115,https://www.reddit.com/r/uichicago/comments/1lpx6k3/doing_laundry_at_the_arc/,doing_laundry_at_the_arc,"When I do laundry in ARC, I understand that there is no detergent there, is that correct?

Do I have to use only HE-only detergent in the washing machine?",Doing Laundry at the ARC,null,2025-07-02T14:23:43.000Z,self,false,bemyground,https://www.reddit.com/user/bemyground,2,false,false,false,false,false,false,false,false,false,false,0,,1,0,1,true,false,,,false,false,0,false,,true,false,false,,,,,,2025-09-12T18:52:46.631Z,
https://www.reddit.com/r/uichicago/,1000,,uichicago,t5_2shzc,r/uichicago,https://www.reddit.com/r/uichicago,public,29115,https://www.reddit.com/r/uichicago/comments/1lpqxp0/looking_for_a_6_month_sublease_asap/,looking_for_a_6_month_sublease_asap,"Hey yall, 22M looking for a 6 month sublease (starting from August). None of the options I’m looking at through Zillow or apartments.com have been good, and university dorms don’t seem to be freeing up anytime soon. I am out of the country and will be back mid August so touring off campus housing is difficult. 

Please let me know if you have something or know someone I can contact.",Looking for a 6 month sublease ASAP,null,2025-07-02T08:58:53.000Z,self,false,PersonalCustard1366,https://www.reddit.com/user/PersonalCustard1366,0,false,false,false,false,false,false,false,false,false,false,0,,1,0,1,true,false,,,false,false,0,false,,true,false,false,,,,,,2025-09-12T18:52:46.631Z,
https://www.reddit.com/r/uichicago/,1000,,uichicago,t5_2shzc,r/uichicago,https://www.reddit.com/r/uichicago,public,29115,https://www.reddit.com/r/uichicago/comments/1lpmc8a/iso_2_female_roommates_202526_asap/,iso_2_female_roommates_202526_asap,"Hello, everyone! I am 20F looking for **2 other female** roommates to join me in my apartment that I'm re-leasing for the **2025-2026 school year**. The lease starts on **August 1st**, but will **need to be signed in July**. I've included pictures of the 2 rooms available. Room A includes a private bathroom (Pictures 1-2) is **$870**. Room B (Picture 3) is **$765** with a separate bathroom shared with me. These prices DO NOT include utilities + internet. Typically it will be an additional &gt;$100.

The unit is located by United Center. By car, it's around a 10 minute commute to campus. The blue line is walking distance (\~10min) and the 20 bus is right behind the apartment (20 + 8 bus to get to campus). 

There is free street parking. The unit includes a dishwasher, fridge, oven, and IN-UNIT laundry. 

  
If you're interested and want more information, please send me a message!!",ISO 2 female roommates 2025-26 ASAP,Discussion,2025-07-02T04:05:55.000Z,self,false,daniiruuu,https://www.reddit.com/user/daniiruuu,2,false,false,false,false,false,false,false,false,false,false,0,,2,0,1,false,false,,,false,false,0,false,,true,false,false,,,,,,2025-09-12T18:52:46.631Z,
https://www.reddit.com/r/uichicago/,1000,,uichicago,t5_2shzc,r/uichicago,https://www.reddit.com/r/uichicago,public,29115,https://www.reddit.com/r/uichicago/comments/1lpkttb/school_schedule_for_incoming_freshman/,school_schedule_for_incoming_freshman,[How is my schedule for Computer Engineering? I know the 8am isn't ideal but its the only time I can have Intro to ENGR ](https://preview.redd.it/nwi6qn3kjdaf1.png?width=1896&amp;format=png&amp;auto=webp&amp;s=9e2f44ccb161558b8bc6401a03dd0a056489a520),School Schedule for incoming freshman,null,2025-07-02T02:45:57.000Z,https://a.thumbs.redditmedia.com/3VQ0iofB-y_4Yh66FHHECEJBNdHz5-1AKKHqSX5PgN4.jpg,false,Mouse_Mortimer69,https://www.reddit.com/user/Mouse_Mortimer69,2,false,false,false,false,false,false,false,false,false,false,0,,1,0,1,true,false,,,false,false,0,false,,true,false,false,,,,,,2025-09-12T18:52:46.631Z,
https://www.reddit.com/r/uichicago/,1000,,uichicago,t5_2shzc,r/uichicago,https://www.reddit.com/r/uichicago,public,29115,https://www.reddit.com/r/uichicago/comments/1lpidfv/looking_for_someone_to_take_my_letterman_lease/,looking_for_someone_to_take_my_letterman_lease,"Hey guys I’m unfortunately transferring schools due to family reasons and need someone to take over my lease at Letterman Apartments in Chicago (410 S Morgan St.)

Rent: $1065/month – includes ALL utilities (WiFi, water, electricity, etc.)

Roommates: 18–20-year-old females – looking for someone around the same age

Room: Fully furnished, private bedroom in a shared apartment with 2 other females


If you’re interested or have any questions, feel free to DM me or comment below!",Looking for someone to take my Letterman lease 18-20F only,null,2025-07-02T00:42:54.000Z,self,false,Equal_Potato,https://www.reddit.com/user/Equal_Potato,0,false,false,false,false,false,false,false,false,false,false,0,,1,0,0.67,true,false,,,false,false,0,false,,true,false,false,,,,,,2025-09-12T18:52:46.632Z,
https://www.reddit.com/r/uichicago/,1000,,uichicago,t5_2shzc,r/uichicago,https://www.reddit.com/r/uichicago,public,29115,https://www.reddit.com/r/uichicago/comments/1lpd813/first_transfer_semester_schedule/,first_transfer_semester_schedule,Is this schedule too much?,First Transfer Semester Schedule,null,2025-07-01T20:56:38.000Z,https://b.thumbs.redditmedia.com/G_yqQvQCXLPkauMMh3MI98odUuZrL93LWesvWiiVaVY.jpg,true,redmuffins420,https://www.reddit.com/user/redmuffins420,12,false,false,false,false,false,false,false,false,false,false,0,,14,0,0.94,false,false,,,false,false,0,false,,true,false,false,,,,,,2025-09-12T18:52:46.632Z,
https://www.reddit.com/r/uichicago/,1000,,uichicago,t5_2shzc,r/uichicago,https://www.reddit.com/r/uichicago,public,29115,https://www.reddit.com/r/uichicago/comments/1lpb01e/has_anyone_taken_erik_devereux/,has_anyone_taken_erik_devereux,I might be doing a minor in public policy (PPOL 210) and he is the only teacher teaching it. What are your experiences with him? Do you all recommend?,Has anyone taken Erik Devereux?,Question,2025-07-01T19:29:59.000Z,self,false,MaintenanceFormal960,https://www.reddit.com/user/MaintenanceFormal960,4,false,false,false,false,false,false,false,false,false,false,0,,1,0,1,true,false,,,false,false,0,false,,true,false,false,,,,,,2025-09-12T18:52:46.632Z,
https://www.reddit.com/r/uichicago/,1000,,uichicago,t5_2shzc,r/uichicago,https://www.reddit.com/r/uichicago,public,29115,https://www.reddit.com/r/uichicago/comments/1lp58co/pdfile_coming_to_your_campus/,pdfile_coming_to_your_campus,"This man is charged with possession of cp and is undergoing trail. He left his previous school after someone outed him as a pdffile to his friends. Hes in architecture. Final trial date is october, hes a freeman until then. Be safe and careful.",PDFile Coming to Your Campus,null,2025-07-01T15:51:22.000Z,nsfw,false,Financial_Cut_4081,https://www.reddit.com/user/Financial_Cut_4081,14,false,false,false,false,false,false,false,false,false,true,0,,115,0,0.95,false,false,,,false,false,0,false,,true,false,false,,,,,,2025-09-12T18:52:46.632Z,
https://www.reddit.com/r/uichicago/,1000,,uichicago,t5_2shzc,r/uichicago,https://www.reddit.com/r/uichicago,public,29115,https://www.reddit.com/r/uichicago/comments/1loyso8/placement_assesment_lol/,placement_assesment_lol,I got a 65 on the placement assesment not sure what to make of it as an incoming arch student also is the prep module necessary to complete or can i jus skip it ?,Placement assesment lol,null,2025-07-01T11:06:10.000Z,self,false,Remarkable-Salad6416,https://www.reddit.com/user/Remarkable-Salad6416,1,false,false,false,false,false,false,false,false,false,false,0,,4,0,1,false,false,,,false,false,0,false,,true,false,false,,,,,,2025-09-12T18:52:46.632Z,
https://www.reddit.com/r/uichicago/,1000,,uichicago,t5_2shzc,r/uichicago,https://www.reddit.com/r/uichicago,public,29115,https://www.reddit.com/r/uichicago/comments/1loqm1u/is_there_any_way_i_can_see_the_room_vacancy/,is_there_any_way_i_can_see_the_room_vacancy,"Hi. I am an international entering this fall.

I am on my application page, but its process is like

* Roommate Selection
* Submit Application Page
* Application Status
* Contract
* Confirmation &amp; My Room Assignments

making it impossible to see room availability if roommate is not selected.

I want to see the rooms left at the moment since it would be problematic if I reached out to 4 students in advance but there's no four-people-room available 

Any way that I can see it beforehand?",Is there any way I can see the room vacancy?,Question,2025-07-01T02:41:18.000Z,self,false,Icy-Sheepherder-1685,https://www.reddit.com/user/Icy-Sheepherder-1685,7,false,false,false,false,false,false,false,false,false,false,0,,6,0,1,false,false,,,false,false,0,false,,true,false,false,,,,,,2025-09-12T18:52:46.632Z,
https://www.reddit.com/r/uichicago/,1000,,uichicago,t5_2shzc,r/uichicago,https://www.reddit.com/r/uichicago,public,29115,https://www.reddit.com/r/uichicago/comments/1loorn4/do_i_have_to_take_the_japanese_placement_test/,do_i_have_to_take_the_japanese_placement_test,"I'm doing my placement tests as an incoming freshman and I got to the Japanese one and deadass didn't know a thing. I did japanese on Duolingo like 5 years ago and have forgotten most of that except for how to read a few characters. Why can't I just ask them to put me in Japanese 1???

I know this was prolly a very stupid move but I started getting stressed and I just logged off and didn't answer a single question because honestly it was either i spent 2 and a half hours tapping random bs into every single box or I just didnt do it. My test was submitted at the end of the timer with nothing on it.

I was planning on calling the student services number and asking them what I should do about it tomorrow, but when I called today when i had technical issues unrelated to this the course management line said they were unavailable and i called twice two hours apart.

Does anyone have a clue what I should do cus I know I kinda flopped on this   am i cooked",do i have to take the Japanese placement test??,Question,2025-07-01T01:09:26.000Z,self,false,SnakeDoggo,https://www.reddit.com/user/SnakeDoggo,2,false,false,false,false,false,false,false,false,false,false,0,,3,0,0.8,false,false,,,false,false,0,false,,true,false,false,,,,,,2025-09-12T18:52:46.632Z,
https://www.reddit.com/r/uichicago/,1000,,uichicago,t5_2shzc,r/uichicago,https://www.reddit.com/r/uichicago,public,29115,https://www.reddit.com/r/uichicago/comments/1lojqwr/why_is_getting_a_campus_job_so_impossible/,why_is_getting_a_campus_job_so_impossible,"Handshake is the epitome of evil. I don’t care how many employers tell me “all employees go through handshake”. Unless you have special connections, your application will be ignored forever. Plus, some of these positions require a “cover letter”. Wtf?? These should be entry level jobs for teenagers to make money. Why are they so stingy and strict? And reaching out to these places typically isn’t much help either. They are so stingy and unhelpful, they clearly don’t care unless you know them personally. I swear the people who work on campus (housing, rec, student center, etc) had some kind of special privilege. Because I have always tried my hardest to get a campus job, and even though I have 3 years of working experience back home, nobody cares and it feels pointless.",Why is getting a campus job so impossible?,Question,2025-06-30T21:25:36.000Z,self,false,Ol_Sam,https://www.reddit.com/user/Ol_Sam,34,false,false,false,false,false,false,false,false,false,false,0,,65,0,0.9,false,false,,,false,false,0,false,,true,false,false,,,,,,2025-09-12T18:52:46.633Z,
https://www.reddit.com/r/uichicago/,1000,,uichicago,t5_2shzc,r/uichicago,https://www.reddit.com/r/uichicago,public,29115,https://www.reddit.com/r/uichicago/comments/1logrod/i_ran_away_from_home_to_catch_up_on_chem_122123/,i_ran_away_from_home_to_catch_up_on_chem_122123,,I ran away from home to catch up on CHEM 122/123,null,2025-06-30T19:28:09.000Z,https://b.thumbs.redditmedia.com/-IuhcZ4x5YQCocgTT0QnSiMihPzbUrnOoy2EUHWulXY.jpg,true,superflyer991,https://www.reddit.com/user/superflyer991,2,false,false,false,false,false,false,false,false,false,false,0,,10,0,0.75,false,false,,,false,false,0,false,,true,false,false,,,,,,2025-09-12T18:52:46.633Z,
https://www.reddit.com/r/uichicago/,1000,,uichicago,t5_2shzc,r/uichicago,https://www.reddit.com/r/uichicago,public,29115,https://www.reddit.com/r/uichicago/comments/1lof508/sponsor_billing_help/,sponsor_billing_help,"Hey UIC ppl. I got admitted for the fall semester and there’s a big chance that a gov organization from a country abroad is gonna pay for my tuition (I’m not from the US originally). However, they can’t go on my account and just make a payment, that’s why I’ll have to use the Bursar Sponsor Billing thing. Has anyone been thru a situation like this? How late does the payment can go through? What’s your experience with Sponsor Billing? Thanks, appreciate your time.",Sponsor Billing help,Question,2025-06-30T18:25:22.000Z,self,false,davidat21,https://www.reddit.com/user/davidat21,0,false,false,false,false,false,false,false,false,false,false,0,,1,0,1,true,false,,,false,false,0,false,,true,false,false,,,,,,2025-09-12T18:52:46.633Z,
https://www.reddit.com/r/uichicago/,1000,,uichicago,t5_2shzc,r/uichicago,https://www.reddit.com/r/uichicago,public,29115,https://www.reddit.com/r/uichicago/comments/1lof0lz/online_non_in_person_advising_registration_for/,online_non_in_person_advising_registration_for,"Hi, incoming mechanical engineering freshman here with what is probably a stupid question. I’m curious if there is an option to do my new student advising appointment online through some video what or something or is it in person only? I couldn’t find anything online about it and I’m overall just lost. I appreciate any help I can get to prevent me from getting any further overwhelmed by this whole college thing haha.",Online non in person advising/ registration for new student,Question,2025-06-30T18:20:34.000Z,self,false,Triforce_Gaming3000,https://www.reddit.com/user/Triforce_Gaming3000,3,false,false,false,false,false,false,false,false,false,false,0,,1,0,1,true,false,,,false,false,0,false,,true,false,false,,,,,,2025-09-12T18:52:46.633Z,
https://www.reddit.com/r/uichicago/,1000,,uichicago,t5_2shzc,r/uichicago,https://www.reddit.com/r/uichicago,public,29115,https://www.reddit.com/r/uichicago/comments/1loetp4/i_need_help_with_apartment_searching/,i_need_help_with_apartment_searching,"sooo i’m thinking about moving to chicago, however I’m unsure which neighborhood I should go to! Also, I still need resources and tips needed for even finding a apartment. 

**I don’t mind not being around campus**

**I’m a black, bisexual, 21 year old woman **",I need help with apartment searching,Question,2025-06-30T18:13:03.000Z,self,false,Warm_Umpire9482,https://www.reddit.com/user/Warm_Umpire9482,4,true,false,false,false,false,false,false,false,false,false,0,,2,0,1,false,false,,,false,false,0,false,,true,false,false,,,,,,2025-09-12T18:52:46.633Z,
https://www.reddit.com/r/uichicago/,1000,,uichicago,t5_2shzc,r/uichicago,https://www.reddit.com/r/uichicago,public,29115,https://www.reddit.com/r/uichicago/comments/1loerqh/will_i_get_in/,will_i_get_in,"Hi, I’m currently a student at UIC and I am applying for Nursing school in january. I’m a little worried because when i apply my overall how will be about 3.26 and my science gpa will be a 3.0. I have my CNA license and I am studying abroad this upcoming semester and only taking health related classes and i’ve been volunteering at my local hospital for about 4 years now. I’m also getting a letter of rec from UI health. My top choices on campus is Urbana and Springfield. Does that give me a better chance of getting in…PLSSS LET ME KNOW IM SO STRESSING",Will I get in?,Question,2025-06-30T18:10:58.000Z,self,false,CressResponsible7386,https://www.reddit.com/user/CressResponsible7386,4,false,false,false,false,false,false,false,false,false,false,0,,4,0,0.84,false,false,,,false,false,0,false,,true,false,false,,,,,,2025-09-12T18:52:46.633Z,
https://www.reddit.com/r/uichicago/,1000,,uichicago,t5_2shzc,r/uichicago,https://www.reddit.com/r/uichicago,public,29115,https://www.reddit.com/r/uichicago/comments/1lodd3r/is_this_schedule_going_to_burn_me_out_or_is_it/,is_this_schedule_going_to_burn_me_out_or_is_it,,Is this schedule going to burn me out or is it good,Question,2025-06-30T17:18:07.000Z,"https://external-preview.redd.it/obw8CGuw2FT4Qta9AVri8rPaTftUguyJNy8UeF-l2VM.jpeg?width=140&amp;height=71&amp;crop=140:71,smart&amp;auto=webp&amp;s=e4c485a211435d9cf49990208b87c8a216597520",true,NoCry7295,https://www.reddit.com/user/NoCry7295,16,false,false,false,false,false,false,false,false,false,false,0,,5,0,0.78,false,false,,,false,false,0,false,,true,false,false,,,,,,2025-09-12T18:52:46.633Z,
https://www.reddit.com/r/uichicago/,1000,,uichicago,t5_2shzc,r/uichicago,https://www.reddit.com/r/uichicago,public,29115,https://www.reddit.com/r/uichicago/comments/1lobyz7/missing_first_week_of_classes/,missing_first_week_of_classes,"Assuming that the first week is mostly going over the syllabus and formalities, what’s the worst that could happen if I don’t attend? My brothers wedding is the 28th of August, the first week of classes. However it’s going to be held in my home country. Could I get these absences excused to attend? I’d only be missing 2 days of classes.",Missing first week of classes,null,2025-06-30T16:25:49.000Z,self,false,Jelenalazic,https://www.reddit.com/user/Jelenalazic,9,false,false,false,false,false,false,false,false,false,false,0,,5,0,0.86,false,false,,,false,false,0,false,,true,false,false,,,,,,2025-09-12T18:52:46.633Z,
https://www.reddit.com/r/uichicago/,1000,,uichicago,t5_2shzc,r/uichicago,https://www.reddit.com/r/uichicago,public,29115,https://www.reddit.com/r/uichicago/comments/1lobapf/whats_the_easiest_cc_to_take_calc_3/,whats_the_easiest_cc_to_take_calc_3,I was gonna take it at JJC but exams are worth 90% of the grade. I’m trying to take it online and get a good grade. Anyone know a community college that has a good calc 3 for next summer,What’s the easiest CC to take calc 3,null,2025-06-30T15:59:53.000Z,self,false,burnaaa13i2,https://www.reddit.com/user/burnaaa13i2,1,false,false,false,false,false,false,false,false,false,false,0,,1,0,1,true,false,,,false,false,0,false,,true,false,false,,,,,,2025-09-12T18:52:46.633Z,
https://www.reddit.com/r/uichicago/,1000,,uichicago,t5_2shzc,r/uichicago,https://www.reddit.com/r/uichicago,public,29115,https://www.reddit.com/r/uichicago/comments/1loan5o/any_tipsrecommendations_on_moving_around_the_city/,any_tipsrecommendations_on_moving_around_the_city,Hi!! im 21(F)&amp; I am going to be commuting to UIC by bus (about and hour and a half) from plainfield and was wondering if there’s any tips or recommendations on spots in chicago or near uic. I have never taken public transport and i’m not very familiar with chicago as I only go there for concerts. I plan to go to chinatown but absolutely scared of certain cta lines from what i’ve heard.,Any tips/recommendations on moving around the city?,Question,2025-06-30T15:34:43.000Z,self,false,dinvey,https://www.reddit.com/user/dinvey,10,false,false,false,false,false,false,false,false,false,false,0,,6,0,0.75,false,false,,,false,false,0,false,,true,false,false,,,,,,2025-09-12T18:52:46.633Z,
https://www.reddit.com/r/uichicago/,1000,,uichicago,t5_2shzc,r/uichicago,https://www.reddit.com/r/uichicago,public,29115,https://www.reddit.com/r/uichicago/comments/1lnxlx0/professor_paul_b_lewis/,professor_paul_b_lewis,"Hey! I’m from the law school, and was wondering if any present or past students ever had Professor Lewis and could tell me more about him? He was the only Professor that never spoke about himself and I’m just curious if anyone has stories about him lol.",Professor Paul B Lewis,null,2025-06-30T03:37:03.000Z,self,false,bigxanny420,https://www.reddit.com/user/bigxanny420,0,false,false,false,false,false,false,false,false,false,false,0,,7,0,0.89,false,false,,,false,false,0,false,,true,false,false,,,,,,2025-09-12T18:52:46.633Z,
https://www.reddit.com/r/uichicago/,1000,,uichicago,t5_2shzc,r/uichicago,https://www.reddit.com/r/uichicago,public,29115,https://www.reddit.com/r/uichicago/comments/1lntv2i/urgent_question_about_aspire/,urgent_question_about_aspire,"So here’s my situation: I submitted my FAFSA late, and when I recently checked my financial aid, the Aspire Grant wasn’t listed. Is there still a chance I can get it if I talk to financial aid? Please Help!!!",Urgent Question about Aspire,Question,2025-06-30T00:20:25.000Z,self,false,Specialist-Diet-526,https://www.reddit.com/user/Specialist-Diet-526,6,false,false,false,false,false,false,false,false,false,false,0,,5,0,0.86,false,false,,,false,false,0,false,,true,false,false,,,,,,2025-09-12T18:52:46.634Z,
https://www.reddit.com/r/uichicago/,1000,,uichicago,t5_2shzc,r/uichicago,https://www.reddit.com/r/uichicago,public,29115,https://www.reddit.com/r/uichicago/comments/1lntm0l/is_the_meal_plan_worth_it/,is_the_meal_plan_worth_it,i’m going to be a senior in high school next year and i think that im going to end up at uic. can you guys tell me if the meal plan is worth it or should i get groceries instead? i want to make sure im eating healthy or at least have healthy options. should i pay the 2k+ per semester? im out of state so i just have no idea. i think im going to get a suite with a few other people instead of a traditional dorm if that makes a difference also. thanks for the help in advance!!,is the meal plan worth it?,Discussion,2025-06-30T00:07:46.000Z,self,false,evisonreddit,https://www.reddit.com/user/evisonreddit,13,false,false,false,false,false,false,false,false,false,false,0,,3,0,1,false,false,,,false,false,0,false,,true,false,false,,,,,,2025-09-12T18:52:46.634Z,
https://www.reddit.com/r/uichicago/,1000,,uichicago,t5_2shzc,r/uichicago,https://www.reddit.com/r/uichicago,public,29115,https://www.reddit.com/r/uichicago/comments/1lnoz3k/apartment_to_stay_on_campus/,apartment_to_stay_on_campus,I am looking for a place to stay on campus for 3 days. Please let me know if there are any leads. Female apartment is preferred.,Apartment to stay on campus,null,2025-06-29T20:39:57.000Z,self,false,Dazzling-Cry5683,https://www.reddit.com/user/Dazzling-Cry5683,1,false,false,false,false,false,false,false,false,false,false,0,,1,0,1,true,false,,,false,false,0,false,,true,false,false,,,,,,2025-09-12T18:52:46.634Z,
https://www.reddit.com/r/uichicago/,1000,,uichicago,t5_2shzc,r/uichicago,https://www.reddit.com/r/uichicago,public,29115,https://www.reddit.com/r/uichicago/comments/1ln3kuz/looking_for_apartment/,looking_for_apartment,"Is anybody looking for a roommate for the fall? I am a male 20, and open to renting and would be fine with 2-4 people! Feel free to send a dm!",Looking for Apartment!,Question,2025-06-29T02:12:01.000Z,self,false,Mammoth-Disaster2540,https://www.reddit.com/user/Mammoth-Disaster2540,0,false,false,false,false,false,false,false,false,false,false,0,,3,0,1,false,false,,,false,false,0,false,,true,false,false,,,,,,2025-09-12T18:52:46.634Z,
https://www.reddit.com/r/uichicago/,1000,,uichicago,t5_2shzc,r/uichicago,https://www.reddit.com/r/uichicago,public,29115,https://www.reddit.com/r/uichicago/comments/1lmfsvm/how_much_money_did_you_earn_in_gpip/,how_much_money_did_you_earn_in_gpip,yeah the question in title,how much money did you earn in GPIP?,Question,2025-06-28T06:15:03.000Z,self,false,New-Base-7838,https://www.reddit.com/user/New-Base-7838,9,false,false,false,false,false,false,false,false,false,false,0,,9,0,0.85,false,false,,,false,false,0,false,,true,false,false,,,,,,2025-09-12T18:52:46.634Z,
https://www.reddit.com/r/uichicago/,1000,,uichicago,t5_2shzc,r/uichicago,https://www.reddit.com/r/uichicago,public,29115,https://www.reddit.com/r/uichicago/comments/1lmeshd/summer_chem_workshop/,summer_chem_workshop,first week done how hard is it in general and what should i expect so far,summer chem workshop,null,2025-06-28T05:12:20.000Z,self,false,DOMA3681,https://www.reddit.com/user/DOMA3681,0,false,false,false,false,false,false,false,false,false,false,0,,1,0,1,true,false,,,false,false,0,false,,true,false,false,,,,,,2025-09-12T18:52:46.634Z,
https://www.reddit.com/r/uichicago/,1000,,uichicago,t5_2shzc,r/uichicago,https://www.reddit.com/r/uichicago,public,29115,https://www.reddit.com/r/uichicago/comments/1lmcldc/its_definitely_a_schedule/,its_definitely_a_schedule,"Transferring in the fall! Currently technically undecided due to missing a stat prerequisite but going for biological science concentrated in evolution, ecology, and environmental biology",It’s definitely a schedule,Image,2025-06-28T03:05:16.000Z,"https://external-preview.redd.it/1ajHMG4oox1NFmq0XTTTH48fjecpCX3FjEwP4V1mx68.jpeg?width=140&amp;height=37&amp;crop=140:37,smart&amp;auto=webp&amp;s=3d6b12de71a70784040cb7674c998b121a73105d",true,Jesus_bottle,https://www.reddit.com/user/Jesus_bottle,2,false,false,false,false,false,false,false,false,false,false,0,,5,0,0.86,false,false,,,false,false,0,false,,true,false,false,,,,,,2025-09-12T18:52:46.634Z,
https://www.reddit.com/r/uichicago/,1000,,uichicago,t5_2shzc,r/uichicago,https://www.reddit.com/r/uichicago,public,29115,https://www.reddit.com/r/uichicago/comments/1lmcfgq/reletting_my_apartment_at_the_letterman_chicago/,reletting_my_apartment_at_the_letterman_chicago,"I am reletting my apartment at the letterman Chicago, I was hoping to find a female around the age of 18-20 to replace me. Dm for details.",Reletting my apartment at the Letterman Chicago,null,2025-06-28T02:56:25.000Z,self,false,Global-Word7188,https://www.reddit.com/user/Global-Word7188,7,false,false,false,false,false,false,false,false,false,false,0,,5,0,1,false,false,,,false,false,1,false,,true,false,false,,,,,,2025-09-12T18:52:46.634Z,
https://www.reddit.com/r/uichicago/,1000,,uichicago,t5_2shzc,r/uichicago,https://www.reddit.com/r/uichicago,public,29115,https://www.reddit.com/r/uichicago/comments/1lm85tt/class_spots_for_this_fall/,class_spots_for_this_fall,Hello! Just wanted to ask if spots in classes would open up near the start of school? Currently trying to make my schedule with no luck… most are full,Class Spots for this Fall,Question,2025-06-27T23:18:31.000Z,self,false,Neat-Meat4779,https://www.reddit.com/user/Neat-Meat4779,2,false,false,false,false,false,false,false,false,false,false,0,,3,0,0.71,false,false,,,false,false,0,false,,true,false,false,,,,,,2025-09-12T18:52:46.635Z,
https://www.reddit.com/r/uichicago/,1000,,uichicago,t5_2shzc,r/uichicago,https://www.reddit.com/r/uichicago,public,29115,https://www.reddit.com/r/uichicago/comments/1lm7jme/pickle_ball/,pickle_ball,Anyone in the city who wants to play pickle ball in the mornings/ afternoon/ evenings. I have all the stuff and there’s courts near UIC and UIC gym has some too. I’ve been wanting to play but I need a partner or group.,Pickle ball ?,Question,2025-06-27T22:50:47.000Z,self,false,FernBern17,https://www.reddit.com/user/FernBern17,1,false,false,false,false,false,false,false,false,false,false,0,,1,0,1,true,false,,,false,false,0,false,,true,false,false,,,,,,2025-09-12T18:52:46.635Z,
https://www.reddit.com/r/uichicago/,1000,,uichicago,t5_2shzc,r/uichicago,https://www.reddit.com/r/uichicago,public,29115,https://www.reddit.com/r/uichicago/comments/1lm0vj3/legit_opinions_about_certain_las_professor_engl/,legit_opinions_about_certain_las_professor_engl,"TLDR at the bottom, can't miss it

I liked the prof I thought was teaching the class, but turned out he is the discussion teacher, not primary. The primary teacher for the other 2 longer days of week is Anna Kornbluh. 

The reviews I've seen of her on RMP are all good in the late 00s early 2010s, then recent years they shoot down to 1-2 star (out of 5) ratings. I've done my research, and her catalogue of work is impressive. Many interviews and essays and whatnot, and several books, one of which is getting quite a bit of attention \[in at least its topic's world\] right now. The biggest complaint about her by recent students is she rambles in her lectures and it makes the lessons terrible because no one can focus. The upside is that she is very intelligent and people only enjoy it for that but wouldn't recommend her otherwise, except that they've never spoken to her one-on-one, and some said she even has attitude with students who ask questions.

Now, I am an English major who intends to work in any form of writing career or even simply at a publishing house as a behind-the-scenes sort of person, to put it plainly. I think I could learn from her, but wondering if this is the right environment due to what I just explained.

*Note: My favorite core class teacher is either too popular (likely) for the class to be open rn or he (as is sometimes the case) is not teaching it this semester. I don't think I will be able to do my foreign language this semester and this is what I have remaining if I can't take an elective.*

*Note: I listened to 2 interviews. She does indeed ramble. In one of them it was admittedly insufferable and hard to follow. In the other it was intelligent and more engaged. It was hard to take a stance for sure, but I like her opinions and I like the same sort of topics she does.* 

# Here's my question:

Have you taken Kornbluh before and was she \*that\* bad? Did you do well in the class?

If you haven't taken her, but you saw some of her work and thought you could learn a thing or two from her, would you take the class despite recent students' complaints, and if you knew the discussion section had a decent teacher? 

I know I have to be the one to decide. I just need to know if there really are any passionate opinions in regard to this idea (like past experience with a similar conflict) or this specific teacher. Thanks!",legit opinions about certain LAS professor (ENGL 209) &amp; just general opinions about if I'm better off with or without this type teacher,null,2025-06-27T18:11:19.000Z,self,false,jennifers-body,https://www.reddit.com/user/jennifers-body,10,false,false,false,false,false,false,false,false,false,false,0,,1,0,1,true,false,,,false,false,0,false,,true,false,false,,,,,,2025-09-12T18:52:46.635Z,
https://www.reddit.com/r/uichicago/,1000,,uichicago,t5_2shzc,r/uichicago,https://www.reddit.com/r/uichicago,public,29115,https://www.reddit.com/r/uichicago/comments/1llmewx/prelaw_students_but_others_are_welcome/,prelaw_students_but_others_are_welcome,"Hi Pre-Law/anyone else in here,

      I’m actively looking for pre-law internships to apply for, especially considering I’m heading into my senior year of pre-law. I know there will be one/some individual who will fry me on why I didn’t go to a “pre-law subreddit” but I’m looking for experience as pre-law students at UIC. Many “law internships” tend to look for L1-L3 law students which make it terribly difficult to find for a law firm to get an internship. I’m not looking for anything specific but some sort of law internship as a pre-law student in the CHICAGO AREA. I Apperciate any help and my direct messages are always open. Thank you in advance.",Pre-Law Students (but others are welcome),Question,2025-06-27T05:57:15.000Z,self,false,DryWeekend3096,https://www.reddit.com/user/DryWeekend3096,1,false,false,false,false,false,false,false,false,false,false,0,,2,0,1,false,false,,,false,false,0,false,,true,false,false,,,,,,2025-09-12T18:52:46.635Z,
https://www.reddit.com/r/uichicago/,1000,,uichicago,t5_2shzc,r/uichicago,https://www.reddit.com/r/uichicago,public,29115,https://www.reddit.com/r/uichicago/comments/1ll9nmx/finance_major_laptop/,finance_major_laptop,Im an incoming freshman majoring in finance and recently bought the MacBook Air M4 512GB. Can any finance majors let me know if it will be useful for running excel and other programs for classes in my major?,Finance Major Laptop,null,2025-06-26T19:45:14.000Z,self,false,Important-Proposal79,https://www.reddit.com/user/Important-Proposal79,4,false,false,false,false,false,false,false,false,false,false,0,,0,0,0.5,true,false,,,false,false,0,false,,true,false,false,,,,,,2025-09-12T18:52:46.635Z,
https://www.reddit.com/r/uichicago/,1000,,uichicago,t5_2shzc,r/uichicago,https://www.reddit.com/r/uichicago,public,29115,https://www.reddit.com/r/uichicago/comments/1lki0j6/is_my_schedule_cooked/,is_my_schedule_cooked,Or should I add physics 141 if a lecture opens up?,Is my schedule cooked?,null,2025-06-25T21:24:03.000Z,"https://external-preview.redd.it/8p7KanO5SGPYvOkUCQk7l8WHyHpZEXycrUdqL0NnxJ4.jpeg?width=140&amp;height=83&amp;crop=140:83,smart&amp;auto=webp&amp;s=5dc69040ceece0d0977593c710bc084d5045f24a",true,Glittering_plague426,https://www.reddit.com/user/Glittering_plague426,3,false,false,false,false,false,false,false,false,false,false,0,,1,0,0.56,true,false,,,false,false,0,false,,true,false,false,,,,,,2025-09-12T18:52:46.635Z,
https://www.reddit.com/r/uichicago/,1000,,uichicago,t5_2shzc,r/uichicago,https://www.reddit.com/r/uichicago,public,29115,https://www.reddit.com/r/uichicago/comments/1lkgjur/am_i_cooked/,am_i_cooked,is this schedule good or bad?? i keep getting mixed reactions,am i cooked?,null,2025-06-25T20:26:52.000Z,"https://external-preview.redd.it/VOzTkK1i9Vb0C9016AfTE6pLpLLlqU9t8IEU34IdZAw.jpeg?width=140&amp;height=41&amp;crop=140:41,smart&amp;auto=webp&amp;s=e7fd649678495fca0577036550daa7cfb25aa2ea",true,Straight_Bar2138,https://www.reddit.com/user/Straight_Bar2138,5,false,false,false,false,false,false,false,false,false,false,0,,0,0,0.5,true,false,,,false,false,0,false,,true,false,false,,,,,,2025-09-12T18:52:46.635Z,
https://www.reddit.com/r/uichicago/,1000,,uichicago,t5_2shzc,r/uichicago,https://www.reddit.com/r/uichicago,public,29115,https://www.reddit.com/r/uichicago/comments/1lk9b03/hows_my_schedule/,hows_my_schedule,"Pre nursing major. I’m taking human nutrition online with Oshita, idk who my Spanish professor is, and I have Schroeder and Chen for chemistry and Spanish. I wanted to fit stat 101 in there but I heard Kursell was a pain in the ass",How’s my schedule?,null,2025-06-25T15:51:07.000Z,"https://external-preview.redd.it/EVB4l2Dv2gK0VPdZqqlqSngokmLOKo11xUnJ9_lHt8g.jpeg?width=140&amp;height=51&amp;crop=140:51,smart&amp;auto=webp&amp;s=46101f97ea98f88ba104cfb6012ebe4483b7e500",true,pandesalmama,https://www.reddit.com/user/pandesalmama,5,false,false,false,false,false,false,false,false,false,false,0,,1,0,1,true,false,,,false,false,0,false,,true,false,false,,,,,,2025-09-12T18:52:46.635Z,
https://www.reddit.com/r/uichicago/,1000,,uichicago,t5_2shzc,r/uichicago,https://www.reddit.com/r/uichicago,public,29115,https://www.reddit.com/r/uichicago/comments/1lk4py0/gpip_onboarding_process_start/,gpip_onboarding_process_start,"Has anybody heard back from COE HR yet? I was told to wait until they contact me first and follow all the steps, but it’s almost July and I have yet to receive anything. I’m waiting to start the onboarding process but it’s been almost 2 weeks since my original email about the onboarding process. Is anybody experiencing the same long wait?",GPIP Onboarding Process Start,Question,2025-06-25T12:46:23.000Z,self,false,GasIndividual2126,https://www.reddit.com/user/GasIndividual2126,9,false,false,false,false,false,false,false,false,false,false,0,,2,0,1,false,false,,,false,false,0,false,,true,false,false,,,,,,2025-09-12T18:52:46.635Z,
https://www.reddit.com/r/uichicago/,1000,,uichicago,t5_2shzc,r/uichicago,https://www.reddit.com/r/uichicago,public,29115,https://www.reddit.com/r/uichicago/comments/1lk1auj/oral_certification_interview_oci/,oral_certification_interview_oci,"Hi I am newly admitted international PhD student. To start my TA position, I heard that we need to take an OCI test. Does anyone know what they ask in the test? Is it regarding the knowledge of our major?",Oral Certification Interview (OCI),null,2025-06-25T09:40:36.000Z,self,false,Opening-Fig8823,https://www.reddit.com/user/Opening-Fig8823,2,false,false,false,false,false,false,false,false,false,false,0,,1,0,0.67,true,false,,,false,false,0,false,,true,false,false,,,,,,2025-09-12T18:52:46.635Z,
https://www.reddit.com/r/uichicago/,1000,,uichicago,t5_2shzc,r/uichicago,https://www.reddit.com/r/uichicago,public,29115,https://www.reddit.com/r/uichicago/comments/1lk0ktu/does_uic_have_a_bachelor_program_for_speech/,does_uic_have_a_bachelor_program_for_speech,"I have looked everywhere and have even heard that they offer the Program, but have only seen a master's program. Anyone want to help clarify me on this?",Does UIC have a Bachelor Program for Speech Language Pathology or communication disorders?,Question,2025-06-25T08:53:32.000Z,self,false,Throwaway115_0234,https://www.reddit.com/user/Throwaway115_0234,1,false,false,false,false,false,false,false,false,false,false,0,,1,0,1,true,false,,,false,false,0,false,,true,false,false,,,,,,2025-09-12T18:52:46.636Z,
https://www.reddit.com/r/uichicago/,1000,,uichicago,t5_2shzc,r/uichicago,https://www.reddit.com/r/uichicago,public,29115,https://www.reddit.com/r/uichicago/comments/1ljyuvt/placement_aleks_test/,placement_aleks_test,"Hey so I took my placement test and got a fairly high score (90+), I dont really wanna take a super high level class so was wondering if I had to take the high level class when I go to advising? Thanks",Placement Aleks Test,null,2025-06-25T06:57:02.000Z,self,false,VacationAlarmed7986,https://www.reddit.com/user/VacationAlarmed7986,5,false,false,false,false,false,false,false,false,false,false,0,,4,0,1,false,false,,,false,false,0,false,,true,false,false,,,,,,2025-09-12T18:52:46.636Z,
https://www.reddit.com/r/uichicago/,1000,,uichicago,t5_2shzc,r/uichicago,https://www.reddit.com/r/uichicago,public,29115,https://www.reddit.com/r/uichicago/comments/1ljv3nr/student_feedback_needed/,student_feedback_needed,"Hi everyone, me and a few other people are working on something that we know **will definitely** benefit a lot of fellow students at UIC. I know it's annoying but if anyone who views this could please fill out the attached survey that would be greatly appreciated(*will take literally 30 seconds*). ***Also, there's a chance to win a $10 dollar gift card!!***",Student feedback needed!!,Question,2025-06-25T03:17:10.000Z,"https://external-preview.redd.it/4gk2QD2tHi0M_3Hs4b-gG1i28BlwMAASzyQmANBtIBY.png?width=140&amp;height=73&amp;crop=140:73,smart&amp;auto=webp&amp;s=dcf69b55fc3f5051b10510a28e73ef8a522bbdd0",false,why_is_it_like_this1,https://www.reddit.com/user/why_is_it_like_this1,0,false,false,false,false,false,false,false,false,false,false,0,,4,0,1,true,false,,,false,false,0,false,,true,false,false,,,,,,2025-09-12T18:52:46.636Z,
https://www.reddit.com/r/uichicago/,1000,,uichicago,t5_2shzc,r/uichicago,https://www.reddit.com/r/uichicago,public,29115,https://www.reddit.com/r/uichicago/comments/1ljowg4/are_cty_dorms_actually_that_bad/,are_cty_dorms_actually_that_bad,"I'm an incoming freshman and by the time it was my day to pick, there was only Polk, MRH, and CTY available. I chose CTY bc it was the only one close to the main campus but I told a student worker at class selection that I got CTY and he looked sorry for me. I looked at the online tour and the hall looked super cramped so I'm wondering if it's actually bad. For more info I'm in a D room for 2 people (I think that means the middle one in the suite) and I'm on the 4th floor (I assume at least bc it says 400s) bc I thought it was the highest one and I don't want upstairs neighbors. If anyone has any advice on how to get the best out of the building, I'd be happy to hear.",Are cty dorms actually that bad?,Question,2025-06-24T22:23:20.000Z,self,false,o_bomb0306,https://www.reddit.com/user/o_bomb0306,7,false,false,false,false,false,false,false,false,false,false,0,,10,0,0.92,false,false,,,false,false,0,false,,true,false,false,,,,,,2025-09-12T18:52:46.636Z,
https://www.reddit.com/r/uichicago/,1000,,uichicago,t5_2shzc,r/uichicago,https://www.reddit.com/r/uichicago,public,29115,https://www.reddit.com/r/uichicago/comments/1ljknmz/uic_pre_dental_advising_office_hours/,uic_pre_dental_advising_office_hours,"Hello everyone. I graduated from UIC back in 2023 and lost my access to my school email. For that reason, many of my professors aren’t getting back to me since my email is out of the UIC gmail domain. I’ve been trying to get a hold of the pre dental advisor, Anya Cruz, but can’t seem to find her office hours posted online. Can anyone here help me with that? Thanks in advance  
Quick edit: her office phone# isn’t posted online either.",UIC Pre Dental Advising Office Hours,Question,2025-06-24T19:34:05.000Z,self,false,AbeTheApe-22,https://www.reddit.com/user/AbeTheApe-22,5,false,false,false,false,false,false,false,false,false,false,0,,1,0,1,true,false,,,false,false,0,false,,true,false,false,,,,,,2025-09-12T18:52:46.636Z,
https://www.reddit.com/r/uichicago/,1000,,uichicago,t5_2shzc,r/uichicago,https://www.reddit.com/r/uichicago,public,29115,https://www.reddit.com/r/uichicago/comments/1ljkiuh/need_help_with_mscs_deferral_process_fall_2025_to/,need_help_with_mscs_deferral_process_fall_2025_to,"I was admitted to the MSCS program at UIC for Fall 2025 and recently submitted the official deferral request form via the UIC portal to defer my admission to Fall 2026 due to a serious medical situation in my immediate family.

It’s been a while, and I haven’t received any response yet. Has anyone here gone through the deferral process for the CS grad program? What’s the usual timeline, and is there someone I should follow up with directly?

If anyone knows the relevant contact email(s) for the Graduate Admissions Office or the CS department, I’d really appreciate your help.",Need Help with MSCS Deferral Process (Fall 2025 to Fall 2026) — No Response Yet,Question,2025-06-24T19:28:46.000Z,self,false,stevebuffed,https://www.reddit.com/user/stevebuffed,0,false,false,false,false,false,false,false,false,false,false,0,,1,0,1,true,false,,,false,false,0,false,,true,false,false,,,,,,2025-09-12T18:52:46.636Z,
https://www.reddit.com/r/uichicago/,1000,,uichicago,t5_2shzc,r/uichicago,https://www.reddit.com/r/uichicago,public,29115,https://www.reddit.com/r/uichicago/comments/1ljgcfd/my_annoying_geezer_post_on_what_uic_was_like_in/,my_annoying_geezer_post_on_what_uic_was_like_in,"In another post here, I commented that UIC in its early days, after moving to Harrison/Halsted from its beginnings after World War 2 on Navy Pier (\""Harvard on the Rocks\""), was intentionally hobbled by agreeing to never have dormitories, by the administration in Champaign/Urbana. I don't see any Google records of that restriction in print anymore, but that was what we understood as students back in the early 1970s. Obviously that changed in the 1980s and dorms finally got built. 

Nevertheless, UIC managed to be awesome in many ways. For instance, a lot of pioneering research in computer graphics and vector displays was done by a collaboration of the Art, Computer, Mathematics, and Engineering departments, led by Dan Sandin, Tom DeFanti, Gunther Tetz, and others. The wire-frame image of the Death Star in the first \""Star Wars\"" movie was created on campus.

I was thinking about some of the amazing free music concerts we had on campus at UIC back in the early 1970s, both outdoors and in the Illinois Room. Searched on Google for Crazy Steve Szegho, the student promoter of most of the best music on campus. Seems he passed away at age 73 a few months ago.    

Between the Amazingrace collective at Northwestern and Crazy Steve Productions at UIC, Chicago was the place to be.

\""Farewell to a larger-than-life architect of Chicago’s concert ecosystem - Chicago Reader\""
 https://share.google/AGK9v6MGmhPrTygA5",My annoying geezer post on what UIC was like in 1970,null,2025-06-24T16:52:13.000Z,self,false,thloki,https://www.reddit.com/user/thloki,5,false,false,false,false,false,false,false,false,false,false,0,,111,0,0.98,false,false,,,false,false,0,false,,true,false,false,,,,,,2025-09-12T18:52:46.636Z,
https://www.reddit.com/r/uichicago/,1000,,uichicago,t5_2shzc,r/uichicago,https://www.reddit.com/r/uichicago,public,29115,https://www.reddit.com/r/uichicago/comments/1lizrdc/did_anyone_get_this_or_am_i_being_scammed/,did_anyone_get_this_or_am_i_being_scammed,I received this email earlier but i dont have more than 2-3 emails. I only have one under UIC. I tried to see if the person that sent it is under the staff directory but i cant seem to find the name. What should i do? Should i call the school?,Did anyone get this or am i being scammed?,Question,2025-06-24T02:35:51.000Z,"https://external-preview.redd.it/AF82Hp3k_pDIJW5klpH9WWJtH7UvXBaB-3yiqr4NvQM.jpeg?width=140&amp;height=140&amp;crop=140:140,smart&amp;auto=webp&amp;s=ffa8f7b359ae576aed9c4ad36b80709e1285270a",true,faerydaisy,https://www.reddit.com/user/faerydaisy,23,false,false,false,false,false,false,false,false,false,false,0,,22,0,0.92,false,false,,,false,false,0,false,,true,false,false,,,,,,2025-09-12T18:52:46.636Z,
https://www.reddit.com/r/uichicago/,1000,,uichicago,t5_2shzc,r/uichicago,https://www.reddit.com/r/uichicago,public,29115,https://www.reddit.com/r/uichicago/comments/1liwaq7/uic_payment_plan/,uic_payment_plan,"I’m joining the payment plan for UIC and it’s kind of confusing. I know to put in the financial aid I got for the fall semester, but I also get 50% off tuition waiver because my mom works at the hospital and it’s not shown on my financial aid notification yet. Should I include it anyway?",UIC payment plan?,Question,2025-06-23T23:46:52.000Z,self,false,pandesalmama,https://www.reddit.com/user/pandesalmama,2,false,false,false,false,false,false,false,false,false,false,0,,3,0,0.81,false,false,,,false,false,0,false,,true,false,false,,,,,,2025-09-12T18:52:46.637Z,
https://www.reddit.com/r/uichicago/,1000,,uichicago,t5_2shzc,r/uichicago,https://www.reddit.com/r/uichicago,public,29115,https://www.reddit.com/r/uichicago/comments/1lierrw/any_asl_classes_or_clubs/,any_asl_classes_or_clubs,Hi guys! I was wondering if uic a had a asl( American Sign Language) club or class. I really want to learn but I’m not sure where or how to start.,Any asl classes or clubs,null,2025-06-23T12:02:12.000Z,self,false,Popular_Ad_3722,https://www.reddit.com/user/Popular_Ad_3722,3,false,false,false,false,false,false,false,false,false,false,0,,7,0,0.82,false,false,,,false,false,0,false,,true,false,false,,,,,,2025-09-12T18:52:46.637Z,
https://www.reddit.com/r/uichicago/,1000,,uichicago,t5_2shzc,r/uichicago,https://www.reddit.com/r/uichicago,public,29115,https://www.reddit.com/r/uichicago/comments/1lhxgs1/genetics_4pm_next_semester/,genetics_4pm_next_semester,"Is anybody here taking genetics at 4PM next semester? If you are, PLEASE shoot me a text!",GENETICS 4PM NEXT SEMESTER,null,2025-06-22T20:15:19.000Z,self,false,DWK307,https://www.reddit.com/user/DWK307,0,false,false,false,false,false,false,false,false,false,false,0,,1,0,0.67,true,false,,,false,false,0,false,,true,false,false,,,,,,2025-09-12T18:52:46.637Z,
https://www.reddit.com/r/uichicago/,1000,,uichicago,t5_2shzc,r/uichicago,https://www.reddit.com/r/uichicago,public,29115,https://www.reddit.com/r/uichicago/comments/1lhfmo5/uic_requests_unpaid_work_for_job_interview_then/,uic_requests_unpaid_work_for_job_interview_then,"Friday at 6:00pm of Memorial Day Weekend, the office of strategic communications emailed all applicants for a copywriter and content strategist role to submit a \""questionnaire\"" due by EOD Wednesday the next week, less than 48 business hours later. The questionnaire was basically a day's worth of work. The fun part, after turning in the work; UIC decided to cancel the role.

  
If this happened to you, know that you are entitled to compensation for your time worked by law. The Illinois Department of Labor suggested submitting a claim for unpaid wages and I'm suggesting that everyone who experienced this to do the same. If you're thinking of applying to study or work at UIC, know that this is what to expect.",UIC Requests unpaid work for job interview then cancels role,null,2025-06-22T04:46:27.000Z,self,false,w0kestradamus,https://www.reddit.com/user/w0kestradamus,5,false,false,false,false,false,false,false,false,false,false,0,,37,0,0.93,false,false,,,false,false,0,false,,true,false,false,,,,,,2025-09-12T18:52:46.637Z,
https://www.reddit.com/r/uichicago/,1000,,uichicago,t5_2shzc,r/uichicago,https://www.reddit.com/r/uichicago,public,29115,https://www.reddit.com/r/uichicago/comments/1lhe2ua/need_help_signing_up_for_physics_141/,need_help_signing_up_for_physics_141,"I am an incoming freshman. I had already had my advising, but I didn't take my physics placement exam, so I didn't choose my classes at advising. I took it afterward. It recommended Physics 141, but when I try to sign up for it, it gives me an error. I emailed my advisor around a week ago and have not received a response, so I have taken it to Reddit to seek advice. Who should I contact in the Physics Department for this issue?

Additionally, I cannot sign up for the lecture class, just the lab, since it is full. What do I do? I am so lost and need help; any advice, like the correct person to reach out to, would be greatly appreciated. 

https://preview.redd.it/eidm45whbe8f1.png?width=725&amp;format=png&amp;auto=webp&amp;s=f25c6622057428442b6ebebf7a1cb46129bad70b

https://preview.redd.it/ekn1wltbbe8f1.png?width=210&amp;format=png&amp;auto=webp&amp;s=4c39117444d6d21688cc58183e1b2ff9fee35ac3",Need help signing up for Physics 141.,Question,2025-06-22T03:14:58.000Z,https://b.thumbs.redditmedia.com/ljQPtlS1_PU0Cmj8qOUYUn40njKLAZB9si5rJVgwoFE.jpg,false,Cool_Fly_7342,https://www.reddit.com/user/Cool_Fly_7342,5,false,false,false,false,false,false,false,false,false,false,0,,1,0,0.67,true,false,,,false,false,0,false,,true,false,false,,,,,,2025-09-12T18:52:46.637Z,
https://www.reddit.com/r/uichicago/,1000,,uichicago,t5_2shzc,r/uichicago,https://www.reddit.com/r/uichicago,public,29115,https://www.reddit.com/r/uichicago/comments/1lh3fo9/looking_for_housings_and_roommates/,looking_for_housings_and_roommates,"Hey, I’m currently looking for Private accommodation in 600 - 700$ near the East Campus with female roommates who are coming to UIC in fall 2025. If you guys have any spots or are willing to join, please feel free to reach out!!",Looking for housings and Roommates!!!!,null,2025-06-21T18:33:02.000Z,self,false,Few_Instruction_7830,https://www.reddit.com/user/Few_Instruction_7830,0,false,false,false,false,false,false,false,false,false,false,0,,0,0,0.5,true,false,,,false,false,0,false,,true,false,false,,,,,,2025-09-12T18:52:46.637Z,
https://www.reddit.com/r/uichicago/,1000,,uichicago,t5_2shzc,r/uichicago,https://www.reddit.com/r/uichicago,public,29115,https://www.reddit.com/r/uichicago/comments/1lgmqz5/what_is_going_on_with_gpip/,what_is_going_on_with_gpip,"DISREGARD EMAILS ALREADY SENT OUT

The UIC Engineering Department asked us all to be on the lookout for updates, but are we all in the 'wait for approval' to work phase'? They warned us that an internship can start mid June, but since it's the 20th does that mean we can be called in to work literally any day and need to show up the next? It kind of feels all down to the wire as all our friends and family want to plan things with us and have personal endeavors, and every literal day when I wake up and go to bed I get asked 'How's the internship going? You need to get on that.' Not only venting about myself, but I feel like others in the GPIP program are probably feeling it too. If anyone has any answers or has done GPIP in the past please reach out. 

I also found this statement on the GPIP website.   
\""**The Guaranteed Paid Internship Program is currently under construction. Please check back here for updates in Fall 2025. We look forward to sharing the new and improved program with you!**\""  
Does this mean the program is shut down just all of a sudden? Everything hearing about our university and other colleges being defunded under this administration is not only been speculated, but it is currently happening all across are college and the country and I am wondering if our internship program (a big reason why we even choose UIC engineering in the first place) has fallen too? 

Edit: Got email last night lmaooo
Disregard",What is going on with GPIP?,Question,2025-06-21T03:19:51.000Z,self,false,MaintenanceFormal960,https://www.reddit.com/user/MaintenanceFormal960,13,true,false,false,false,false,false,false,false,false,false,0,,21,0,0.96,false,false,,,false,false,0,false,,true,false,false,,,,,,2025-09-12T18:52:46.637Z,
https://www.reddit.com/r/uichicago/,1000,,uichicago,t5_2shzc,r/uichicago,https://www.reddit.com/r/uichicago,public,29115,https://www.reddit.com/r/uichicago/comments/1lgfl6c/who_took_math_310_with_taylor_greg/,who_took_math_310_with_taylor_greg,,Who took math 310 with Taylor greg?,Question,2025-06-20T21:27:39.000Z,self,false,Excellent_Jacket_722,https://www.reddit.com/user/Excellent_Jacket_722,7,false,false,false,false,false,false,false,false,false,false,0,,2,0,0.76,false,false,,,false,false,0,false,,true,false,false,,,,,,2025-09-12T18:52:46.637Z,
https://www.reddit.com/r/uichicago/,1000,,uichicago,t5_2shzc,r/uichicago,https://www.reddit.com/r/uichicago,public,29115,https://www.reddit.com/r/uichicago/comments/1lgbc0f/ses_to_etmsw_by_walk/,ses_to_etmsw_by_walk,"Incoming freshman! Wondering if it’s possible within 10 minutes   I might have to take two classes back to back within these two buildings (MATH 180 and PSCH 242). I noticed it’s like… the complete opposite sides of campus. It would also be Friday at 2:50 pm (my classes start at 9 am) so I might be a little tired out. I could just take PSCH at 4pm, but that would mean I have an hour gap and I don’t know what I’d do (also, ew. Friday 9-5).",SES to ETMSW by walk?,Question,2025-06-20T18:29:14.000Z,"https://external-preview.redd.it/euAHUec4ljU6xp9DkOG94QPrJCcDbMLbjJYkR-22_eI.jpeg?width=140&amp;height=105&amp;crop=140:105,smart&amp;auto=webp&amp;s=06671ce67235a9b5520b0147a26d66e6d31d12c7",true,Glum_Clerk5558,https://www.reddit.com/user/Glum_Clerk5558,5,false,false,false,false,false,false,false,false,false,false,0,,2,0,0.67,false,false,,,false,false,0,false,,true,false,false,,,,,,2025-09-12T18:52:46.637Z,
https://www.reddit.com/r/uichicago/,1000,,uichicago,t5_2shzc,r/uichicago,https://www.reddit.com/r/uichicago,public,29115,https://www.reddit.com/r/uichicago/comments/1lg9wpl/transfer_student_from_depaul_class_registration/,transfer_student_from_depaul_class_registration,"I’m a new transfer student at UIC from DePaul, and I’m running into some issues registering for classes. My final grades just got released today, and I immediately sent my updated transcript to UIC.

My advisor sent me a list of classes to take for my major, but I’m not able to register for some of them because they require prerequisites that are covered by the classes I just completed (and are on that transcript). Since the transcript just got sent, I think the system hasn’t processed it yet — and the classes I need are starting to fill up.

I’ve already emailed my advisor and scheduled an appointment, but I’m worried I’ll miss out on those classes by the time things get sorted. Has anyone dealt with this before? Is there a way to get around this or have prerequisites temporarily waived until the transcript is processed?",Transfer student from DePaul - class registration issues with prerequisites,Question,2025-06-20T17:31:16.000Z,self,false,Brave_Carrot_8824,https://www.reddit.com/user/Brave_Carrot_8824,1,false,false,false,false,false,false,false,false,false,false,0,,4,0,0.84,false,false,,,false,false,0,false,,true,false,false,,,,,,2025-09-12T18:52:46.637Z,
https://www.reddit.com/r/uichicago/,1000,,uichicago,t5_2shzc,r/uichicago,https://www.reddit.com/r/uichicago,public,29115,https://www.reddit.com/r/uichicago/comments/1lg9lit/rate_my_schedule/,rate_my_schedule,I'm a sophomore on the GPPA Pharmacy track and dorming.,Rate my schedule,null,2025-06-20T17:18:48.000Z,"https://external-preview.redd.it/a_w4ud2-95APE216Y2K-fs1fsJCbReyPDUMoSdPXWkU.jpeg?width=140&amp;height=82&amp;crop=140:82,smart&amp;auto=webp&amp;s=0cf1f12edd2175a2cc06cc0d199dff212689406b",true,Different-Home8000,https://www.reddit.com/user/Different-Home8000,0,false,false,false,false,false,false,false,false,false,false,0,,3,0,0.8,false,false,,,false,false,0,false,,true,false,false,,,,,,2025-09-12T18:52:46.638Z,
https://www.reddit.com/r/uichicago/,1000,,uichicago,t5_2shzc,r/uichicago,https://www.reddit.com/r/uichicago,public,29115,https://www.reddit.com/r/uichicago/comments/1lg5nyg/rate_my_schedule/,rate_my_schedule,I also have an online class that’s not showing up here which is a food and culture class. I’m gonna major in public policy and I’m also in the honors college.,Rate my schedule,null,2025-06-20T14:39:55.000Z,"https://external-preview.redd.it/s5Ctxln5AlX2EhzuTX4vtLR6v4iOTP_dCGhVSP4_5OQ.jpeg?width=140&amp;height=105&amp;crop=140:105,smart&amp;auto=webp&amp;s=1cc27e9c462b4daa42796d1ed37d74476b2a063d",true,flick12349,https://www.reddit.com/user/flick12349,3,false,false,false,false,false,false,false,false,false,false,0,,1,0,0.67,true,false,,,false,false,0,false,,true,false,false,,,,,,2025-09-12T18:52:46.638Z,
https://www.reddit.com/r/uichicago/,1000,,uichicago,t5_2shzc,r/uichicago,https://www.reddit.com/r/uichicago,public,29115,https://www.reddit.com/r/uichicago/comments/1lg112t/good_schedule_for_freshman_year/,good_schedule_for_freshman_year,"For context, I wake up at 6 am each morning, even without prompting, and wanted morning classes",Good Schedule for Freshman Year?,Question,2025-06-20T10:54:23.000Z,"https://external-preview.redd.it/3a-m9FsAjfyIr_58_emC1hMr-uLyvi5P7efpO0Y6lFI.jpeg?width=140&amp;height=105&amp;crop=140:105,smart&amp;auto=webp&amp;s=88672881e3e52ca4bb782e701e6c888e70caf3b5",true,snazzyofthejazzy,https://www.reddit.com/user/snazzyofthejazzy,1,false,false,false,false,false,false,false,false,false,false,0,,5,0,0.86,false,false,,,false,false,0,false,,true,false,false,,,,,,2025-09-12T18:52:46.638Z,
https://www.reddit.com/r/uichicago/,1000,,uichicago,t5_2shzc,r/uichicago,https://www.reddit.com/r/uichicago,public,29115,https://www.reddit.com/r/uichicago/comments/1lfwqz2/rate_my_schedule/,rate_my_schedule,I am a incoming freshman majoring in biology to become a veterinarian. I’ll be forming at courtyard and was just wondering how good my schedule is. Thank you!,Rate my schedule,null,2025-06-20T06:13:08.000Z,"https://external-preview.redd.it/rrydvLjXcj5kAlscT2MNlAcD5HF7OmDHah5Vov0-27E.jpeg?width=140&amp;height=105&amp;crop=140:105,smart&amp;auto=webp&amp;s=9d26de55f43f4ad01cf416865a1d695960c5ea88",true,Frequent_Patient5189,https://www.reddit.com/user/Frequent_Patient5189,3,false,false,false,false,false,false,false,false,false,false,0,,2,0,0.75,false,false,,,false,false,0,false,,true,false,false,,,,,,2025-09-12T18:52:46.638Z,
https://www.reddit.com/r/uichicago/,1000,,uichicago,t5_2shzc,r/uichicago,https://www.reddit.com/r/uichicago,public,29115,https://www.reddit.com/r/uichicago/comments/1lftkso/hell_schedule_also_3pm_or_4pm_for_psch_242/,hell_schedule_also_3pm_or_4pm_for_psch_242,"Incoming freshman CS major w/ HCC concentration and Psych minor here. Living on-campus in JST. This bad? I also have to choose between 3pm and 4pm PSCH 242. I’d prefer the 3pm because I don’t know what I’ll do in between classes, but not sure about the 10 min timeframe to make it from SES to ETMSW on Friday.

I wanted Thursday to be a crash day and just start the day with ENG 161 at 12:30pm, but the other options for ENGR 100 would have me running between ETMSW and TBH within 10 minutes  .

Also if anyone has comments on the professors, please let me know!! I’d love any advice as well.",hell schedule? also 3pm or 4pm for PSCH 242?,Question,2025-06-20T03:06:47.000Z,"https://external-preview.redd.it/033ElUmLfEEzYUBKMv3muXIBnx_eYZ9aC9dhS56Xug4.jpeg?width=140&amp;height=105&amp;crop=140:105,smart&amp;auto=webp&amp;s=9ff220feaa78bce5785d30b8532ea3288c02ca63",false,Glum_Clerk5558,https://www.reddit.com/user/Glum_Clerk5558,7,false,false,false,false,false,false,false,false,false,false,0,,2,0,0.63,false,false,,,false,false,0,false,,true,false,false,,,,,,2025-09-12T18:52:46.638Z,
https://www.reddit.com/r/uichicago/,1000,,uichicago,t5_2shzc,r/uichicago,https://www.reddit.com/r/uichicago,public,29115,https://www.reddit.com/r/uichicago/comments/1lfpk5p/should_i_skip_cs_111_andor_cs_141/,should_i_skip_cs_111_andor_cs_141,"Incoming freshman here, CS major and Psych minor. I got CS 111 credit through my placement test, and I think I got a 4 on AP CSA so I may get CS 141 credit as well. Is it worth moving on to CS 141 and/or 151? I have no computer science background apart from the Java I learned in AP CSA and basic middle school projects. Wondering if it’s better to take the safe route and just retake the class in college to ensure I have the basics down.",Should I skip CS 111 and/or CS 141?,Question,2025-06-19T23:42:23.000Z,self,false,Glum_Clerk5558,https://www.reddit.com/user/Glum_Clerk5558,12,false,false,false,false,false,false,false,false,false,false,0,,6,0,0.8,false,false,,,false,false,0,false,,true,false,false,,,,,,2025-09-12T18:52:46.638Z,
https://www.reddit.com/r/uichicago/,1000,,uichicago,t5_2shzc,r/uichicago,https://www.reddit.com/r/uichicago,public,29115,https://www.reddit.com/r/uichicago/comments/1lfnvw2/switching_declared_majors/,switching_declared_majors,So basically im wanting to switch my major and was unaware who I would contact for that. I’m aware it would typically be your academic advisor but mine no longer works there,Switching declared majors,null,2025-06-19T22:25:00.000Z,self,false,hirma_,https://www.reddit.com/user/hirma_,2,false,false,false,false,false,false,false,false,false,false,0,,3,0,1,false,false,,,false,false,0,false,,true,false,false,,,,,,2025-09-12T18:52:46.638Z,
https://www.reddit.com/r/uichicago/,1000,,uichicago,t5_2shzc,r/uichicago,https://www.reddit.com/r/uichicago,public,29115,https://www.reddit.com/r/uichicago/comments/1lfieex/offer_for_incoming_firstyear_college_of/,offer_for_incoming_firstyear_college_of,"Are there any incoming College of Engineering students with an advising appointment BEFORE July 6th who are willing to give their spot for $. I’m leaving the country from July 6th-August 19th and cannot attend any of the available sessions because they are all in mid-July

If so, dm me on this Reddit account",Offer for incoming first-year College of Engineering students,null,2025-06-19T18:35:45.000Z,self,false,Least_Afternoon_7056,https://www.reddit.com/user/Least_Afternoon_7056,4,false,false,false,false,false,false,false,false,false,false,0,,2,0,1,false,false,,,false,false,0,false,,true,false,false,,,,,,2025-09-12T18:52:46.638Z,
https://www.reddit.com/r/uichicago/,1000,,uichicago,t5_2shzc,r/uichicago,https://www.reddit.com/r/uichicago,public,29115,https://www.reddit.com/r/uichicago/comments/1lfflcc/stat_381_study_group/,stat_381_study_group,does anyone want to form a study group for this class?,stat 381 study group,null,2025-06-19T16:46:00.000Z,self,false,Ordinary_Ball_9856,https://www.reddit.com/user/Ordinary_Ball_9856,0,false,false,false,false,false,false,false,false,false,false,0,,1,0,1,true,false,,,false,false,0,false,,true,false,false,,,,,,2025-09-12T18:52:46.639Z,
https://www.reddit.com/r/uichicago/,1000,,uichicago,t5_2shzc,r/uichicago,https://www.reddit.com/r/uichicago,public,29115,https://www.reddit.com/r/uichicago/comments/1lfbmxh/uic_con_msn_de/,uic_con_msn_de,Has anyone been taken off the waitlist for UIC MSN direct entry? For the Chicago campus?,UIC CON MSN DE,null,2025-06-19T14:04:28.000Z,self,false,Recent_Use_352,https://www.reddit.com/user/Recent_Use_352,0,false,false,false,false,false,false,false,false,false,false,0,,1,0,0.66,true,false,,,false,false,0,false,,true,false,false,,,,,,2025-09-12T18:52:53.191Z,
https://www.reddit.com/r/uichicago/,1000,,uichicago,t5_2shzc,r/uichicago,https://www.reddit.com/r/uichicago,public,29115,https://www.reddit.com/r/uichicago/comments/1lf1a40/letterman_4x2_1244_sq_ft_relet/,letterman_4x2_1244_sq_ft_relet,"Hello everyone, 

I'm looking for someone to take over my year long lease (8/17/2025 - 7/31/2026) in a fully furnished 4BR/2BA apartment located in West Loop - Right outside of UIC campus, and CTA Blue Line. The rent is $1080/month with all utilities included. Currently, the apartment is going for $1,155 on the letterman website. 

If you're interested or have any questions, feel free to reach out!!!","Letterman 4x2 (1,244 sq. ft) Relet",null,2025-06-19T03:58:10.000Z,self,false,ShoddyPossible2071,https://www.reddit.com/user/ShoddyPossible2071,0,false,false,false,false,false,false,false,false,false,false,0,,4,0,1,false,false,,,false,false,0,false,,true,false,false,,,,,,2025-09-12T18:52:53.191Z,
https://www.reddit.com/r/uichicago/,1000,,uichicago,t5_2shzc,r/uichicago,https://www.reddit.com/r/uichicago,public,29115,https://www.reddit.com/r/uichicago/comments/1lev90d/physics_141_placement_exam/,physics_141_placement_exam,Hello! I was just wondering what you needed out of 10 possible points to be eligible for PHYS 141? And not be put in the PHYS 100 class,Physics 141 Placement Exam,Question,2025-06-18T22:58:33.000Z,self,false,Neat-Meat4779,https://www.reddit.com/user/Neat-Meat4779,3,false,false,false,false,false,false,false,false,false,false,0,,2,0,1,false,false,,,false,false,0,false,,true,false,false,,,,,,2025-09-12T18:52:53.191Z,
https://www.reddit.com/r/uichicago/,1000,,uichicago,t5_2shzc,r/uichicago,https://www.reddit.com/r/uichicago,public,29115,https://www.reddit.com/r/uichicago/comments/1lesnkc/reaffirmation_process_for_loans_at_uic/,reaffirmation_process_for_loans_at_uic,Has anyone had to complete the reaffirmation for their federal loans with UIC? I accidentally over borrowed on my loans which is blocking my summer loan from being disbursed. UIC has locked me out of all financial aid sections of my UIC. Anyone know how long the reaffirmation process takes?,Reaffirmation process for loans at UIC?,Question,2025-06-18T21:07:36.000Z,self,false,Impossible-Yard-3020,https://www.reddit.com/user/Impossible-Yard-3020,0,false,false,false,false,false,false,false,false,false,false,0,,2,0,1,false,false,,,false,false,0,false,,true,false,false,,,,,,2025-09-12T18:52:53.191Z,
https://www.reddit.com/r/uichicago/,1000,,uichicago,t5_2shzc,r/uichicago,https://www.reddit.com/r/uichicago,public,29115,https://www.reddit.com/r/uichicago/comments/1lerocf/offer_for_incoming_firstyear_college_of/,offer_for_incoming_firstyear_college_of,"Are there any incoming College of Engineering students with an advising appointment BEFORE July 6th who are willing to give their spot for $. I’m leaving the country from July 6th-August 19th and cannot attend any of the available sessions because they are all in mid-July

If so, dm me on this Reddit account",Offer for incoming first-year College of Engineering Students,null,2025-06-18T20:28:07.000Z,self,false,Least_Afternoon_7056,https://www.reddit.com/user/Least_Afternoon_7056,2,false,false,false,false,false,false,false,false,false,false,0,,1,0,1,true,false,,,false,false,0,false,,true,false,false,,,,,,2025-09-12T18:52:53.191Z,
https://www.reddit.com/r/uichicago/,1000,,uichicago,t5_2shzc,r/uichicago,https://www.reddit.com/r/uichicago,public,29115,https://www.reddit.com/r/uichicago/comments/1lep3a8/is_uic_camp_fire_worth_it/,is_uic_camp_fire_worth_it,"Hey guys. I was at orientation yesterday, and in one of the presentations, they talked about UIC Campfire. It's a 3-day extended orientation for new UIC students (Aug 20-22) 

How is the campfire? Is it worth the $100? What usually happens? Do y'all recommend going?",Is UIC Camp Fire Worth it?,Question,2025-06-18T18:45:15.000Z,self,false,Proof-Spite2679,https://www.reddit.com/user/Proof-Spite2679,5,false,false,false,false,false,false,false,false,false,false,0,,8,0,0.83,false,false,,,false,false,0,false,,true,false,false,,,,,,2025-09-12T18:52:53.191Z,
https://www.reddit.com/r/uichicago/,1000,,uichicago,t5_2shzc,r/uichicago,https://www.reddit.com/r/uichicago,public,29115,https://www.reddit.com/r/uichicago/comments/1lelhnd/any_way_to_leave_orientation_early/,any_way_to_leave_orientation_early,"Not trying to get in trouble here but genuinely, I am super overwhelmed and am not present at ALL! 

I didn’t realize I’d need disability accoms for something like this since it’s just like a general assembly type vibe, but I may or may not be dying rn after not being in an environment like this for years and the orientation groups literally had me shaking + crying in the bathroom :p",Any way to leave orientation early?,Question,2025-06-18T16:25:34.000Z,self,false,No-Cup-8717,https://www.reddit.com/user/No-Cup-8717,21,false,false,false,false,false,false,false,false,false,false,0,,28,0,0.83,false,false,,,false,false,0,false,,true,false,false,,,,,,2025-09-12T18:52:53.192Z,
https://www.reddit.com/r/uichicago/,1000,,uichicago,t5_2shzc,r/uichicago,https://www.reddit.com/r/uichicago,public,29115,https://www.reddit.com/r/uichicago/comments/1lefft5/financial_aid_help_in_person_or_email/,financial_aid_help_in_person_or_email,My financial aid for the summer has not disbursed yet. I'm not really getting concrete answers from financial aid via email. Is it better to go in person to the office? Any advice to have them give me a disbursement date as I need the funds for supplies for my classes that already began.,Financial aid help: in person or email?,Question,2025-06-18T12:09:53.000Z,self,false,Impossible-Yard-3020,https://www.reddit.com/user/Impossible-Yard-3020,3,false,false,false,false,false,false,false,false,false,false,0,,1,0,0.67,true,false,,,false,false,0,false,,true,false,false,,,,,,2025-09-12T18:52:53.192Z,
https://www.reddit.com/r/uichicago/,1000,,uichicago,t5_2shzc,r/uichicago,https://www.reddit.com/r/uichicago,public,29115,https://www.reddit.com/r/uichicago/comments/1lear5x/starting_my_masters_this_fall_2025_at_uic_and/,starting_my_masters_this_fall_2025_at_uic_and,"Hi everyone!I'm an international student, and I'm joining UIC this fall (starting in August). I'm currently looking for a safe, friendly place to live near the East Campus. It’d be a big plus if the place comes with some basic furniture, but I’m open to different options. I’m super tidy and really value keeping my space clean and organized. If you know of any available leases or are looking for a roommate, I’d love to connect!Thanks so much in advance!",Starting my Masters this fall 2025 at UIC and looking for housing/room! Any information will help!,Question,2025-06-18T07:13:01.000Z,self,false,Key_Prior_4500,https://www.reddit.com/user/Key_Prior_4500,1,false,false,false,false,false,false,false,false,false,false,0,,1,0,0.67,true,false,,,false,false,0,false,,true,false,false,,,,,,2025-09-12T18:52:53.192Z,
https://www.reddit.com/r/uichicago/,1000,,uichicago,t5_2shzc,r/uichicago,https://www.reddit.com/r/uichicago,public,29115,https://www.reddit.com/r/uichicago/comments/1leaq15/how_to_activate_my_uic_net_id/,how_to_activate_my_uic_net_id,"Hi everyone, I don’t know why my process always appear as final step but not successfully activated. I did access my email already at Microsoft outlook, but I can’t still not activate my UiC net id. Is there anyone who used to be in me situation. Hope to receive your help.",How to activate my UIC net id,null,2025-06-18T07:11:06.000Z,"https://external-preview.redd.it/K4GG2vpuJPAZNd758TG_4UbsPpa_NyUNR5OiedgZvZ0.jpeg?width=140&amp;height=140&amp;crop=140:140,smart&amp;auto=webp&amp;s=cbcf67b60b6b21d80aa01b8864e90f866408a311",true,Old_Physics2985,https://www.reddit.com/user/Old_Physics2985,4,false,false,false,false,false,false,false,false,false,false,0,,1,0,0.67,true,false,,,false,false,0,false,,true,false,false,,,,,,2025-09-12T18:52:53.192Z,
https://www.reddit.com/r/uichicago/,1000,,uichicago,t5_2shzc,r/uichicago,https://www.reddit.com/r/uichicago,public,29115,https://www.reddit.com/r/uichicago/comments/1lea51k/how_to_register_for_classes/,how_to_register_for_classes,"Hi everyone, I’m freshman and have many things that I don’t know. How do you guys register for your classes. I’m out of state student so I cannot meet my counselor in person. Is there anyway that I can meet them online. Please help me",How to register for classes,null,2025-06-18T06:32:54.000Z,self,false,Old_Physics2985,https://www.reddit.com/user/Old_Physics2985,4,false,false,false,false,false,false,false,false,false,false,0,,1,0,0.67,true,false,,,false,false,0,false,,true,false,false,,,,,,2025-09-12T18:52:53.192Z,
https://www.reddit.com/r/uichicago/,1000,,uichicago,t5_2shzc,r/uichicago,https://www.reddit.com/r/uichicago,public,29115,https://www.reddit.com/r/uichicago/comments/1le7sqw/computer_engineering_laptop_minimum_requirements/,computer_engineering_laptop_minimum_requirements,"I 18(m) have a laptop(i7-1165G7, 8dd4 3200mhz, 1tb gen4 nvme) and I'm worried that this wont be enough for my later classes or my upcoming ECE115 class. My first year is just gen eds, cs 107 and ECE 115 are my biggest worries for my first semester, but I'm thinking I'll be fine. if i do upgrade would a 3050 or 4050 be enough for a GPU?",Computer engineering laptop minimum requirements?,Question,2025-06-18T04:09:38.000Z,self,false,Jumpy_War7362,https://www.reddit.com/user/Jumpy_War7362,5,false,false,false,false,false,false,false,false,false,false,0,,1,0,0.57,false,false,,,false,false,0,false,,true,false,false,,,,,,2025-09-12T18:52:53.192Z,
https://www.reddit.com/r/uichicago/,1000,,uichicago,t5_2shzc,r/uichicago,https://www.reddit.com/r/uichicago,public,29115,https://www.reddit.com/r/uichicago/comments/1le7c0j/made_a_computer_science_meme_warning_loud/,made_a_computer_science_meme_warning_loud,https://reddit.com/link/1le7c0j/video/55p73tyaxl7f1/player,Made a Computer Science Meme (WARNING LOUD),null,2025-06-18T03:43:25.000Z,self,false,MaintenanceFormal960,https://www.reddit.com/user/MaintenanceFormal960,0,false,false,false,false,false,false,false,false,false,false,0,,7,0,0.77,false,false,,,false,false,0,false,,true,false,false,,,,,,2025-09-12T18:52:53.192Z,
https://www.reddit.com/r/uichicago/,1000,,uichicago,t5_2shzc,r/uichicago,https://www.reddit.com/r/uichicago,public,29115,https://www.reddit.com/r/uichicago/comments/1le6ae9/buying_stuff_for_dorms/,buying_stuff_for_dorms,hey! does anyone have any dorm life must haves they can share?,buying stuff for dorms,null,2025-06-18T02:48:38.000Z,self,false,cloudsrcute,https://www.reddit.com/user/cloudsrcute,8,false,false,false,false,false,false,false,false,false,false,0,,2,0,0.75,false,false,,,false,false,0,false,,true,false,false,,,,,,2025-09-12T18:52:53.192Z,
https://www.reddit.com/r/uichicago/,1000,,uichicago,t5_2shzc,r/uichicago,https://www.reddit.com/r/uichicago,public,29115,https://www.reddit.com/r/uichicago/comments/1le5i22/i_just_graduated_so_its_my_time_to_say_goodbye_to/,i_just_graduated_so_its_my_time_to_say_goodbye_to,Good luck everyone,I just graduated so it’s my time to say goodbye to this subreddit,null,2025-06-18T02:08:45.000Z,self,false,Any_Brilliant1192,https://www.reddit.com/user/Any_Brilliant1192,43,false,false,false,false,false,false,false,false,false,false,0,,102,0,0.93,false,false,,,false,false,0,false,,true,false,false,,,,,,2025-09-12T18:52:53.192Z,
https://www.reddit.com/r/uichicago/,1000,,uichicago,t5_2shzc,r/uichicago,https://www.reddit.com/r/uichicago,public,29115,https://www.reddit.com/r/uichicago/comments/1le4ur3/offer_for_incoming_firstyear_college_of/,offer_for_incoming_firstyear_college_of,"Are there any incoming College of Engineering students with an advising appointment BEFORE July 6th who are willing to give their spot for $. I’m leaving the country from July 6th-August 19th and cannot attend any of the available sessions because they are all in mid-July

  
If so, dm me on this Reddit account",Offer for incoming first-year College of Engineering students,null,2025-06-18T01:35:53.000Z,self,false,Least_Afternoon_7056,https://www.reddit.com/user/Least_Afternoon_7056,0,false,false,false,false,false,false,false,false,false,false,0,,5,0,1,false,false,,,false,false,0,false,,true,false,false,,,,,,2025-09-12T18:52:53.192Z,
https://www.reddit.com/r/uichicago/,1000,,uichicago,t5_2shzc,r/uichicago,https://www.reddit.com/r/uichicago,public,29115,https://www.reddit.com/r/uichicago/comments/1le3a48/virtual_advising_appointment/,virtual_advising_appointment,I recently applied for advising and transportation to the city is difficult for me (I have no car and my parents both work in a hospital) so I opted for a virtual meeting with my advisor. After I finished applying I never got anything after telling me how the virtual process would go. Do I just get sent a link the day before my appointment on how to set up for the meeting? Or is there something else I have to do. I’m a confused freshman so anything helps,Virtual Advising Appointment,null,2025-06-18T00:17:57.000Z,self,false,pandesalmama,https://www.reddit.com/user/pandesalmama,7,false,false,false,false,false,false,false,false,false,false,0,,2,0,1,false,false,,,false,false,0,false,,true,false,false,,,,,,2025-09-12T18:52:53.193Z,
https://www.reddit.com/r/uichicago/,1000,,uichicago,t5_2shzc,r/uichicago,https://www.reddit.com/r/uichicago,public,29115,https://www.reddit.com/r/uichicago/comments/1le0iq5/are_these_accurate_numbers/,are_these_accurate_numbers,"I see between 75% and 79% acceptance rate, but this dude claims it's 55%

[https://www.clastify.com/blog/acceptance-rates/uic](https://www.clastify.com/blog/acceptance-rates/uic)",Are these accurate numbers???????,Question,2025-06-17T22:13:08.000Z,self,false,Nismo_Tuning,https://www.reddit.com/user/Nismo_Tuning,2,false,false,false,false,false,false,false,false,false,false,0,,2,0,0.75,false,false,,,false,false,0,false,,true,false,false,,,,,,2025-09-12T18:52:53.193Z,
https://www.reddit.com/r/uichicago/,1000,,uichicago,t5_2shzc,r/uichicago,https://www.reddit.com/r/uichicago,public,29115,https://www.reddit.com/r/uichicago/comments/1ldzr56/mhr_single_availability/,mhr_single_availability,If anyone happens to give up their room assignment for MHR please let me know!!!!,MHR Single Availability???,Question,2025-06-17T21:41:13.000Z,self,false,National_Ad_4844,https://www.reddit.com/user/National_Ad_4844,0,false,false,false,false,false,false,false,false,false,false,0,,1,0,0.99,true,false,,,false,false,0,false,,true,false,false,,,,,,2025-09-12T18:52:53.193Z,
https://www.reddit.com/r/uichicago/,1000,,uichicago,t5_2shzc,r/uichicago,https://www.reddit.com/r/uichicago,public,29115,https://www.reddit.com/r/uichicago/comments/1ldyil8/rate_my_schedulep/,rate_my_schedulep,i’m an incoming fall 2025 architecture major who’s a bit slow in math so don’t mind the math:3 i have 14 credit hours,Rate my schedule:p,null,2025-06-17T20:50:51.000Z,"https://external-preview.redd.it/OrRcqamHm58cO9kE6ECeZSRJj1ww1EU6Mmv3FkrW5Zo.jpeg?width=140&amp;height=140&amp;crop=140:140,smart&amp;auto=webp&amp;s=c3c213f198e090815e87783fcc6937d37aa89fe2",true,Moist_Insurance_6842,https://www.reddit.com/user/Moist_Insurance_6842,2,false,false,false,false,false,false,false,false,false,false,0,,2,0,1,false,false,,,false,false,0,false,,true,false,false,,,,,,2025-09-12T18:52:53.193Z,
https://www.reddit.com/r/uichicago/,1000,,uichicago,t5_2shzc,r/uichicago,https://www.reddit.com/r/uichicago,public,29115,https://www.reddit.com/r/uichicago/comments/1ldtl7j/premed_freshman_schedule/,premed_freshman_schedule,"hi! i just wanted to ask for thoughts on my schedule for the year

math 180 - ash will
eng 161 - john casey
chem 122 - rita hatfield
chem 123 - donald wink
clj 101 - bill mccarty",premed freshman schedule,null,2025-06-17T17:40:09.000Z,"https://external-preview.redd.it/ei-f7vtJ2W4wyh8FjbrEaENEYllqVQYQegmZRWIWfvo.jpeg?width=140&amp;height=115&amp;crop=140:115,smart&amp;auto=webp&amp;s=08fc78aaf63d5bf82af39d75b215177f810bca21",true,Unlucky-Winner-7019,https://www.reddit.com/user/Unlucky-Winner-7019,13,false,false,false,false,false,false,false,false,false,false,0,,14,0,0.94,false,false,,,false,false,0,false,,true,false,false,,,,,,2025-09-12T18:52:53.193Z,
https://www.reddit.com/r/uichicago/,1000,,uichicago,t5_2shzc,r/uichicago,https://www.reddit.com/r/uichicago,public,29115,https://www.reddit.com/r/uichicago/comments/1ldeu6z/incoming_transfer_student_are_there_any_singles/,incoming_transfer_student_are_there_any_singles,I was hoping to get a single (dorm) using my disability accommodations.,Incoming transfer student -- are there any singles left?,Question,2025-06-17T05:11:47.000Z,self,false,neonjoji,https://www.reddit.com/user/neonjoji,2,true,false,false,false,false,false,false,false,false,false,0,,3,0,0.67,false,false,,,false,false,0,false,,true,false,false,,,,,,2025-09-12T18:52:53.193Z,
https://www.reddit.com/r/uichicago/,1000,,uichicago,t5_2shzc,r/uichicago,https://www.reddit.com/r/uichicago,public,29115,https://www.reddit.com/r/uichicago/comments/1lddayv/is_my_schedule_good_for_an_urban_education_major/,is_my_schedule_good_for_an_urban_education_major,,Is my schedule good for an Urban Education major?,Question,2025-06-17T03:43:54.000Z,"https://external-preview.redd.it/CZh-Rysy1rfGhN6UA9njo5drVWamQTyZq-oKyjTRnOY.png?width=140&amp;height=76&amp;crop=140:76,smart&amp;auto=webp&amp;s=7538627d025ea10123aa8c6c15f3448820985e5b",true,Downtown-Effect1452,https://www.reddit.com/user/Downtown-Effect1452,5,false,false,false,false,false,false,false,false,false,false,0,,4,0,0.75,false,false,,,false,false,0,false,,true,false,false,,,,,,2025-09-12T18:52:53.193Z,
https://www.reddit.com/r/uichicago/,1000,,uichicago,t5_2shzc,r/uichicago,https://www.reddit.com/r/uichicago,public,29115,https://www.reddit.com/r/uichicago/comments/1ld4nde/soooohows_everyones_summer_going/,soooohows_everyones_summer_going,My summer so far is just filled with work and exhaustion so I hope everyone’s having a better summer than me   any plans or parties you’ve attended?? Share with the class!,Soooo…how’s everyone’s summer going,null,2025-06-16T21:02:50.000Z,self,false,Lost-Ad-4073,https://www.reddit.com/user/Lost-Ad-4073,52,false,false,false,false,false,false,false,false,false,false,0,,28,0,0.89,false,false,,,false,false,0,false,,true,false,false,,,,,,2025-09-12T18:52:53.193Z,
https://www.reddit.com/r/uichicago/,1000,,uichicago,t5_2shzc,r/uichicago,https://www.reddit.com/r/uichicago,public,29115,https://www.reddit.com/r/uichicago/comments/1ld2t60/interning_in_chicago_rooftop_happy_hour_this/,interning_in_chicago_rooftop_happy_hour_this,"If you're interning in Chicago this summer, we’re hosting a rooftop happy hour for interns this Tuesday.

No cover, good crowd, golden hour views — just a chill way to meet people our age after work.

  Joy District Rooftop  
  Tuesday · 5:30 to 8:30 PM  
  RSVP: [https://lu.ma/88gb8b41](https://lu.ma/88gb8b41)

Bring friends — everyone’s welcome. Just make sure to RSVP. 

Great way to meet people from other schools as well!",Interning in Chicago? Rooftop happy hour this Tuesday,Other,2025-06-16T19:51:47.000Z,self,false,Alternative-Ad296,https://www.reddit.com/user/Alternative-Ad296,0,false,false,false,false,false,false,false,false,false,false,0,,4,0,0.83,true,false,,,false,false,0,false,,true,false,false,,,,,,2025-09-12T18:52:53.194Z,
https://www.reddit.com/r/uichicago/,1000,,uichicago,t5_2shzc,r/uichicago,https://www.reddit.com/r/uichicago,public,29115,https://www.reddit.com/r/uichicago/comments/1lcx99f/upass_is_now_permanent/,upass_is_now_permanent,,UPass+ is now permanent,News,2025-06-16T16:22:59.000Z,"https://external-preview.redd.it/jIeFmi3hL6tNmKgGrKjqzg15cWFgTib2_GEj62_4Lfw.jpeg?width=140&amp;height=118&amp;crop=140:118,smart&amp;auto=webp&amp;s=43f35ce1d4127fe5400c7e4c10452b1b192c105a",true,OutrageousFrosting13,https://www.reddit.com/user/OutrageousFrosting13,12,false,false,false,false,false,false,false,false,false,false,0,,168,0,0.99,false,false,,,false,false,0,false,,true,false,false,,,,,,2025-09-12T18:52:53.194Z,
https://www.reddit.com/r/uichicago/,1000,,uichicago,t5_2shzc,r/uichicago,https://www.reddit.com/r/uichicago,public,29115,https://www.reddit.com/r/uichicago/comments/1lcsh2h/honor_college_app_question/,honor_college_app_question,I’m a sophomore as of now and I’m wondering if it would be better to apply to the honors college for this year or junior year?,Honor college app question,Question,2025-06-16T13:13:45.000Z,self,false,Alternative-Sleep602,https://www.reddit.com/user/Alternative-Sleep602,2,false,false,false,false,false,false,false,false,false,false,0,,0,0,0.5,true,false,,,false,false,0,false,,true,false,false,,,,,,2025-09-12T18:52:53.194Z,
https://www.reddit.com/r/uichicago/,1000,,uichicago,t5_2shzc,r/uichicago,https://www.reddit.com/r/uichicago,public,29115,https://www.reddit.com/r/uichicago/comments/1lcjdl4/gpip_internship_program_question/,gpip_internship_program_question,Is there any possible way to apply to the GPIP Engineering Internship as not a freshman? Currently beating myself up for it…,GPIP Internship Program Question,Question,2025-06-16T04:01:50.000Z,self,false,Neat-Meat4779,https://www.reddit.com/user/Neat-Meat4779,1,false,false,false,false,false,false,false,false,false,false,0,,0,0,0.5,true,false,,,false,false,0,false,,true,false,false,,,,,,2025-09-12T18:52:53.194Z,
https://www.reddit.com/r/uichicago/,1000,,uichicago,t5_2shzc,r/uichicago,https://www.reddit.com/r/uichicago,public,29115,https://www.reddit.com/r/uichicago/comments/1lcg2tk/looking_for_one_roommate_800mo/,looking_for_one_roommate_800mo,"Hey everyone! Hope your summer’s going great!!My roommates and I are looking for one more person to join our 4 bed / 2 bath apartment starting August 1 through a private landlord. Rent is $800/month (we split the $3200 total evenly), plus utilities which usually come out to around $45-$60/month for gas and electricity combined. The Internet is another $15/month if you choose to split with us. 

About the apartment:

* Located in West Town, with the 66 bus stop right outside and the Chicago Blue Line about a 10 to 15 min walk away.
* In-unit laundry
* Dishwasher
* Central heating &amp; AC
* Assigned parking spot (none of us use it)
* Full kitchen + all standard appliances

Note: No pets allowed (ESAs and service animals are more than welcome after the landlord's approval) Also we have a preference for another college student like us!

About us: We’re a group of artsy, friendly college students who love making new friends and getting to know new people. We are very queer positive and neurodivergent friendly! If you're interested or want to learn more, feel free to reach out, we’d love to meet you :D 

Feel free to dm me for address and pictures.",Looking for one roommate ($800/mo),Other,2025-06-16T01:05:23.000Z,self,false,SuspiciousBridge707,https://www.reddit.com/user/SuspiciousBridge707,2,false,false,false,false,false,false,false,false,false,false,0,,5,0,0.78,false,false,,,false,false,0,false,,true,false,false,,,,,,2025-09-12T18:52:53.194Z,
https://www.reddit.com/r/uichicago/,1000,,uichicago,t5_2shzc,r/uichicago,https://www.reddit.com/r/uichicago,public,29115,https://www.reddit.com/r/uichicago/comments/1lcffat/workload_of_art_majors/,workload_of_art_majors,"I’m an incoming transfer freshman, and I’m curious about how manageable the course load for a BFA is? I’m seeing 15 hours for foundation, and 18 hours for sophomore year. 18 seems extravagant, and bordering on unfeasible, personally. However, there must be a reason for this number. Can anyone give me some insight into how this is manageable while still having time to relax and eat and sleep?",Workload of Art Majors,Question,2025-06-16T00:31:38.000Z,self,false,DSM-187,https://www.reddit.com/user/DSM-187,1,false,false,false,false,false,false,false,false,false,false,0,,2,0,0.75,false,false,,,false,false,0,false,,true,false,false,,,,,,2025-09-12T18:52:53.194Z,
https://www.reddit.com/r/uichicago/,1000,,uichicago,t5_2shzc,r/uichicago,https://www.reddit.com/r/uichicago,public,29115,https://www.reddit.com/r/uichicago/comments/1lc8d4b/room_was_changed_by_campus_housing_cty/,room_was_changed_by_campus_housing_cty,"a few days ago me and the three other people in my cluster were notified that campus housing was moving us to other clusters (as is stated in the housing contract, they can do this) for space reasons. We all got different room assignments in different areas in the building (we were not all in a roommate group), so I was curious, did this happen to anyone else?",Room Was Changed by Campus Housing?  (CTY),Question,2025-06-15T19:11:31.000Z,self,false,Agni_Kayos,https://www.reddit.com/user/Agni_Kayos,2,false,false,false,false,false,false,false,false,false,false,0,,6,0,0.81,false,false,,,false,false,0,false,,true,false,false,,,,,,2025-09-12T18:52:53.194Z,
https://www.reddit.com/r/uichicago/,1000,,uichicago,t5_2shzc,r/uichicago,https://www.reddit.com/r/uichicago,public,29115,https://www.reddit.com/r/uichicago/comments/1lc7pef/how_do_i_get_a_work_study_job_on_campus/,how_do_i_get_a_work_study_job_on_campus,I'm going to have some free time in my schedule this semester and am really thinking about doing work-study somewhere on the east campus but I don't know where to look for an on campus job or who to talk to. any tips or advice would be appreciated!,How do I get a work study job on campus?,Question,2025-06-15T18:43:47.000Z,self,false,Few-Flatworm3784,https://www.reddit.com/user/Few-Flatworm3784,4,false,false,false,false,false,false,false,false,false,false,0,,14,0,0.94,false,false,,,false,false,0,false,,true,false,false,,,,,,2025-09-12T18:52:53.194Z,
https://www.reddit.com/r/uichicago/,1000,,uichicago,t5_2shzc,r/uichicago,https://www.reddit.com/r/uichicago,public,29115,https://www.reddit.com/r/uichicago/comments/1lc62gw/psychology_course_recommendations/,psychology_course_recommendations,Hi guys this is mostly for psychology majors but I open to any recommendations. I just need any recommendations for psychology courses to help meet my credit hours. If there are any recommendations I would be very thankful!,Psychology course recommendations,null,2025-06-15T17:36:06.000Z,self,false,Popular_Ad_3722,https://www.reddit.com/user/Popular_Ad_3722,2,false,false,false,false,false,false,false,false,false,false,0,,1,0,1,true,false,,,false,false,0,false,,true,false,false,,,,,,2025-09-12T18:52:53.194Z,
https://www.reddit.com/r/uichicago/,1000,,uichicago,t5_2shzc,r/uichicago,https://www.reddit.com/r/uichicago,public,29115,https://www.reddit.com/r/uichicago/comments/1lbkufd/summer_financial_aid_disbursement_2025/,summer_financial_aid_disbursement_2025,Has anyone not had their financial aid disbursed yet for summer 2025?,Summer financial aid disbursement 2025,null,2025-06-14T22:25:35.000Z,self,false,Impossible-Yard-3020,https://www.reddit.com/user/Impossible-Yard-3020,1,false,false,false,false,false,false,false,false,false,false,0,,3,0,0.8,false,false,,,false,false,0,false,,true,false,false,,,,,,2025-09-12T18:52:53.194Z,
https://www.reddit.com/r/uichicago/,1000,,uichicago,t5_2shzc,r/uichicago,https://www.reddit.com/r/uichicago,public,29115,https://www.reddit.com/r/uichicago/comments/1lbgoy5/gpa_requirement_for_continuing_student_honors/,gpa_requirement_for_continuing_student_honors,Hello all I was just wondering how strict UIC is with the honors application gpa requirement?,Gpa requirement for continuing student honors application,null,2025-06-14T19:18:33.000Z,self,false,Alternative-Sleep602,https://www.reddit.com/user/Alternative-Sleep602,9,false,false,false,false,false,false,false,false,false,false,0,,6,0,1,false,false,,,false,false,0,false,,true,false,false,,,,,,2025-09-12T18:52:53.194Z,
https://www.reddit.com/r/uichicago/,1000,,uichicago,t5_2shzc,r/uichicago,https://www.reddit.com/r/uichicago,public,29115,https://www.reddit.com/r/uichicago/comments/1lbabzy/i_need_urgent_help_for_chem124_summer2025_course/,i_need_urgent_help_for_chem124_summer2025_course,Does anyone take chem124 during summer? I was trying to purchase ALEKS but do not have any idea for registering for Macmilan. Where can i register it????,I need urgent help for chem124 summer2025 course..?,Question,2025-06-14T14:43:27.000Z,self,false,Yeoptteokandsoju,https://www.reddit.com/user/Yeoptteokandsoju,2,false,false,false,false,false,false,false,false,false,false,0,,2,0,1,false,false,,,false,false,0,false,,true,false,false,,,,,,2025-09-12T18:52:53.195Z,
https://www.reddit.com/r/uichicago/,1000,,uichicago,t5_2shzc,r/uichicago,https://www.reddit.com/r/uichicago,public,29115,https://www.reddit.com/r/uichicago/comments/1lba5fl/is_myuic_down/,is_myuic_down,"Am I the only having problem with this??? I just got approved from the waitlist of this one course and have to register promptly, but I can’t access myuic?? It keeps loading and saying “this site can’t be reached”",Is MyUIC down???,Question,2025-06-14T14:35:13.000Z,self,false,Meow666Cup,https://www.reddit.com/user/Meow666Cup,9,false,false,false,false,false,false,false,false,false,false,0,,8,0,0.9,false,false,,,false,false,0,false,,true,false,false,,,,,,2025-09-12T18:52:53.195Z,
https://www.reddit.com/r/uichicago/,1000,,uichicago,t5_2shzc,r/uichicago,https://www.reddit.com/r/uichicago,public,29115,https://www.reddit.com/r/uichicago/comments/1lb6r1p/whats_in_the_placement_test/,whats_in_the_placement_test,"Hi everyone, I didn’t take my placement test yet. But I kind of worry what will happen if I didn’t do it well. Will my scholarship be canceled due to bad grade. Do we need to open camera during a test? And how long will it last? Thank you very much",What’s in the placement test?,Question,2025-06-14T11:44:43.000Z,self,false,Old_Physics2985,https://www.reddit.com/user/Old_Physics2985,5,false,false,false,false,false,false,false,false,false,false,0,,1,0,0.6,true,false,,,false,false,0,false,,true,false,false,,,,,,2025-09-12T18:52:53.195Z,
https://www.reddit.com/r/uichicago/,1000,,uichicago,t5_2shzc,r/uichicago,https://www.reddit.com/r/uichicago,public,29115,https://www.reddit.com/r/uichicago/comments/1lax64b/are_there_any_easy_200_lvl_courses_i_can_take/,are_there_any_easy_200_lvl_courses_i_can_take,"I’m majoring in psychology and was wondering if there are any other 200 lvl psch classes I can take that are easy As. I’ve already taken 242, 343, and 352. Are there also any other classes I can take as an elective that are 200 lvl?",Are there any easy 200 lvl courses I can take?,Question,2025-06-14T01:52:34.000Z,self,false,SLAVSRGOD198,https://www.reddit.com/user/SLAVSRGOD198,1,false,false,false,false,false,false,false,false,false,false,0,,1,0,0.6,true,false,,,false,false,0,false,,true,false,false,,,,,,2025-09-12T18:52:53.195Z,
https://www.reddit.com/r/uichicago/,1000,,uichicago,t5_2shzc,r/uichicago,https://www.reddit.com/r/uichicago,public,29115,https://www.reddit.com/r/uichicago/comments/1lawij8/has_anyone_taken_psch_340/,has_anyone_taken_psch_340,What exactly is covered in the class? Is there any math involved and has anyone taken it with Briahna Yuodsnukis? If so how was it?,Has anyone taken psch 340?,Question,2025-06-14T01:18:05.000Z,self,false,SLAVSRGOD198,https://www.reddit.com/user/SLAVSRGOD198,2,false,false,false,false,false,false,false,false,false,false,0,,1,0,1,true,false,,,false,false,0,false,,true,false,false,,,,,,2025-09-12T18:52:53.195Z,
https://www.reddit.com/r/uichicago/,1000,,uichicago,t5_2shzc,r/uichicago,https://www.reddit.com/r/uichicago,public,29115,https://www.reddit.com/r/uichicago/comments/1laq3pm/first_year_kinesiology_student_need_general_ed/,first_year_kinesiology_student_need_general_ed,"I had my new student advising session today, I chose this schedule i like 10 mins while i didn't know what i was doing.

I need help with selecting a general ed subject. I selected CME randomly.  
Please give me insight on gen ed classes. Which ones to take, have minumum workload and are easy scoring.

Also need tips and insights about class scheduling and its dos and don'ts.

Thanks in advance!",First year kinesiology student. Need general ed and scheduling help.,Question,2025-06-13T20:22:34.000Z,"https://external-preview.redd.it/kCPnpfZsGWbvLUnL3S4co6ui9Y2ABB7PoBTMV93NKqA.png?width=140&amp;height=98&amp;crop=140:98,smart&amp;auto=webp&amp;s=0d02949aab77bfed32e41ec780bb2c3047c42c94",true,Crispy-Justice,https://www.reddit.com/user/Crispy-Justice,5,false,false,false,false,false,false,false,false,false,false,0,,2,0,1,false,false,,,false,false,0,false,,true,false,false,,,,,,2025-09-12T18:52:53.195Z,
https://www.reddit.com/r/uichicago/,1000,,uichicago,t5_2shzc,r/uichicago,https://www.reddit.com/r/uichicago,public,29115,https://www.reddit.com/r/uichicago/comments/1lalg3c/ece_210_lab_registration/,ece_210_lab_registration,"I am trying to get a lab time from 2-4:50 on Tuesday. I am currently registered for a 8-10:50 on Tuesday that I want to switch with a class.

 It doesn’t let me do open seat notification for the lab CRN. Does anybody know why?",ECE 210 Lab Registration,null,2025-06-13T17:12:48.000Z,self,false,EnvironmentalEnd4781,https://www.reddit.com/user/EnvironmentalEnd4781,1,false,false,false,false,false,false,false,false,false,false,0,,1,0,0.67,true,false,,,false,false,0,false,,true,false,false,,,,,,2025-09-12T18:52:53.195Z,
https://www.reddit.com/r/uichicago/,1000,,uichicago,t5_2shzc,r/uichicago,https://www.reddit.com/r/uichicago,public,29115,https://www.reddit.com/r/uichicago/comments/1lajvjd/uic_welcome_week/,uic_welcome_week,I’m an incoming freshman and I was just wondering what welcome week is like at uic!! I saw some things about Chicago schools’ welcome weeks being boring but idk. Also do people actually go to those Greek monkey parties?,Uic welcome week?,Question,2025-06-13T16:10:04.000Z,self,false,Empty-Maybe-4254,https://www.reddit.com/user/Empty-Maybe-4254,6,false,false,false,false,false,false,false,false,false,false,0,,8,0,0.9,false,false,,,false,false,0,false,,true,false,false,,,,,,2025-09-12T18:52:53.195Z,
https://www.reddit.com/r/uichicago/,1000,,uichicago,t5_2shzc,r/uichicago,https://www.reddit.com/r/uichicago,public,29115,https://www.reddit.com/r/uichicago/comments/1la54ch/housing_move_in_times/,housing_move_in_times,"I actually have two questions, so I reached out to my roommate who was assigned to me (I didn’t pick) and asked her if she wanted to go half on a mini fridge but she said she wanted her own. Which is totally fine but is there a limit on how many fridges we can have in the ARC traditional shared dorm? Also, I just chose a move in time but it says 15 minutes, does that mean I only have 15 minutes to move in? And one more question, I live significantly close but is it possible if I can move in some of my stuff in on thursday and then come back on saturday to bring the rest of my stuff?",Housing Move In Times,Question,2025-06-13T02:42:11.000Z,self,false,TeaConnect7994,https://www.reddit.com/user/TeaConnect7994,8,false,false,false,false,false,false,false,false,false,false,0,,6,0,0.81,false,false,,,false,false,0,false,,true,false,false,,,,,,2025-09-12T18:52:53.196Z,
https://www.reddit.com/r/uichicago/,1000,,uichicago,t5_2shzc,r/uichicago,https://www.reddit.com/r/uichicago,public,29115,https://www.reddit.com/r/uichicago/comments/1l9lupa/will_i_get_into_uic_engineering/,will_i_get_into_uic_engineering,"Im a current high schooler about to end my junior year. I have a 3.46 weighted gpa and 3.1 unweighted. I want to study chemical engineering to be able to pursue petroleum later on or do industrial instead. I have an ACT score of 24 but I am working to get it up with a test soon. I think Ill either get 25-26. My grades this year were ass I failed two semesters of Strength and conditioning but I had an A of both semesters for Regulars Math but am planning to take pre calc next year as a prerequisite for engineering if i am able to go to uic. My other grades were all As and Bs in AP, IB, and Honors courses   My attendance this year was also kind of bad with a big bulge of tardies here and there throughout my transcript. I've heard that some go to the college of LAS instead of engineering because they have had some setbacks and Im wondering if i would get admitted to the college of LAS as well. If I could, I also heard that internal transfers are more competitve and harder than direct admission into college of engineering. please enlighten me UIC is my only backbone into making this work.",Will I get into UIC Engineering.,null,2025-06-12T12:59:57.000Z,self,false,Outrageous-Face6808,https://www.reddit.com/user/Outrageous-Face6808,3,false,false,false,false,false,false,false,false,false,false,0,,2,0,0.67,false,false,,,false,false,0,false,,true,false,false,,,,,,2025-09-12T18:52:53.196Z,
https://www.reddit.com/r/uichicago/,1000,,uichicago,t5_2shzc,r/uichicago,https://www.reddit.com/r/uichicago,public,29115,https://www.reddit.com/r/uichicago/comments/1l9fvfa/orientation_advice_for_those_interested_transfer/,orientation_advice_for_those_interested_transfer,"*Be prepared bcus this will be lengthy but nicely detailed.*

Hey everyone, Ik this summer will be filled with orientation dates, and people will be curious of how the day goes and what to expect. Right away I’d say check out “uicorientation” (this is not a shoutout at all) on ig for updates or their faq. Btw, I’m a transfer student and glad to share this info to yall :)

I got the earliest date of orientation, 6/11. The overall day will consist of being on campus from 9am to 5:30pm for transfer students while first years stay until 6:30pm. Apparently they don’t stay overnight anymore bcus supposedly that was a thing previously. If you publicly commute great, if you drive there, be aware that you will pay for parking. I paid $15 for the 8 1/2 hours I was there but so shocked that they couldn’t provide free parking for such an important event.

Roughly first hour and a half is all introductory and welcoming, you get a bit of presentations before you separate with your group leader stated on your lanyard that you’re given as you check in when first arriving. Group leaders give you a campus tour, though mine was very rushed due to technical difficulties from faculty in the beginning. You get back and sit through various presentations until it’s time for the resource fair at around 12:20. After networking you then go to lunch (I had ~50 mins to eat). No breakfast is provided during orientation, BUT, lunch is free and buffet style where you eat as much as you’d like from the various options.  After lunch you regroup again with the group leader for the next set of activities with them. 

Mine luckily took us to the ID center and we all got our I-cards on the spot. He gave us a mini tour again by his choice only bcus the beginning was rushed and cut off to stay on schedule. When you’re not with your group leader that’s bcus you’re guaranteed to be sitting for some sort of presentation. After being with your group leader right after lunch, it’s back to the rest of the presentations which eventually lead to break out rooms in the last hour and a half with more presentations but of your choice to listen to from a  list of 3 options. 

The day feels very long and is practically an information overload. Some of the covered material was on the online modules given to incoming students, so it can be repetitive. At no point do I think you should leave early because you will need to reschedule and a no show or an early absence or late arrival can almost guarantee a fee for the following orientation. There will be a hold on your account. Group leaders ensure you’re at orientation the entire time, that be by taking consistent attendance in person or through group me and likely looking for you. We got dismissed 10 mins early. Nothing too exciting about that. Overall just get this over with and hope to have helped! 

In summary here are do’s and dont’s:

Do:
- bring a reusable water bottle
- eat before arriving
- dress comfy (don’t dress to impress)
- bring a charger
- bring headphones
- bring your card in the event that you want dunkin or anything else. 
- bring your ID, DL, or passport if you get the chance to get your I-card during orientation
- talk to someone or make a friend at least there to pass time
- keep your parking garage ticket safe if you plan to park in one

Don’t:
- bring your laptop (wasn’t need at all)
- arrive hungry
- dress in uncomfortable clothing if it’s hot
- bring uncomfortable shoes
- leave early or arrive too late
- forget to check your groupme if your orientation leader asks you to check for messages from them
- plan anything with anyone from 9am-5:30pm the day of your orientation, your day will be spent at uic.

Edit: don’t bring cash, accidentally mentioned to bring some.",Orientation Advice for those interested (transfer students),null,2025-06-12T06:57:48.000Z,self,false,Dapper_Dream_4028,https://www.reddit.com/user/Dapper_Dream_4028,9,true,false,false,false,false,false,false,false,false,false,0,,26,0,0.96,false,false,,,false,false,0,false,,true,false,false,,,,,,2025-09-12T18:52:53.196Z,
https://www.reddit.com/r/uichicago/,1000,,uichicago,t5_2shzc,r/uichicago,https://www.reddit.com/r/uichicago,public,29115,https://www.reddit.com/r/uichicago/comments/1l9ef7g/so_does_this_mean_i_cant_really_enroll_in_a/,so_does_this_mean_i_cant_really_enroll_in_a,So this year I got plenty of Financial Aid that for the upcoming semester I only need to pay such a measly amount. Got that error after entering my estimated financial aid for that semester. What do you guys suggest I do?,So does this mean I can't really enroll in a payment plan?,Question,2025-06-12T05:25:30.000Z,https://b.thumbs.redditmedia.com/nNJ7OLuvtD5ydexi6usCHz4sEcm5CuLRgFyWbsiMG-I.jpg,false,TheGweenDeku905,https://www.reddit.com/user/TheGweenDeku905,4,false,false,false,false,false,false,false,false,false,false,0,,12,0,0.75,false,false,,,false,false,0,false,,true,false,false,,,,,,2025-09-12T18:52:53.196Z,
https://www.reddit.com/r/uichicago/,1000,,uichicago,t5_2shzc,r/uichicago,https://www.reddit.com/r/uichicago,public,29115,https://www.reddit.com/r/uichicago/comments/1l9bp0p/housing_contract_cancellation/,housing_contract_cancellation,"Incoming Fall 2025 graduate student. Paid deposit and chose rooms. But was not able to enroll in UIC in the last minute and had to go to another university. Contract was sent to me(which I did not sign or even interact with) in June 3, same day as I was assigned room. Today, June 12, I decided to not enroll and immediately sent in the cancellation form. Will I be charged? If yes how much? Can anyone tell please? I’m kinda scared",Housing contract cancellation,null,2025-06-12T02:52:17.000Z,self,false,Sufficient-Detail976,https://www.reddit.com/user/Sufficient-Detail976,5,false,false,false,false,false,false,false,false,false,false,0,,2,0,0.75,false,false,,,false,false,0,false,,true,false,false,,,,,,2025-09-12T18:52:53.196Z,
https://www.reddit.com/r/uichicago/,1000,,uichicago,t5_2shzc,r/uichicago,https://www.reddit.com/r/uichicago,public,29115,https://www.reddit.com/r/uichicago/comments/1l9bek5/public_transportation_advice/,public_transportation_advice,"Public transportation

I'm moving to Chicago to attend UIC this fall and I'm planning to sell my car and just use public transportation.

Can someone let me know all the different public transportation passes there are? 

I know there's one for the different trains is there a separate one for busses?

Can I pay a one time monthly or yearly for an \""overall\"" pass?",Public transportation advice,null,2025-06-12T02:37:13.000Z,self,false,phatbatty13,https://www.reddit.com/user/phatbatty13,6,false,false,false,false,false,false,false,false,false,false,0,,4,0,0.75,false,false,,,false,false,0,false,,true,false,false,,,,,,2025-09-12T18:52:53.196Z,
https://www.reddit.com/r/uichicago/,1000,,uichicago,t5_2shzc,r/uichicago,https://www.reddit.com/r/uichicago,public,29115,https://www.reddit.com/r/uichicago/comments/1l9aqan/thoughts_on_schedule/,thoughts_on_schedule,"https://preview.redd.it/ym9h69f1me6f1.png?width=1025&amp;format=png&amp;auto=webp&amp;s=e5647f4ca78a68e4192bb2f9ae779bb58b1f3ba5

How busy do you think I will be?",Thoughts on Schedule?,Question,2025-06-12T02:03:41.000Z,https://b.thumbs.redditmedia.com/k0Y0oVUUPotBY-YN_hHuf4owNfdcfC5omB-2WY2OCTg.jpg,false,Left_Version_5002,https://www.reddit.com/user/Left_Version_5002,3,false,false,false,false,false,false,false,false,false,false,0,,0,0,0.5,true,false,,,false,false,0,false,,true,false,false,,,,,,2025-09-12T18:52:53.196Z,
https://www.reddit.com/r/uichicago/,1000,,uichicago,t5_2shzc,r/uichicago,https://www.reddit.com/r/uichicago,public,29115,https://www.reddit.com/r/uichicago/comments/1l99opx/any_groups_for_buying_used_household_items/,any_groups_for_buying_used_household_items,"As an incoming student at UIC this Fall and I was wondering if there are any Facebook groups, WhatsApp chats, or other communities where students sell or give away used household items — like microwaves, tables, chairs, etc.

Would love to get connected and buy secondhand from fellow students if possible. 

Thanks in advance!",Any Groups for Buying Used Household Items?,Question,2025-06-12T01:12:29.000Z,self,false,Strict_Broccoli_9912,https://www.reddit.com/user/Strict_Broccoli_9912,1,false,false,false,false,false,false,false,false,false,false,0,,0,0,0.5,true,false,,,false,false,0,false,,true,false,false,,,,,,2025-09-12T18:52:53.196Z,
https://www.reddit.com/r/uichicago/,1000,,uichicago,t5_2shzc,r/uichicago,https://www.reddit.com/r/uichicago,public,29115,https://www.reddit.com/r/uichicago/comments/1l97zs6/chem_124_with_justin_carmel/,chem_124_with_justin_carmel,Hello has anyone had chem 124 with professor Justin Carmel? If you have can you send notes that you have. I would like to get a little head start Yk,Chem 124 with Justin Carmel,null,2025-06-11T23:49:45.000Z,self,false,No-Cause-6506,https://www.reddit.com/user/No-Cause-6506,1,false,false,false,false,false,false,false,false,false,false,0,,0,0,0.5,true,false,,,false,false,0,false,,true,false,false,,,,,,2025-09-12T18:52:53.196Z,
https://www.reddit.com/r/uichicago/,1000,,uichicago,t5_2shzc,r/uichicago,https://www.reddit.com/r/uichicago,public,29115,https://www.reddit.com/r/uichicago/comments/1l96xun/is_orientation_mandatory/,is_orientation_mandatory,"Hi everyone, I’ll become freshman this fall but I’m out of state student. And I book my plane ticket in 21st August ( the move in date). However the last orientation is Aug 16, but I don’t think I can cancel my fight and have enough money to book hotel for a week. I just want to know do we in trouble if we missing the orientation? Please help me, I’m so worry right now",Is orientation mandatory?,Question,2025-06-11T23:01:16.000Z,self,false,Old_Physics2985,https://www.reddit.com/user/Old_Physics2985,15,false,false,false,false,false,false,false,false,false,false,0,,9,0,0.71,false,false,,,false,false,0,false,,true,false,false,,,,,,2025-09-12T18:52:53.197Z,
https://www.reddit.com/r/uichicago/,1000,,uichicago,t5_2shzc,r/uichicago,https://www.reddit.com/r/uichicago,public,29115,https://www.reddit.com/r/uichicago/comments/1l94y8r/when_will_fall_2025_bill_be_posted/,when_will_fall_2025_bill_be_posted,I’ve gotten emails about signing up for payment plans and that the bursar needed direct deposit info and all that - when will the bill for the schedule I’ve created be posted?,When will Fall 2025 bill be posted?,Question,2025-06-11T21:37:05.000Z,self,false,SaltIndividual6094,https://www.reddit.com/user/SaltIndividual6094,2,false,false,false,false,false,false,false,false,false,false,0,,2,0,1,false,false,,,false,false,0,false,,true,false,false,,,,,,2025-09-12T18:52:53.197Z,
https://www.reddit.com/r/uichicago/,1000,,uichicago,t5_2shzc,r/uichicago,https://www.reddit.com/r/uichicago,public,29115,https://www.reddit.com/r/uichicago/comments/1l93sed/is_housing_actually_all_gone/,is_housing_actually_all_gone,"trying to sign up for uic housing only to find out that my portal says theres no dorms open- thought maybe its a glitch on the portal but contacted uic housing and they said it really is all taken.

is anyone else having this problem? im not sure what to do now",is housing actually all gone?,Question,2025-06-11T20:49:57.000Z,self,false,Ancient_Effect_4114,https://www.reddit.com/user/Ancient_Effect_4114,11,false,false,false,false,false,false,false,false,false,false,0,,7,0,0.77,false,false,,,false,false,0,false,,true,false,false,,,,,,2025-09-12T18:52:53.197Z,
https://www.reddit.com/r/uichicago/,1000,,uichicago,t5_2shzc,r/uichicago,https://www.reddit.com/r/uichicago,public,29115,https://www.reddit.com/r/uichicago/comments/1l91m30/upcoming_international_bachelors/,upcoming_international_bachelors,"Just wanted to ask out if it is really fun at the campus as I have to stay on-campus for a year as it is mandatory for international bachelors students . I am asking this question as I have read a lot of answers that it is a commuter college and everyone leaves the campus at 5 evening and then it is deserted. Also can anyone tell the approximate ratio for international bachelors students for undergraduate. 
Thank you.",Upcoming International bachelors,null,2025-06-11T19:22:33.000Z,self,false,DiscussionThen3531,https://www.reddit.com/user/DiscussionThen3531,2,false,false,false,false,false,false,false,false,false,false,0,,3,0,1,false,false,,,false,false,0,false,,true,false,false,,,,,,2025-09-12T18:52:53.197Z,
https://www.reddit.com/r/uichicago/,1000,,uichicago,t5_2shzc,r/uichicago,https://www.reddit.com/r/uichicago,public,29115,https://www.reddit.com/r/uichicago/comments/1l8zucy/how_much_have_yall_made_from_work_study_over_the/,how_much_have_yall_made_from_work_study_over_the,I’m considering work study this upcoming fall since I doubt I’ll be getting the map grant since it’s first come first serve I believe. Please specify what type of job y’all got and how was it as well. Thanks.,How much have y’all made from work study over the course of 1 semester or 1 school year?,Question,2025-06-11T18:13:28.000Z,self,false,That-Sand-7940,https://www.reddit.com/user/That-Sand-7940,10,false,false,false,false,false,false,false,false,false,false,0,,13,0,0.93,false,false,,,false,false,0,false,,true,false,false,,,,,,2025-09-12T18:52:53.197Z,
https://www.reddit.com/r/uichicago/,1000,,uichicago,t5_2shzc,r/uichicago,https://www.reddit.com/r/uichicago,public,29115,https://www.reddit.com/r/uichicago/comments/1l8vqz8/looking_for_south_loop_apartment/,looking_for_south_loop_apartment,"Looking for someone to take over my apartment for the next lease cycle (NOT a sublet, you would have your own lease) beginning August 1st. Located in the South Loop (5 mins from Trader Joe's), rent is $1750 for 2b/1ba, you also pay electricity, but other utilities should be included. It's in a door man building, with a nice rooftop, laundry floor on site (no w/d in unit). The landlord said that if we find new tenants, my roommate and I could waive our move-out fee, and the rent wouldn't increase. Dm me if you're interested, and I can send you the listing!",Looking for South Loop apartment?,Question,2025-06-11T15:33:18.000Z,self,false,Full-Ad-493,https://www.reddit.com/user/Full-Ad-493,0,false,false,false,false,false,false,false,false,false,false,0,,3,0,1,false,false,,,false,false,0,false,,true,false,false,,,,,,2025-09-12T18:52:53.197Z,
https://www.reddit.com/r/uichicago/,1000,,uichicago,t5_2shzc,r/uichicago,https://www.reddit.com/r/uichicago,public,29115,https://www.reddit.com/r/uichicago/comments/1l8p7wa/cpc_sorority_costs/,cpc_sorority_costs,Does anyone know the average cost per semester for the CPC sororities and any other costs like for the first year?,CPC sorority costs?,Question,2025-06-11T10:31:09.000Z,self,false,hii1111111,https://www.reddit.com/user/hii1111111,0,false,false,false,false,false,false,false,false,false,false,0,,2,0,1,false,false,,,false,false,0,false,,true,false,false,,,,,,2025-09-12T18:52:53.197Z,
https://www.reddit.com/r/uichicago/,1000,,uichicago,t5_2shzc,r/uichicago,https://www.reddit.com/r/uichicago,public,29115,https://www.reddit.com/r/uichicago/comments/1l8ds1r/full_time_vs_part_time/,full_time_vs_part_time,"I transferred to UIC fall 2024 with an associates degree. I am a pre-nursing student and I do not have enough prereqs left to attend full time for the next year while I complete the anatomy sequence and apply to the nursing program since I completed most of my electives at community college.  My transfer GPA was 2.7 but I locked in this year and finished my chemistry sequence with a 3.6 GPA this semester raising my cumulative GPA to just above 3.0.


Is it better to attend part time for the upcoming semester or should I add on some electives to help boost my gpa?  Does it matter which extra electives I choose to take when applying to the nursing program or can I just take easy gpa boosters?",Full time vs part time,Question,2025-06-10T23:28:57.000Z,self,false,nicole7122,https://www.reddit.com/user/nicole7122,1,true,false,false,false,false,false,false,false,false,false,0,,2,0,1,false,false,,,false,false,0,false,,true,false,false,,,,,,2025-09-12T18:52:53.197Z,
https://www.reddit.com/r/uichicago/,1000,,uichicago,t5_2shzc,r/uichicago,https://www.reddit.com/r/uichicago,public,29115,https://www.reddit.com/r/uichicago/comments/1l873af/no_more_housing/,no_more_housing,I can’t see any rooms available and I don’t have any filters on for the housing portal. I want to live in SSR. What are the chances I get housing?,No more housing?,null,2025-06-10T18:56:45.000Z,https://b.thumbs.redditmedia.com/bEdSafetcyRYYSg-FUWd0A2nBWehvATnY37b7lJmnZs.jpg,true,PublicRisk2206,https://www.reddit.com/user/PublicRisk2206,3,false,false,false,false,false,false,false,false,false,false,0,,2,0,1,false,false,,,false,false,0,false,,true,false,false,,,,,,2025-09-12T18:52:53.198Z,
https://www.reddit.com/r/uichicago/,1000,,uichicago,t5_2shzc,r/uichicago,https://www.reddit.com/r/uichicago,public,29115,https://www.reddit.com/r/uichicago/comments/1l84o2g/typical_cs_freshman_schedule/,typical_cs_freshman_schedule,"I've been seeing some first-year student UIC schedules the past few days, and I'd like to ask, HOW DO Y'ALL HAVE SO MANY LESS CLASSES W SO MUCH TIME TO SPARE?? the best schedules ive found to like start at 8:30 in the freaking morning and go to 5 w a 1 hour break and then i got another class till 7:30 HOW???",typical cs freshman schedule,Question,2025-06-10T17:24:48.000Z,self,false,Proof-Spite2679,https://www.reddit.com/user/Proof-Spite2679,4,false,false,false,false,false,false,false,false,false,false,0,,3,0,0.72,false,false,,,false,false,0,false,,true,false,false,,,,,,2025-09-12T18:52:53.198Z,
https://www.reddit.com/r/uichicago/,1000,,uichicago,t5_2shzc,r/uichicago,https://www.reddit.com/r/uichicago,public,29115,https://www.reddit.com/r/uichicago/comments/1l83won/summer_financial_aid_2025/,summer_financial_aid_2025,"Has anyone had their summer 2025 financial aid disburse for session two? I can't get it a straight answer from financial aid. The financial aid calendar said June 6, but that did not happen. I'm a graduate student. Thanks! #stressed",Summer Financial Aid 2025,null,2025-06-10T16:55:56.000Z,self,false,Impossible-Yard-3020,https://www.reddit.com/user/Impossible-Yard-3020,8,false,false,false,false,false,false,false,false,false,false,0,,8,0,1,false,false,,,false,false,0,false,,true,false,false,,,,,,2025-09-12T18:52:53.198Z,
https://www.reddit.com/r/uichicago/,1000,,uichicago,t5_2shzc,r/uichicago,https://www.reddit.com/r/uichicago,public,29115,https://www.reddit.com/r/uichicago/comments/1l83ssb/what_do_you_guys_think_of_my_schedule/,what_do_you_guys_think_of_my_schedule,I'm an upcoming freshman here.,What do you guys think of my schedule,null,2025-06-10T16:51:47.000Z,https://b.thumbs.redditmedia.com/5rMSVduLuEJL0dAUUOaGBfkVsvabAdu8aHrbvho7DMM.jpg,true,According-Garbage554,https://www.reddit.com/user/According-Garbage554,5,false,false,false,false,false,false,false,false,false,false,0,,0,0,0.5,true,false,,,false,false,0,false,,true,false,false,,,,,,2025-09-12T18:52:53.198Z,
https://www.reddit.com/r/uichicago/,1000,,uichicago,t5_2shzc,r/uichicago,https://www.reddit.com/r/uichicago,public,29115,https://www.reddit.com/r/uichicago/comments/1l823gl/can_we_think_before_we_post/,can_we_think_before_we_post,"In the nicest way possible, a lot of these questions can be answered with a google search. Let’s use our critical thinking caps…",Can we think before we post?,Question,2025-06-10T15:44:53.000Z,self,false,Electronic-Ear8936,https://www.reddit.com/user/Electronic-Ear8936,18,false,false,false,false,false,false,false,false,false,false,0,,123,0,0.95,false,false,,,false,false,0,false,,true,false,false,,,,,,2025-09-12T18:52:53.198Z,
https://www.reddit.com/r/uichicago/,1000,,uichicago,t5_2shzc,r/uichicago,https://www.reddit.com/r/uichicago,public,29115,https://www.reddit.com/r/uichicago/comments/1l7zvbn/ays_summer_scholarship/,ays_summer_scholarship,"has anyone ever been waitlisted for the AYS scholarship and actually ended up getting it? 
i am just wondering because i was waitlisted for the second year in a row :( and i really wanted to go to summer school this year so i could graduate in december. 
i’m going to stay registered just in case some miracle happens but i was just wondering if anyone had input on this. tried emailing both summer classes email and the AYS email, but no response",AYS summer scholarship,null,2025-06-10T14:16:32.000Z,self,false,rayybach,https://www.reddit.com/user/rayybach,14,false,false,false,false,false,false,false,false,false,false,0,,4,0,0.84,false,false,,,false,false,0,false,,true,false,false,,,,,,2025-09-12T18:52:53.198Z,
https://www.reddit.com/r/uichicago/,1000,,uichicago,t5_2shzc,r/uichicago,https://www.reddit.com/r/uichicago,public,29115,https://www.reddit.com/r/uichicago/comments/1l7jtf7/uic_gppa_ecs/,uic_gppa_ecs,What are some ECs that admissions like to see for the UIC GPPA medical scholar program? Is clinical experience a must? Thank you.,UIC GPPA ECs,Question,2025-06-09T23:25:38.000Z,self,false,IWANTMONEY69,https://www.reddit.com/user/IWANTMONEY69,0,false,false,false,false,false,false,false,false,false,false,0,,1,0,1,true,false,,,false,false,0,false,,true,false,false,,,,,,2025-09-12T18:52:53.198Z,
https://www.reddit.com/r/uichicago/,1000,,uichicago,t5_2shzc,r/uichicago,https://www.reddit.com/r/uichicago,public,29115,https://www.reddit.com/r/uichicago/comments/1l7iuqc/understanding_the_creative_arts_gen_ed/,understanding_the_creative_arts_gen_ed,What're some of the easiest Gen Eds for Understanding the Creative Arts that meet preferably anytime Mon-Thurs Late Morning/Afternoon? Preferably not an English course as I'll already be taking ENGL 161.,Understanding the Creative Arts Gen Ed,null,2025-06-09T22:42:34.000Z,self,false,yeahBirdy,https://www.reddit.com/user/yeahBirdy,1,false,false,false,false,false,false,false,false,false,false,0,,2,0,0.75,false,false,,,false,false,0,false,,true,false,false,,,,,,2025-09-12T18:52:53.198Z,
https://www.reddit.com/r/uichicago/,1000,,uichicago,t5_2shzc,r/uichicago,https://www.reddit.com/r/uichicago,public,29115,https://www.reddit.com/r/uichicago/comments/1l7e9lr/cs_111_online_course/,cs_111_online_course,so i'd like to skip cs 111 for fall semester by taking a summer course. uic only has in person cs 111 summer classes and application dates are long gone. i was just wondering what online course i can do that transfers cs111 credit to uic? can i do a course from an online college? pls help me out!,cs 111 online course,Question,2025-06-09T19:39:25.000Z,self,false,Key_Comparison_6652,https://www.reddit.com/user/Key_Comparison_6652,3,false,false,false,false,false,false,false,false,false,false,0,,1,0,0.67,true,false,,,false,false,0,false,,true,false,false,,,,,,2025-09-12T18:52:53.198Z,
https://www.reddit.com/r/uichicago/,1000,,uichicago,t5_2shzc,r/uichicago,https://www.reddit.com/r/uichicago,public,29115,https://www.reddit.com/r/uichicago/comments/1l7dm6n/again_about_fs/,again_about_fs,"Sorry to post again about this but just so I'm aware, F's are calculated in the GPA right?? ALSO TAKING HONORS COLLEGE SCIENCE CLASSES ARE A HUGE NO.",AGAIN about F's,null,2025-06-09T19:14:26.000Z,self,false,[deleted],https://www.reddit.com/user/[deleted],7,false,false,false,false,false,false,false,false,false,false,0,,0,0,0.18,true,false,,,false,false,0,false,,true,false,false,,,,,,2025-09-12T18:52:53.198Z,
https://www.reddit.com/r/uichicago/,1000,,uichicago,t5_2shzc,r/uichicago,https://www.reddit.com/r/uichicago,public,29115,https://www.reddit.com/r/uichicago/comments/1l7delm/im_cooked_arent_i/,im_cooked_arent_i,"YOU GUYS, ok so I do see on this forum that my question has been answered. BUT DO F'S REALLY NOT GET REPLACED BY THE RETAKE'S GRADE?? ugh. I'm cooked.",I'm cooked aren't I?,Question,2025-06-09T19:06:21.000Z,self,false,[deleted],https://www.reddit.com/user/[deleted],2,false,false,false,false,false,false,false,false,false,false,0,,0,0,0.18,true,false,,,false,false,0,false,,true,false,false,,,,,,2025-09-12T18:52:53.198Z,
https://www.reddit.com/r/uichicago/,1000,,uichicago,t5_2shzc,r/uichicago,https://www.reddit.com/r/uichicago,public,29115,https://www.reddit.com/r/uichicago/comments/1l789pk/would_anyone_here_like_to_pet_sit_june_17_july_11/,would_anyone_here_like_to_pet_sit_june_17_july_11,,Would anyone here like to pet sit June 17 - July 11?,Other,2025-06-09T15:48:34.000Z,https://a.thumbs.redditmedia.com/iAq7onywo0nVJtWRe1i7SG366UtZXplJFgD9fP0f5Z8.jpg,false,FreshPenPineapple,https://www.reddit.com/user/FreshPenPineapple,8,false,false,false,false,false,false,false,false,false,false,0,,28,0,0.86,false,false,,,false,false,0,false,,true,false,false,,,,,,2025-09-12T18:52:53.199Z,
https://www.reddit.com/r/uichicago/,1000,,uichicago,t5_2shzc,r/uichicago,https://www.reddit.com/r/uichicago,public,29115,https://www.reddit.com/r/uichicago/comments/1l6x2h7/anyone_else_cant_do_anything_because_of_this_shit/,anyone_else_cant_do_anything_because_of_this_shit,https://preview.redd.it/3h75ajl3bu5f1.png?width=358&amp;format=png&amp;auto=webp&amp;s=988f82cc4d15acdc5b080fa5ff9f83e2c6083b80,Anyone else cant do anything because of this shit?,Question,2025-06-09T05:46:59.000Z,https://b.thumbs.redditmedia.com/3-VsXxfC1SESmv8oxxfr61bCHNi1IvPAs6dv1mDJjmU.jpg,false,UsernameTakenIsGay,https://www.reddit.com/user/UsernameTakenIsGay,7,false,false,false,false,false,false,false,false,false,false,0,,9,0,0.8,false,false,,,false,false,0,false,,true,false,false,,,,,,2025-09-12T18:52:53.199Z,
https://www.reddit.com/r/uichicago/,1000,,uichicago,t5_2shzc,r/uichicago,https://www.reddit.com/r/uichicago,public,29115,https://www.reddit.com/r/uichicago/comments/1l6urb1/computer_science_or_computer_engineering/,computer_science_or_computer_engineering,"I am a transfer CS student starting in the fall. I have been wondering for a while whether I should switch to computer engineering or stay with computer science. Ever since I was little, I loved computers. I love to compare specs, learn different things about computer architecture such as busses and cache. I build and repair computers and I love being handy. When I look at the computer engineering required courses, I feel like it's too primitive, and something that I was not expecting. I did a circuits class in high school, and I enjoyed it, and I have made cool circuits with Arduinos and breadboards and found it cool, however I also enjoyed my computer science classes as well. I also really like the content of computer science, and I wish I could take all of the CS electives since they all look so interesting to me. I also really want to get into things such as AI and Machine learning, and I want to develop my own software products, such as apps or programs. 

  
Perhaps it would be best for me to do computer science and do some hardware-based electives?

Or would it be better for me to do computer engineering and do CS electives instead?

I fear that im running out of time since classes might start to fill up soon and idek what I want to choose, and CE I feel is has more options than CS, being able to also work on hardware, where CS can only work on software. 

I know this is one of the million posts like this, but please feel free to drop some advice. Thanks!",Computer Science or Computer Engineering,Question,2025-06-09T03:28:08.000Z,self,false,Responsible_Row_4737,https://www.reddit.com/user/Responsible_Row_4737,5,false,false,false,false,false,false,false,false,false,false,0,,5,0,0.85,false,false,,,false,false,0,false,,true,false,false,,,,,,2025-09-12T18:52:53.199Z,
https://www.reddit.com/r/uichicago/,1000,,uichicago,t5_2shzc,r/uichicago,https://www.reddit.com/r/uichicago,public,29115,https://www.reddit.com/r/uichicago/comments/1l6qxoc/commuters_and_offcampus_folks_where_yall_prefer/,commuters_and_offcampus_folks_where_yall_prefer,"Hi everyone, I’m currently looking for a new place to move in and would like to know your opinion. I’m exploring different neighbourhoods that are either close to the campus or easy to commute from (via blue line or direct bus routes). I’m just curious where do majority of the folks live considering safety and easy to commute places. 

I spent a lot of time in my first year commuting to campus and ended up late to classes more times than I’d like to admit, mostly due to missed or delayed CTA buses. I really don’t want to go through that again next semester.

Please help me (and maybe others in the same boat) by voting  . And if you live in a different neighborhood that you’d recommend for safety and convenience, please do comment.

[View Poll](https://www.reddit.com/poll/1l6qxoc)","Commuters and off-campus folks, where y’all prefer living?",null,2025-06-09T00:10:40.000Z,self,false,reverseflash-_-,https://www.reddit.com/user/reverseflash-_-,1,false,false,false,false,false,false,false,false,false,false,0,,4,0,0.83,false,false,,,false,false,0,false,,true,false,false,,,,,,2025-09-12T18:52:53.199Z,
https://www.reddit.com/r/uichicago/,1000,,uichicago,t5_2shzc,r/uichicago,https://www.reddit.com/r/uichicago,public,29115,https://www.reddit.com/r/uichicago/comments/1l6nflp/what_foreign_language_should_i_take_ital_vs/,what_foreign_language_should_i_take_ital_vs,"I signed up for ITAL 101 but people say although the teachers are great - it is a lot of work. My major is Data Science so I want to focus on a class that does not take too much time away from my main studies, so I want to find an easier foreign language. I heard Spanish is easy, but I did 7 years of that in high school and thought that if I did another I would go insane and thought ITAL would be a nice sister language I could find - until I heard the course load is quite a lot. Which do you guys think I should learn that won't take too much time? 

Considering German because I have a lot of German neighbors and friends, but also considering French for a similar reason.",What foreign language should I take? 