id,date,author,title,text,comment_on,type,score,upvote_ratio,url,permalink,user_flair,submission_flair
1qux8j7,02-03-2026 16:52:56,ccart02,Grad Students: do you work full time?,"pretty much what it says in the title. For any grad students, particularly those in MUPP, do you work full time while in school? are you able to balance work and your studies? do a lot of people take night classes? i’m trying to gauge how possible it would be to keep a full time job without grades or other opportunities suffering. any bit of insight helps! thanks!",,Submission,1,0.67,https://www.reddit.com/r/uichicago/comments/1qux8j7/grad_students_do_you_work_full_time/,https://www.reddit.com/r/uichicago/comments/1qux8j7/grad_students_do_you_work_full_time/,,Question
1quus5t,02-03-2026 15:23:01,diamonddog29,Attending SparkHacks 2026? Connect with us (Aedify.AI)!,"Hey UIC, 

We founded [Aedify.AI](http://Aedify.AI), an AI cloud platform startup in Champaign, IL that allows you to turn your code into production-ready infrastructure with zero configuration and no knowledge of infrastructure in minutes. 

We're going to be at SparkHacks this year and we'd love to connect! Our CTO, Zhuo Chen, will be on campus along with a few of our other engineers. 

On February 6 at 6:30pm, we'll be hosting a workshop on Vite, Next.js and how to deploy on our platform (CDRLC - 850 W. Taylor Street). 

Even if you're not working on a project, come find us and have a conversation on AI, tech, or anything - we'd love to hear from you. Join our Discord (linked) to find us at SparkHacks, hope to see you there! ",,Submission,1,0.67,https://discord.com/invite/ckBmQPWckg?utm_source=ig&utm_medium=social&utm_content=link_in_bio&fbclid=PAZXh0bgNhZW0CMTEAc3J0YwZhcHBfaWQMMjU2MjgxMDQwNTU4AAGnmTlFTxR1t65Xm-OAoeQNRnfvFg0HvLq0T-LYHQSTLtRbHx78LxHGhfm_iYw_aem_o158fXhuruAkON7mUuH62w,https://www.reddit.com/r/uichicago/comments/1quus5t/attending_sparkhacks_2026_connect_with_us_aedifyai/,,Other
1qukk79,02-03-2026 06:29:36,Acceptable_Box_5548,i missed matpat again :(,"i guess this one’s on me this time but the matpat tickets sold out again in an hour, i had my phone on silent for work and missed the whole thing. can’t say im not pretty bummed but it’s cool that they actually listened to people and provided more seats, and congrats to ppl who got tickets :)",,Submission,26,0.91,https://www.reddit.com/r/uichicago/comments/1qukk79/i_missed_matpat_again/,https://www.reddit.com/r/uichicago/comments/1qukk79/i_missed_matpat_again/,,Other
1quhw0c,02-03-2026 04:09:45,xov02,9AM Math 220,WHO THE HELL IS THAT DUDE WHO SNORES OUT LOUD DURING LECTURE WTF,,Submission,8,0.91,https://www.reddit.com/r/uichicago/comments/1quhw0c/9am_math_220/,https://www.reddit.com/r/uichicago/comments/1quhw0c/9am_math_220/,,
1qugojk,02-03-2026 03:12:48,Ol_Sam,MatPat event moved to Dorin Forum,"1,000 extra seats available! Get your ticket now!

It’s nice when they actually listen to us! Thank god it won’t be in the stupid Illinois Room.",,Submission,66,0.97,https://www.reddit.com/r/uichicago/comments/1qugojk/matpat_event_moved_to_dorin_forum/,https://www.reddit.com/r/uichicago/comments/1qugojk/matpat_event_moved_to_dorin_forum/,,
1qufwl6,02-03-2026 02:38:22,Illustrious-Bat-5272,Haircut place for men,"Hey 

Can anyone recommend a good haircut place near uic? ",,Submission,1,0.67,https://www.reddit.com/r/uichicago/comments/1qufwl6/haircut_place_for_men/,https://www.reddit.com/r/uichicago/comments/1qufwl6/haircut_place_for_men/,,
1quf65l,02-03-2026 02:06:21,Opposite_School_3599,UIC Flame Fares and Meal swipe - wish they were transferable 😭,"Hey so last semester, I had like a few meal swipes and flames fares left, and I couldn't use them all up coz of exams n shit. Honestly I feel there should be a way i can resell any excess points on the campus card to some other student.

Has anyone else felt the same issue?",,Submission,14,0.94,https://www.reddit.com/r/uichicago/comments/1quf65l/uic_flame_fares_and_meal_swipe_wish_they_were/,https://www.reddit.com/r/uichicago/comments/1quf65l/uic_flame_fares_and_meal_swipe_wish_they_were/,,Discussion
1queqg5,02-03-2026 01:47:33,Ecstatic-Ad-5014,Housing Recommendations 26-27 Student,"For context, I'm admitted to UIC for 26-27, and my ""commute"" would be 40-minutes driving and then a 70-minute train. I'm not sure if I want to commit to commuting, so I'm exploring possible housing options to remove the commute. Any suggestions / best places to live on or off campus?",,Submission,4,1.0,https://www.reddit.com/r/uichicago/comments/1queqg5/housing_recommendations_2627_student/,https://www.reddit.com/r/uichicago/comments/1queqg5/housing_recommendations_2627_student/,,
1quekd2,02-03-2026 01:40:09,RevolutionarySite263,Transferring into Uic,"I’m trying to transfer from a smaller private university in IL, I’m trying to transfer as a finance major, realistically is it hard to transfer into business at uic?",,Submission,2,1.0,https://www.reddit.com/r/uichicago/comments/1quekd2/transferring_into_uic/,https://www.reddit.com/r/uichicago/comments/1quekd2/transferring_into_uic/,,
1qu92ob,02-02-2026 21:57:28,Rhizoid4,Transfer student experience?,"Hi! I'm a sophomore Biology major currently studying at Oregon State University, but I've been thinking of transferring to UIC. I'm from Chicago so would probably be a commuter student and I think it would be great to be so close to home, and I really like the idea of studying in a big city as opposed to a small town like where OSU is located. What's it like at UIC? How's the biology program, and how easy/difficult is it to transfer here? Any help or advice would be greatly appreciated, thank you!",,Submission,2,0.63,https://www.reddit.com/r/uichicago/comments/1qu92ob/transfer_student_experience/,https://www.reddit.com/r/uichicago/comments/1qu92ob/transfer_student_experience/,,Question
1qu82uo,02-02-2026 21:20:26,Strange_Control8788,How do you do fellow students?,"I am a 2024 alumni of UIC and I’m building something interesting that involves automating a trading strategy into code.  I’m looking for a genuine partner who has experience coding (not just vibe coding I can do that myself pretty well.) and can help me build the “logic” of this algo.   At the very least this could be something you list on a portfolio and if the automation venture turns profitable (it’s been already been manually profitable for 6 weeks) then I’d pay you for your hours worked.  It’s not rigorous work, it’s mostly the math logic of a closed system.  This could be something you do for 2 weeks then decide to leave, this could be something where we grow together.  Not really sure yet.  DM for details.  Comp sci or math majors preferably.  Currently coding in python.",,Submission,0,0.4,https://www.reddit.com/r/uichicago/comments/1qu82uo/how_do_you_do_fellow_students/,https://www.reddit.com/r/uichicago/comments/1qu82uo/how_do_you_do_fellow_students/,,Discussion
1qu7ycb,02-02-2026 21:15:57,Ok_Impression_5473,Track the latest restaurant inspections near UIC Campus,https://chispections.com/?area=uic,,Submission,32,0.96,https://i.redd.it/2arfpncud5hg1.jpeg,https://www.reddit.com/r/uichicago/comments/1qu7ycb/track_the_latest_restaurant_inspections_near_uic/,,News
1qu6giz,02-02-2026 20:22:07,MysteriousRecord1933,Security officer role,I applied for a security officer role and was wondering if anyone heard back after doing the emailed questions ,,Submission,5,0.86,https://www.reddit.com/r/uichicago/comments/1qu6giz/security_officer_role/,https://www.reddit.com/r/uichicago/comments/1qu6giz/security_officer_role/,,Question
1qtxljd,02-02-2026 15:10:26,Appropriate_Knee_482,"Going into UIC engineering, is it a good school? Any tips? Things to consider?","I didn’t get into my dream college sadly but I have a chance to go to UIC, which is a pretty good choice still in my opinion with many opportunities. However I see some people treat UIC kind of like a last option type thing, I was wondering if it’s still a good college for engineering? Are there a good amount of opportunities for students to do research or extracurriculars?",,Submission,11,0.79,https://www.reddit.com/r/uichicago/comments/1qtxljd/going_into_uic_engineering_is_it_a_good_school/,https://www.reddit.com/r/uichicago/comments/1qtxljd/going_into_uic_engineering_is_it_a_good_school/,,Question
1qtrzt7,02-02-2026 10:57:51,Potential_Abalone747,Uic nursing admission,"Hi! Just wanted to see if anyone by chance knew when people would start hearing back from UIC for the BSN program. I applied the day of the deadline, January 15th, so I’m just a little curious. ",,Submission,11,0.8,https://i.redd.it/tyx0s6gkb2hg1.jpeg,https://www.reddit.com/r/uichicago/comments/1qtrzt7/uic_nursing_admission/,,
1qtq3wm,02-02-2026 09:03:59,Fantastic_Archer3461,Looking for rm(s) for apt hunting!!,"Loyola student here about to graduate this semester and thought I’d ask here too. Is anyone looking for a roommate or roommates to go apartment hunting with? Preferably would like to move in before the semester ends and is a female (20-23 yrs, just with what i’m comfortable with, fitting with the same demographic as myself) Could be multiple people too with budget and all!",,Submission,0,0.33,https://www.reddit.com/r/uichicago/comments/1qtq3wm/looking_for_rms_for_apt_hunting/,https://www.reddit.com/r/uichicago/comments/1qtq3wm/looking_for_rms_for_apt_hunting/,,Question
1qtp37e,02-02-2026 08:01:09,shadow_z_99,KN 230 am i cooked ?,I did so bad for my first exam. It is my fault to be honest. got a 36/100 and it's worth 18% of my grade should I give up 😭 can anyone give me advice and if I should continue there is 4 exams and this was 1 of them. Im okay with passing with a C,,Submission,3,0.67,https://www.reddit.com/r/uichicago/comments/1qtp37e/kn_230_am_i_cooked/,https://www.reddit.com/r/uichicago/comments/1qtp37e/kn_230_am_i_cooked/,,Question
1qtjlxi,02-02-2026 03:13:30,silent-therapy2,Anyone English 208 give advice,"Hi everyone, I was just curious if anyone had advice for the 208 English class. I fear I won’t make it; this class is so boring, and I'm also anxious about the test or midterm quiz coming up. What could it possibly be about? The boredom alone will make it hard to retain anything in this class. I am trying to read the Canterbury tales, and I am about to fall asleep. Now I love being an English major, but this class is a really difficult one to be in so far, and not even like difficult, like the course is hard, just it's hard to retain this boring information. Now my question is, any advice, reassurance that this class gets better, or even if I need to be in the lectures? Btw, my professor is Raffi Magarik.",,Submission,0,0.5,https://www.reddit.com/r/uichicago/comments/1qtjlxi/anyone_english_208_give_advice/,https://www.reddit.com/r/uichicago/comments/1qtjlxi/anyone_english_208_give_advice/,,Question
1qtjk7k,02-02-2026 03:11:20,saucyvampiexo,might be a stupid question but i'm applying and,does the february 2nd due date mean that it wants it by tonight at 12 am or by tomorrow at 11:59 CT? ,,Submission,0,0.17,https://www.reddit.com/r/uichicago/comments/1qtjk7k/might_be_a_stupid_question_but_im_applying_and/,https://www.reddit.com/r/uichicago/comments/1qtjk7k/might_be_a_stupid_question_but_im_applying_and/,,Question
1qthke9,02-02-2026 01:43:05,Appropriate_Knee_482,Got rejected from honors college (incoming freshman) if it hard to get into the honors college if I re apply later?,"When rejected, I was told I can re apply later. Does anyone have any experience with applying later and is it hard? ",,Submission,8,0.79,https://www.reddit.com/r/uichicago/comments/1qthke9/got_rejected_from_honors_college_incoming/,https://www.reddit.com/r/uichicago/comments/1qthke9/got_rejected_from_honors_college_incoming/,,Question
1qtfg7c,02-02-2026 00:10:14,Appropriate_Knee_482,"Got admitted, is there a timeline besties the deadline that I should commit? Any benefit to committing early?",Anything I should know about good timelines to do things? I feel like doing all those things right before the deadline can be chaotic. Non of my family has gone to college in the US so it’s all new for me. ,,Submission,0,0.4,https://www.reddit.com/r/uichicago/comments/1qtfg7c/got_admitted_is_there_a_timeline_besties_the/,https://www.reddit.com/r/uichicago/comments/1qtfg7c/got_admitted_is_there_a_timeline_besties_the/,,Question
1qteyez,02-01-2026 23:49:33,Nismo_Tuning,Do y'all have any weird stories at UIC?,"I will be starting this fall at UIC. Can you guys tell me some funny, weird, or strange encounters here.",,Submission,52,0.98,https://www.reddit.com/r/uichicago/comments/1qteyez/do_yall_have_any_weird_stories_at_uic/,https://www.reddit.com/r/uichicago/comments/1qteyez/do_yall_have_any_weird_stories_at_uic/,,Discussion
1qtdmc2,02-01-2026 22:55:28,Objective_Log4205,Anyone looking for teammates for SparkHacks?,"Hey guys,  
I'm looking for a team for SparkHacks, preferably people who would like to win and love the learning process.  
My main thing is front-end and managing the overall project, but i’m flexible and happy to help wherever needed, backend, ideas, late-night debugging, you name it.

If you want a motivated teammate who’s actually down to grind, comment or dm me :)",,Submission,5,0.78,https://www.reddit.com/r/uichicago/comments/1qtdmc2/anyone_looking_for_teammates_for_sparkhacks/,https://www.reddit.com/r/uichicago/comments/1qtdmc2/anyone_looking_for_teammates_for_sparkhacks/,,Question
1qta4n1,02-01-2026 20:41:35,kimkonabudget,BIOS350 EXAMS WITH MICHAEL MILLS,How are the exams for bios350 with Michael mills,,Submission,0,0.33,https://www.reddit.com/r/uichicago/comments/1qta4n1/bios350_exams_with_michael_mills/,https://www.reddit.com/r/uichicago/comments/1qta4n1/bios350_exams_with_michael_mills/,,
1qt80as,02-01-2026 19:25:28,unsharpp02,how is uic for parties?,i just got in. How is uic for parties. ,,Submission,0,0.39,https://www.reddit.com/r/uichicago/comments/1qt80as/how_is_uic_for_parties/,https://www.reddit.com/r/uichicago/comments/1qt80as/how_is_uic_for_parties/,,Discussion
1qt7jr5,02-01-2026 19:09:18,Financial_Fortune_73,Looking for a place to live,"Hi, I am looking for good neighborhoods to look apartments in. I am not from Chicago and know basically nothing about the area. I will be going to the Pharmacy school and don’t plan on having a car, and preferably looking for a 1 bedroom or a studio apartment si ce I want to live alone. Any advice would be appreciated. ",,Submission,2,0.62,https://www.reddit.com/r/uichicago/comments/1qt7jr5/looking_for_a_place_to_live/,https://www.reddit.com/r/uichicago/comments/1qt7jr5/looking_for_a_place_to_live/,,
1qt134w,02-01-2026 15:16:41,skc000,Is UIC accounting undergrad 'prestigious' for employers?,"What do prospective employers think of UIC undergrad in accounting/finance.

  
Is it a good option for accounting and finance in general?

I'm hearing area isn't as safe as some Unis in smaller towns. And more expensive. Is this all true or am I over reacting?

How is it compared to Tippie or Carlson?

Thanks in advance",,Submission,6,0.8,https://www.reddit.com/r/uichicago/comments/1qt134w/is_uic_accounting_undergrad_prestigious_for/,https://www.reddit.com/r/uichicago/comments/1qt134w/is_uic_accounting_undergrad_prestigious_for/,,Question
1qsptsa,02-01-2026 05:34:05,Proof-Spite2679,chicago french press coffee recommendations,pls give coffee recommendations that i can try at chicago french press at UH. i usually get an iced coffee w caramel shots and cold foam at starbucks. i want to try something new but not too far from what i usually order at starbucks. what do yall recommend ,,Submission,0,0.5,https://www.reddit.com/r/uichicago/comments/1qsptsa/chicago_french_press_coffee_recommendations/,https://www.reddit.com/r/uichicago/comments/1qsptsa/chicago_french_press_coffee_recommendations/,,
1qsokz1,02-01-2026 04:31:37,One-Sir-6174,Winter Clothes Advice,I’m not used to Chicago winters and was wondering if I could get advice on everything I should wear and where to buy them. January has kicked my ass 😭 any help would be much appreciated,,Submission,19,0.88,https://www.reddit.com/r/uichicago/comments/1qsokz1/winter_clothes_advice/,https://www.reddit.com/r/uichicago/comments/1qsokz1/winter_clothes_advice/,,
1qsk5yw,02-01-2026 01:08:18,ShineForward177,UIC or UIUC(Neuro),"Last night I got accepted into UIUC and was incredibly happy. Today I’m just not sure anymore. I got in for neuroscience but I’m worried if that if I go to UIUC I wouldn’t have research opportunities and it’ll be near impossible to find a job or an internship because its a smaller urban area. While UIC might have more. 

 

If I ended up going to UIC I would have to commute and be on a tight schedule but in UIUC I wouldn’t have to. 

(The financial aid is pretty much the same for both schools and I can do workstudy) 

How is Neuroscience in UIC or in UIUC? ",,Submission,8,0.9,https://www.reddit.com/r/uichicago/comments/1qsk5yw/uic_or_uiucneuro/,https://www.reddit.com/r/uichicago/comments/1qsk5yw/uic_or_uiucneuro/,,
1qsfbdv,01-31-2026 21:46:56,Appropriate_Knee_482,Got admitted and will prolly go what should I know?,"I didn’t know a lot of stuff going into hs and never really locked in. I don’t want to do the same in college. Want should I know? Best timeline to commit? (My parents wanna see the campus and stuff before I fully commit but campus likely won’t change my mind). I’m in state, like 50 min away from Chicago. Anything you wish you knew for UIC or college in general? ",,Submission,7,0.77,https://www.reddit.com/r/uichicago/comments/1qsfbdv/got_admitted_and_will_prolly_go_what_should_i_know/,https://www.reddit.com/r/uichicago/comments/1qsfbdv/got_admitted_and_will_prolly_go_what_should_i_know/,,Question
1qs057f,01-31-2026 11:38:21,Used_Lingonberry6822,Samay Chicago 27th Feb,Anybody wants to buy Samay Raina 'a Chicago ticket for Feb 27th? ,,Submission,2,0.75,https://www.reddit.com/r/uichicago/comments/1qs057f/samay_chicago_27th_feb/,https://www.reddit.com/r/uichicago/comments/1qs057f/samay_chicago_27th_feb/,,Other
1qrupql,01-31-2026 06:19:27,Far-Vegetable-6172,I got VIP to meet MatPat,,,Submission,0,0.38,,https://www.reddit.com/r/uichicago/comments/1qrupql/i_got_vip_to_meet_matpat/,,
1qrukhu,01-31-2026 06:11:39,hammieinmywhammie,Chem 222 curve!! Please lmk!!,Does Chem222 get a curve like Chem 1 and 2??? I have Tripa this semester and I’m starting to get nervous 😮‍💨,,Submission,1,0.6,https://www.reddit.com/r/uichicago/comments/1qrukhu/chem_222_curve_please_lmk/,https://www.reddit.com/r/uichicago/comments/1qrukhu/chem_222_curve_please_lmk/,,
1qrug3q,01-31-2026 06:05:12,CryptographerHot1598,Should I choose UIC or Transfer?,"Hi Im looking for advice because I’m losing my mind. I’ve always seen UIUC as my dream school and did everything in high school to achieve my placement at UIUC. That was the first application I opened and completed. I JUST WANTED TO GET IN. Unfortunately, I got rejected. HARD REJECT. I’ve been crying my eyes out and need help. BTW I applied as a undeclared engineering major (just wanted to get in) 

I had a 3.7 UW AND 4.3 W and test optional (REJECTED) 

But I literally cannot see myself anywhere else. I got into UIC engineering school. But I only see myself in UIUC, should I transfer by going CC to UIUC or go to UIC. I’m so lost I need help!!! 

 ",,Submission,20,0.86,https://www.reddit.com/r/uichicago/comments/1qrug3q/should_i_choose_uic_or_transfer/,https://www.reddit.com/r/uichicago/comments/1qrug3q/should_i_choose_uic_or_transfer/,,Question
1qrucjo,01-31-2026 06:00:28,Business-Parking7296,Has anyone gotten their acceptance/decision for UIC nursing bsn as a transfer for fall 2026 yet?,,,Submission,2,0.75,https://www.reddit.com/r/uichicago/comments/1qrucjo/has_anyone_gotten_their_acceptancedecision_for/,https://www.reddit.com/r/uichicago/comments/1qrucjo/has_anyone_gotten_their_acceptancedecision_for/,,Question
1qrqzx1,01-31-2026 03:16:02,uhlluka,Incoming Freshman Looking For Advice,"hii! i'm definitely new to reddit (just made my account, but have always been a lurker at times) and i got accepted into UIC and plan to dorm. i'm kinda nervous about it and i'm wondering how the whole housing situation works. will anyone actually look at my roommate questionaire thing and want to room with me or do i find people to room with on social media? i could also just f it and get a random roommate too? is that even an option? lmk please

\\-clueless gal",,Submission,2,0.67,https://www.reddit.com/r/uichicago/comments/1qrqzx1/incoming_freshman_looking_for_advice/,https://www.reddit.com/r/uichicago/comments/1qrqzx1/incoming_freshman_looking_for_advice/,,Question
1qrpy4m,01-31-2026 02:29:10,WeeklyLayer3001,MATH 215 Question,"Hi everyone, 

Does anyone here happen to have their past study guides or notes for MATH 215? I'm currently taking Prof. Whyte, and yet 3 weeks in I'm still lost as ever.

Thank you so much!",,Submission,1,0.67,https://www.reddit.com/r/uichicago/comments/1qrpy4m/math_215_question/,https://www.reddit.com/r/uichicago/comments/1qrpy4m/math_215_question/,,Question
1qrp9o0,01-31-2026 01:59:15,Financial_Fortune_73,UIC- Chicago vs Nova Southeastern,,,Submission,1,0.67,,https://www.reddit.com/r/uichicago/comments/1qrp9o0/uic_chicago_vs_nova_southeastern/,,
1qrnisr,01-31-2026 00:41:58,TrailblazingBard,Do any international undergraduate students get tuition waivers?,"Asking because I’m pretty sure Graduate and Research Assistants do, but I’ve never come across this for undergrad international students. Anybody got any idea?",,Submission,0,0.5,https://www.reddit.com/r/uichicago/comments/1qrnisr/do_any_international_undergraduate_students_get/,https://www.reddit.com/r/uichicago/comments/1qrnisr/do_any_international_undergraduate_students_get/,,Question
1qrgac7,01-30-2026 20:01:28,TheJackasaur11,ICE protest on campus 🫡,love you UIC!!!,,Submission,1168,0.97,https://v.redd.it/mt90mggrljgg1,https://www.reddit.com/r/uichicago/comments/1qrgac7/ice_protest_on_campus/,Neuroscience | 2029,Video
1qr6kd6,01-30-2026 14:13:55,WhereHasTheSenseGone,Overnight/Weekend Library Hours,"Not sure if they share this widely, but the Daley Library will be open overnights starting next week until Spring Break. You just swipe your ID at the Idea Commons door after 11PM.

They also are open on Sunday afternoons from noon to 7pm via swipe at the Idea Commons.

",,Submission,45,1.0,https://www.reddit.com/r/uichicago/comments/1qr6kd6/overnightweekend_library_hours/,https://www.reddit.com/r/uichicago/comments/1qr6kd6/overnightweekend_library_hours/,EE Alum & IT Staff,
1qqybzp,01-30-2026 06:56:21,Complete_Two2244,PhD in Physics,"I have applied to PhD in Physics at UIC for fall 2026. I tried to look for information to ease my anxiety but not much was available. And university is not quite responsive. I would appreciate any information about the competitiveness of the PhD programs in general, especially Phsyics. And what is the generally admitted student profiles? thank you ",,Submission,3,0.64,https://www.reddit.com/r/uichicago/comments/1qqybzp/phd_in_physics/,https://www.reddit.com/r/uichicago/comments/1qqybzp/phd_in_physics/,,
1qqxgd0,01-30-2026 06:07:05,ResidentFlatworm1560,Anyone know what’s going on outside of commons north/south?,,,Submission,36,0.92,https://i.redd.it/h0xnrdgygfgg1.jpeg,https://www.reddit.com/r/uichicago/comments/1qqxgd0/anyone_know_whats_going_on_outside_of_commons/,,
1qqqjuy,01-30-2026 00:43:49,avicado19,Applied psych major,"Starting in the fall, I’m going back to school (transferring) after a 5 year break. psych majors be honest. 

How many hours a week are you reading? 

Follow up question, how are you disciplining yourself to read? 

Classes you loved? 

Professors you hate? 

Thanks friends. 

Mods feel free to take down if it violates anything <3 ",,Submission,1,0.6,https://www.reddit.com/r/uichicago/comments/1qqqjuy/applied_psych_major/,https://www.reddit.com/r/uichicago/comments/1qqqjuy/applied_psych_major/,,
1qqn04w,01-29-2026 22:19:27,purpldwer,anyone taken eng 282 at uic?,"want to know what the class entails, how hard it is…etc",,Submission,1,0.67,https://www.reddit.com/r/uichicago/comments/1qqn04w/anyone_taken_eng_282_at_uic/,https://www.reddit.com/r/uichicago/comments/1qqn04w/anyone_taken_eng_282_at_uic/,,Question
1qqmli0,01-29-2026 22:04:00,1zb1,Should I dorm or commute,"I have been accepted into UIC for history and plan on attending in the fall. I live in the cook county area, where the drive is about 30 minutes and train is about 45 to an hour. I’ve heard people say to save the money AND some people say to dorm. I’m doing the ROTC program when I attend so I won’t have to worry too much about tuition cost, so should I save the money or is it worth it to dorm/get an apartment? 

PS: I have a job in my hometown so I’d probably get a train pass anyways to come back probably every weekend or so. ",,Submission,17,0.81,https://www.reddit.com/r/uichicago/comments/1qqmli0/should_i_dorm_or_commute/,https://www.reddit.com/r/uichicago/comments/1qqmli0/should_i_dorm_or_commute/,,Question
1qql1vs,01-29-2026 21:05:48,Wild_Challenge8323,JBL earbuds left at SES first floor study area,I turned them into lost and found in SCE,,Submission,5,0.78,https://www.reddit.com/gallery/1qql1vs,https://www.reddit.com/r/uichicago/comments/1qql1vs/jbl_earbuds_left_at_ses_first_floor_study_area/,,
1qqjxri,01-29-2026 20:23:59,divinemissn,"""Additional Review Required"" at UIC",,,Submission,0,0.4,,https://www.reddit.com/r/uichicago/comments/1qqjxri/additional_review_required_at_uic/,,
1qqifd8,01-29-2026 19:29:07,envygoth,"The UIC school of design supports AI ""art""","Last semester we would have to attend these presentations every monday, and one of them literally had 2 high-up professors promoting their own AI ""art"" and literally tried to convince us that AI isn't actually causing that much harm to the world...

This week, my PHOTOGRAPHY professor was showing us how to use generative fill in Photoshop to extend our images if we didn't like how we took the photo??? Doesn't that defeat the whole fucking point of photography? Its one thing to edit and adjust colors and shadows and whatnot but wtf is this? And then she literally went on an unprovoked rant saying the world is headed in a good direction with AI and that we just have to deal with it and learn how to use it. The craziest thing was when she said we are only scared of it because it's new and other bad things are going on in the world... Because apparently AI isn't literally being used to make CP, destroy the planet, and LITERALLY take away the jobs of her students???

This was another high-up professor who designed some of the courses and has a say in who gets into which design program, if at all. I am deeply disturbed by the use and support of something that literally goes against everything that is art, in a literal art/design school. What the fuck is happening? This was my fav professor too she's really cool but I lost all respect for her and I just feel helpless... idk if this is a thing HR or the director of the college would even care about considering all the professors who have power seem to literally advocate for using AI.",,Submission,123,0.91,https://www.reddit.com/r/uichicago/comments/1qqifd8/the_uic_school_of_design_supports_ai_art/,https://www.reddit.com/r/uichicago/comments/1qqifd8/the_uic_school_of_design_supports_ai_art/,,Discussion
1qq1jyf,01-29-2026 06:59:01,IndependentWaltz9623,uic student study experience,"What’s one thing about studying at UIC that feels unnecessarily hard?

How do you usually find study groups or classmates, and what tools do you rely on during the semester?

im curious about uic student experiences, appreciate everyone's comment",,Submission,1,0.57,https://www.reddit.com/r/uichicago/comments/1qq1jyf/uic_student_study_experience/,https://www.reddit.com/r/uichicago/comments/1qq1jyf/uic_student_study_experience/,,Discussion
1qq072f,01-29-2026 05:45:42,Puzzled-Confusion412,Matpat tickets !!!,Does anyone have extra tickets for Matpat? My friend and I really wanna see him😭😭,,Submission,2,0.58,https://www.reddit.com/r/uichicago/comments/1qq072f/matpat_tickets/,https://www.reddit.com/r/uichicago/comments/1qq072f/matpat_tickets/,,
1qpxbss,01-29-2026 03:27:28,Valuable-Video-2799,Macroeconomics 121 Professor Karras,i was wondering what tips you guys have for this class. im struggling so bad and wanted to know if there’s any youtubers i can watch to help me out. (i’m gonna go to office hours but i want to study outside of class) ,,Submission,0,0.5,https://www.reddit.com/r/uichicago/comments/1qpxbss/macroeconomics_121_professor_karras/,https://www.reddit.com/r/uichicago/comments/1qpxbss/macroeconomics_121_professor_karras/,,
1qpwlqk,01-29-2026 02:55:27,Acceptable_Box_5548,how easy would it be to sneak into the matpat event,the thing sold out so fast and as soon as i heard about it i couldn’t get in so im seriously considering sneaking in,,Submission,68,0.9,https://www.reddit.com/r/uichicago/comments/1qpwlqk/how_easy_would_it_be_to_sneak_into_the_matpat/,https://www.reddit.com/r/uichicago/comments/1qpwlqk/how_easy_would_it_be_to_sneak_into_the_matpat/,,Question
1qpstqj,01-29-2026 00:13:48,Aggravating-Back-623,Random Spark in Lecture Room B,"So I was in IDS 371 this morning @ B1 @ 10 & around 10:45, I random Spark happened & the whole class freaked out, luckily Ms. Adelman was able to get a maintenance guy to come in find out what happened but I still curious what actually caused that spark?",,Submission,11,0.82,https://www.reddit.com/r/uichicago/comments/1qpstqj/random_spark_in_lecture_room_b/,https://www.reddit.com/r/uichicago/comments/1qpstqj/random_spark_in_lecture_room_b/,,
1qpsoq4,01-29-2026 00:08:01,Amazing_Peach_962,calling all premeds,"hello! 

I'm trying to finish prerequisites for medical school, and I'm looking for a place to take them. For those who have taken organic chemistry, biochemistry, and/or physics, what do you think about the courses? 

  
are the feasible to take while working full time? 

are any lectures offered online? 

are lectures mandatory? 

Who's your favorite professors? 

I would love any and all opinions, or anything you think I should know! thank you!! ",,Submission,4,0.7,https://www.reddit.com/r/uichicago/comments/1qpsoq4/calling_all_premeds/,https://www.reddit.com/r/uichicago/comments/1qpsoq4/calling_all_premeds/,,
1qpqd8i,01-28-2026 22:35:15,wolven8,looking for 3 more people to add to apartment,"
Hello, me and my two roommates are looking to add 3 new roommates to our apartment. It's 2200 sqr ft two floor apartment with 6 rooms, three bathrooms, two refrigerators, and a porch. Laundry is inside of the building, right next to our unit maybe .00001 foot away from us. 
We have two cats.

Bad parts: it's an old place, dishwasher is being fixed, a little bit cold right now near windows.


Good parts: large apartment, cheap very cheap, right next to addision redline stop, near jewel osco and whole foods, right next to Wrigleyfield, lots of restaurants and bars next door. Very safe.
You can also keep what ever in the room that our previous roommates left (not including the a/C or the suitcases) we'll remove what you don't want in there. The bed is just furry because the cats got in and left hair...


The rent in total is 2480 a month split between 4 people it's 620, 5 people it's 496, 6 people it's 414 a month. Utilities right now are expensive because of the weather so expect higher costs during the winter, right now it's 276$ per person split between 4 people.

The rooms that are open right now is one in the basement with a closet and a small window. Upstairs one room with a large closet and a window. The 2nd room upstairs has a small closet and a window that will be open on Feb 1st. 

We have two cats and are ok if someone brings a cat with them, the building doesn't allow dogs. 

Dm me if you're interested, we only allow 12 month leases. There is no security deposit. ",,Submission,23,0.93,https://www.reddit.com/r/uichicago/comments/1qpqd8i/looking_for_3_more_people_to_add_to_apartment/,https://www.reddit.com/r/uichicago/comments/1qpqd8i/looking_for_3_more_people_to_add_to_apartment/,,
1qppnof,01-28-2026 22:08:07,BackgroundTwist3691,ECE 115 Equivalent,"Hello everyone. I am a Junior Transfer for electrical engineering in Fall 2026. I am currently enrolled in an ECE 115 equivalent course in ELEC 101 at Prairie State College. According to Transferology the classes are a direct match, but one less credit(I already have free credits so that doesn’t affect me). Will the class transfer over? I just want to be 100% certain. Thanks.",,Submission,0,0.33,https://www.reddit.com/r/uichicago/comments/1qppnof/ece_115_equivalent/,https://www.reddit.com/r/uichicago/comments/1qppnof/ece_115_equivalent/,,
1qporoh,01-28-2026 21:34:48,Appropriate_Knee_482,I got admitted and wanted to see my estimated cost (officially) and if I got any aid. Will they email me or do I go login somewhere?,I tried to look but I got confused. ,,Submission,2,0.75,https://www.reddit.com/r/uichicago/comments/1qporoh/i_got_admitted_and_wanted_to_see_my_estimated/,https://www.reddit.com/r/uichicago/comments/1qporoh/i_got_admitted_and_wanted_to_see_my_estimated/,,Question
1qpnswi,01-28-2026 20:58:58,flick12349,"Lost cherry coke AirPods in Lecture Center C, gave them to lost and found in SCE","Found them in LCC 03. If they’re yours, hope you find them.",,Submission,28,0.98,https://i.redd.it/ulh5yj79m5gg1.jpeg,https://www.reddit.com/r/uichicago/comments/1qpnswi/lost_cherry_coke_airpods_in_lecture_center_c_gave/,,Other
1qpmq71,01-28-2026 20:18:50,Worried_Ad_496,Completely forgot to fill out the TAG form for FALL 26,"Planning on transferring from a local CC with a guaranteed transfer admission program to UIC in fall 2026 for Civil engineering, I have a 3.014 GPA and have only gotten Cs in the harder courses like calc 1-3, physics 1-2 and diff eq. I will be pooled in with the non guaranteed transfers if admissions can’t help with the TAG form. What are my odds of getting in? ",,Submission,1,0.67,https://www.reddit.com/r/uichicago/comments/1qpmq71/completely_forgot_to_fill_out_the_tag_form_for/,https://www.reddit.com/r/uichicago/comments/1qpmq71/completely_forgot_to_fill_out_the_tag_form_for/,,Question
1qpkqgc,01-28-2026 19:07:29,OneCatch5060,bro where is sele 3100,went to sele to the 3rd floor and walked around for like 30 mins and i still couldn’t find it. someone help me ,,Submission,10,0.92,https://www.reddit.com/r/uichicago/comments/1qpkqgc/bro_where_is_sele_3100/,https://www.reddit.com/r/uichicago/comments/1qpkqgc/bro_where_is_sele_3100/,,
1qpixzi,01-28-2026 18:05:40,No-Imagination763,What’s happening at bsb?,I know we just got the clear notification but I’m nosy. There are also security folks walking around which is a first,,Submission,12,1.0,https://www.reddit.com/r/uichicago/comments/1qpixzi/whats_happening_at_bsb/,https://www.reddit.com/r/uichicago/comments/1qpixzi/whats_happening_at_bsb/,,Question
1qpieo4,01-28-2026 17:48:13,HelloGodItsMeAnxiety,Police at student services building,Anyone know what’s going on? ,,Submission,24,0.96,https://www.reddit.com/r/uichicago/comments/1qpieo4/police_at_student_services_building/,https://www.reddit.com/r/uichicago/comments/1qpieo4/police_at_student_services_building/,,
1qpf1w2,01-28-2026 15:52:04,VacationNo8905,Does ids 200 lec take attendance?,or just the labs? Specifically if you have had alvin chin ,,Submission,1,0.67,https://www.reddit.com/r/uichicago/comments/1qpf1w2/does_ids_200_lec_take_attendance/,https://www.reddit.com/r/uichicago/comments/1qpf1w2/does_ids_200_lec_take_attendance/,,Question
1qpej8i,01-28-2026 15:33:01,geminivirgotaurus,I just got harrassed by prof unsal ozdogru,"i am taking her ids 331 class. i just walked up to her today and asked very politely that i signed up at the last moment for the class and need help catching up. any advice on where to get started would be appreciated. 

she yells- where were you?? i have a class next i don’t have time for this. go look at blackboard and if you don’t catch up by Friday you’re gonna fail this class. 

i blanked and said oh okay thank you and started walking away. she yells - were you recording this conversation? in front of the whole class

i said um no? and literally ran for my life because WTF 

i am actually so dumbfounded and anxious ",,Submission,269,0.96,https://www.reddit.com/r/uichicago/comments/1qpej8i/i_just_got_harrassed_by_prof_unsal_ozdogru/,https://www.reddit.com/r/uichicago/comments/1qpej8i/i_just_got_harrassed_by_prof_unsal_ozdogru/,,
1qpe54p,01-28-2026 15:18:20,The_last_PP_bender,Lost $20 at BSB food court,"I lost my $20 yesterday at BSB food court, That was the last $20 bucks I have 😭😭😭 before i get paid this friday. They probably slipped out of my pocket. if I anyone found that can you please dm so we can arrange a pick up or you can venmo me the $20. 

Thanksss",,Submission,0,0.48,https://www.reddit.com/r/uichicago/comments/1qpe54p/lost_20_at_bsb_food_court/,https://www.reddit.com/r/uichicago/comments/1qpe54p/lost_20_at_bsb_food_court/,CS | Showers Everyday,Question
1qp354o,01-28-2026 05:56:51,Fair-Possession-8861,any guys down to play IM vball?,preferably hitters and have at least some experience ,,Submission,2,0.75,https://www.reddit.com/r/uichicago/comments/1qp354o/any_guys_down_to_play_im_vball/,https://www.reddit.com/r/uichicago/comments/1qp354o/any_guys_down_to_play_im_vball/,,Question
1qp0kfe,01-28-2026 03:50:28,No-Ruin-7373,Looking for sublease summer 2026,"Hello! My sister and I are looking to sublease an apartment over the summer (roughly mid-May through mid-August). We don’t mind sharing a room, so we’re open to studios or 1-bedrooms. Please reach out if you’re looking to sublet this summer! Greatly appreciated:)",,Submission,1,0.67,https://www.reddit.com/r/uichicago/comments/1qp0kfe/looking_for_sublease_summer_2026/,https://www.reddit.com/r/uichicago/comments/1qp0kfe/looking_for_sublease_summer_2026/,,Question
1qp0hdf,01-28-2026 03:46:28,chicitygirl987,"ABC7- 10 PM tonight. HUGE SCAM, will RUIN your credit ! Watch and share with family and friends",[https://www.google.com/search?q=ghost+student+scam&oq=ghost+student+scam&gs\\_lcrp=EgZjaHJvbWUyBggAEEUYOTIHCAEQIRiPAtIBCTE1OTc2ajBqN6gCALACAA&sourceid=chrome&ie=UTF-8](https://www.google.com/search?q=ghost+student+scam&oq=ghost+student+scam&gs_lcrp=EgZjaHJvbWUyBggAEEUYOTIHCAEQIRiPAtIBCTE1OTc2ajBqN6gCALACAA&sourceid=chrome&ie=UTF-8),,Submission,0,0.22,https://www.reddit.com/r/uichicago/comments/1qp0hdf/abc7_10_pm_tonight_huge_scam_will_ruin_your/,https://www.reddit.com/r/uichicago/comments/1qp0hdf/abc7_10_pm_tonight_huge_scam_will_ruin_your/,,
1qp08oj,01-28-2026 03:35:14,shakfnn,I love yall ur so nosey,Girl I’d be watching too w the amount of lights,,Submission,83,0.96,https://v.redd.it/nerbu4nzf0gg1,https://www.reddit.com/r/uichicago/comments/1qp08oj/i_love_yall_ur_so_nosey/,Nutrition | 2026,
1qoyk7n,01-28-2026 02:22:18,Holiday-Debt2635,UIC Deadlock team,I'm hoping to start a team for the upcoming College Deadlock season. DM me if you're interested ,,Submission,4,0.83,https://www.reddit.com/r/uichicago/comments/1qoyk7n/uic_deadlock_team/,https://www.reddit.com/r/uichicago/comments/1qoyk7n/uic_deadlock_team/,,
1qotyp0,01-27-2026 23:10:53,Fair-Possession-8861,weekly young adults ministry out there?,wanting to get connected to a non-denominational Christian church I can attend on weekdays while im on campus!! let’s be friendssss⭐️⭐️⭐️,,Submission,0,0.29,https://www.reddit.com/r/uichicago/comments/1qotyp0/weekly_young_adults_ministry_out_there/,https://www.reddit.com/r/uichicago/comments/1qotyp0/weekly_young_adults_ministry_out_there/,,Question
1qotti7,01-27-2026 23:05:19,Opening_Programmer56,20 dollars laying in BSB food court ground,"Anyone happen to lose a 20 dollar bill? it’s laying on the ground in the BSB food court. It’s January, moneys tight. If it’s yours and you can be back in BSB before 6 pm I’ll hand it to you.",,Submission,66,0.9,https://i.redd.it/ns5sh18m3zfg1.jpeg,https://www.reddit.com/r/uichicago/comments/1qotti7/20_dollars_laying_in_bsb_food_court_ground/,,Image
1qos9jt,01-27-2026 22:06:19,GoodBoyPuppi,Do I need a w-2 or something from school to file my taxes?,I have 2 of my bones w-2’s already but I can’t find if I need a tax form from the school anywhere ,,Submission,1,1.0,https://www.reddit.com/r/uichicago/comments/1qos9jt/do_i_need_a_w2_or_something_from_school_to_file/,https://www.reddit.com/r/uichicago/comments/1qos9jt/do_i_need_a_w2_or_something_from_school_to_file/,,Question
1qopy39,01-27-2026 20:42:46,froze7,did u guys buy the textbook for chem122 or just the homework access,Lmk idk if theres any point,,Submission,3,1.0,https://www.reddit.com/r/uichicago/comments/1qopy39/did_u_guys_buy_the_textbook_for_chem122_or_just/,https://www.reddit.com/r/uichicago/comments/1qopy39/did_u_guys_buy_the_textbook_for_chem122_or_just/,,Question
1qooq3m,01-27-2026 19:59:22,Tw2k17TTV,Bus card cracked,My bus card got a crack in it and also doesn’t seem to work I opted into the upass thing at the start of the semester. When I went to the UPass help desk place they took my card will I have to pay for a new one 🤦🏽‍♂️,,Submission,0,0.5,https://www.reddit.com/r/uichicago/comments/1qooq3m/bus_card_cracked/,https://www.reddit.com/r/uichicago/comments/1qooq3m/bus_card_cracked/,,Discussion
1qomddf,01-27-2026 18:37:25,cynwei,ANTH 105 lectures,is anybody in Lukas Kerbyson’s anth 105 class really good at taking notes on the lectures? I will be gone for a good chunk of February and will need the notes for a couple of the lectures since our exams are gonna be closed book and I gotta study up … pls msg me and lmk im so worried ab this class I thought it’d be easy but its so confusing lol,,Submission,1,0.67,https://www.reddit.com/r/uichicago/comments/1qomddf/anth_105_lectures/,https://www.reddit.com/r/uichicago/comments/1qomddf/anth_105_lectures/,,
1qojss3,01-27-2026 17:09:29,Rohit_Jammu,"Nationwide Shutdown on Friday January 30th, thoughts?",,,Submission,113,0.86,https://i.redd.it/lipt3zgecxfg1.jpeg,https://www.reddit.com/r/uichicago/comments/1qojss3/nationwide_shutdown_on_friday_january_30th/,,Discussion
1qojesf,01-27-2026 16:56:28,iam_a_wi2ard,Applied for a PhD in Engineering,Can anyone tell me when I would receive the rejection or a call for interview? ,,Submission,3,1.0,https://www.reddit.com/r/uichicago/comments/1qojesf/applied_for_a_phd_in_engineering/,https://www.reddit.com/r/uichicago/comments/1qojesf/applied_for_a_phd_in_engineering/,,Question
1qodqhj,01-27-2026 13:24:07,notLongestDic,MyDevices Fixed Method,"I would like to preface that this worked for me, but this portal is really wierd. Share fixes in the comments below that worked for you! Give an upvote if I helped you out!

1. Navigate to [https://mydevices.ise.cc.uic.edu/](https://mydevices.ise.cc.uic.edu/)
2. When you reach the block page, don't click anything, just type ""thisisunsafe"", this should bypass the page and send you to the login
   1. If this does not work, refresh, and type slowly.
3. You should be able to login
4. NOTE: When you are adding devices, you must enter a description, and a NEW (add an extra word or two) name for the device.
5. If the 'Add' button doesn't work, give it a few minutes and come back. The UIC server for mydevices is having a hard time.

",,Submission,7,0.89,https://www.reddit.com/r/uichicago/comments/1qodqhj/mydevices_fixed_method/,https://www.reddit.com/r/uichicago/comments/1qodqhj/mydevices_fixed_method/,CS/SWE | 2026,
1qodomv,01-27-2026 13:22:01,unannounced-insanity,Please share this: it is truly life and death for my nephew.,"My nephew is desperate and I am just trying to share his story anywhere in chicagoland, making it relevant to this group maybe. 

https://www.facebook.com/share/p/1FxmSfhjui/?mibextid=wwXIfr",,Submission,33,0.79,https://www.reddit.com/r/uichicago/comments/1qodomv/please_share_this_it_is_truly_life_and_death_for/,https://www.reddit.com/r/uichicago/comments/1qodomv/please_share_this_it_is_truly_life_and_death_for/,,
1qocrw3,01-27-2026 12:41:36,AngelLuke6,"Just got frostnip, yippieee..","I’m just so tired of some students.. “Just deal with it”, “Yall are so sensitive”, “Maybe prepare better”. I dunno, maybe try being in a long distance commenter’s shoes and see how long you’ll enjoy coming to school in freezing weather. And even if we don’t come from far, it’s just as justifiable to complain about, it’s our health we’re worried about. Being used to this weather isn’t some kind of flex. Sure these temps aren’t anything new, but literally ANYTHING can still happen no matter how used to it you are or how much you may prepare. I can say that I am used to it, as I have been able to fortunately tolerate it since my freshman year. That didn’t stop the frostnip from suddenly getting to me yesterday.  
If you want to keep going to school, props to you. That doesn’t mean you got the right to look down on anyone else who wants to “complain”. Might be annoying to you, but some of us will put our wellbeing over missing a few classes, surprise surprise.

To the rest of you all, please stay safe. If you aren’t able, DO NOT risk your health coming to school. Let your instructors know. It’s honestly ridiculous the lengths some of us have to take to get an excuse for these reasons.

  
Edit: It seems a lot of people still aren’t aware that it is in fact possible to still get cold related illnesses/injuries even with proper clothing, asking me if I was properly dressed 💀 And I apologize for any strong wording, but my intent was no to blame anyone or flex caring about my wellbeing for that matter. Yall might not have come across them, but this was mainly to call out those people I and many others have seen that actually were going around dismissing others’ stress and concerns, as well as to try and remind others to keep themselves safe.",,Submission,72,0.78,https://www.reddit.com/r/uichicago/comments/1qocrw3/just_got_frostnip_yippieee/,https://www.reddit.com/r/uichicago/comments/1qocrw3/just_got_frostnip_yippieee/,,Other
1qo6i12,01-27-2026 06:46:04,Beautifulfunsmartgrl,Direct Entry MSN Program,Hi! I was wondering if anyone was accepted into UIC DEMSN program! Or knows of anyone who has completed that program? Many people say the DEMSN programs have a better career outlook and I am wondering if anyone can share their career experiences after graduating! 🙏🏽,,Submission,1,1.0,https://www.reddit.com/r/uichicago/comments/1qo6i12/direct_entry_msn_program/,https://www.reddit.com/r/uichicago/comments/1qo6i12/direct_entry_msn_program/,,
1qo2dqs,01-27-2026 03:23:14,djfresh109,prospective student does anyone know how much cost of attendance would be in total in state on campus,i live in texas but i’ve always wanted to go to chicago does anyone know of any scholarships available ,,Submission,7,0.82,https://www.reddit.com/r/uichicago/comments/1qo2dqs/prospective_student_does_anyone_know_how_much/,https://www.reddit.com/r/uichicago/comments/1qo2dqs/prospective_student_does_anyone_know_how_much/,,
1qo0cii,01-27-2026 01:55:42,Few_Wedding_7567,Healthy food near campus,"Hello! I recently just moved here. I live like 1 minute away from Taylor street. I've been struggling to find the time to cook with how busy I've been – does anyone know of healthy food spots? This is my second year at UIC. My first year I didn't care to explore or eat the food around here but now that I'm living here I'd like to venture out a bit. But I mostly want it to be healthy. So far I've just tried IDOF and wasn't the biggest fan. I know there's some pay off with eating out – it's not going to be the healthiest. But any recs? For some context, I am a vegeterian! I also don't mind having to take the bus if it's a bit of a distance.",,Submission,11,0.86,https://www.reddit.com/r/uichicago/comments/1qo0cii/healthy_food_near_campus/,https://www.reddit.com/r/uichicago/comments/1qo0cii/healthy_food_near_campus/,,
1qnyipb,01-27-2026 00:37:24,Disastrous-Course556,Beta Sigma Gamma,"Hey everyone,

I recently got an invitation to join an honors society called Beta Gamma Sigma. It’s described as very “prestigious,” but there’s a $75 lifetime fee, and it’s apparently only for business students.

From what I can tell, it feels more like a badge of honor kind of thing and not sure if there are actually any events or real benefits.

Has anyone here been part of it? Is it worth it, and is it even legit?

Would really appreciate any insights!",,Submission,0,0.33,https://www.reddit.com/r/uichicago/comments/1qnyipb/beta_sigma_gamma/,https://www.reddit.com/r/uichicago/comments/1qnyipb/beta_sigma_gamma/,,
1qny16i,01-27-2026 00:17:08,Severe_Librarian401,Help with Echo360,"Hello all!

I was wondering if anyone has any tips on getting Echo360 to work on Blackboard. I am using a Mac laptop and running Chrome. I scoured the internet, tried allowing third-party cookies, clearing all my browsing data, and disabling my ad blocker, to no avail. I even went to the echovideo website, and it still won't run on my MacBook.

Any pointers or tips would be very much welcome! Watching recorded lectures on a smartphone really sucks, but I will do whatever is necessary if push comes to shove. ",,Submission,1,0.67,https://www.reddit.com/r/uichicago/comments/1qny16i/help_with_echo360/,https://www.reddit.com/r/uichicago/comments/1qny16i/help_with_echo360/,,Question
1qnrdzl,01-26-2026 20:10:46,Odd-Dragonfly5317,Found phone at panda express,Turned in the phone to building management in sce.,,Submission,8,1.0,https://www.reddit.com/gallery/1qnrdzl,https://www.reddit.com/r/uichicago/comments/1qnrdzl/found_phone_at_panda_express/,,
1qnmuul,01-26-2026 17:38:04,bengibbardstoothpain,Candlelight Vigil for Alex Pretti this Wednesday at Jesse Brown VA,,,Submission,16,0.94,,https://www.reddit.com/r/uichicago/comments/1qnmuul/candlelight_vigil_for_alex_pretti_this_wednesday/,,
1qnlhdk,01-26-2026 16:51:43,JustSomeRamblings,"Found phone, taken to CS dept in CDRLC","Found this phone on the sidewalk outside next to the Addams Hall construction heading towards SEL around 10:40-10:45 a.m. this morning. No one around recognized it, taken to CS dept in CDRLC, room 3410",,Submission,17,0.95,https://www.reddit.com/gallery/1qnlhdk,https://www.reddit.com/r/uichicago/comments/1qnlhdk/found_phone_taken_to_cs_dept_in_cdrlc/,,
1qnh4jr,01-26-2026 14:13:54,Inevitable_Team_3600,UIC vs Indiana State (TUESDAY AT 7),"come support UIC basketball!!!! winners of 6 straight games!!!!! students get in free, game is at 7 pm tomorrow night!

  
[https://x.com/uic\\_mbb/status/2015615758793933042?s=46&t=60TaM5RxlqrBoQK79BuQZA](https://x.com/uic_mbb/status/2015615758793933042?s=46&t=60TaM5RxlqrBoQK79BuQZA)",,Submission,4,0.75,https://www.reddit.com/r/uichicago/comments/1qnh4jr/uic_vs_indiana_state_tuesday_at_7/,https://www.reddit.com/r/uichicago/comments/1qnh4jr/uic_vs_indiana_state_tuesday_at_7/,,
1qnf8l0,01-26-2026 12:53:56,Possible_Storm9359,Sidewalks and streets are not well maintained,"Dear UIC,

If you’re going to force us to come to campus during one of the coldest times UIC has seen in a few years, please at least maintain your sidewalks and streets. 

This is a PSA for folks coming in today. Sidewalks & streets are covered in slush and ice. Almost slipped 5 times walking to my class today, saw two almost accidents, and my car started sliding when I turned. Please be safe out there. 

From, 

A very upset student. ",,Submission,161,0.99,https://www.reddit.com/r/uichicago/comments/1qnf8l0/sidewalks_and_streets_are_not_well_maintained/,https://www.reddit.com/r/uichicago/comments/1qnf8l0/sidewalks_and_streets_are_not_well_maintained/,,Other
1qn9r7c,01-26-2026 07:44:51,Less-Studio3262,I’m trying to prove a point… be a datapoint for me… “how do you do Blackboard?” 🤔,"Hi, so I don’t want to give too much context as to not sway the results. I will circle back in 2 days lol. But I want to hear from any current student, idgaf undergrad/grad/phd/prof. Here’s what I would like to know…

First week of school, with respect to anything you have to download off of Blackboard for a particular class/week… how do you do Blackboard? Or which is most like you… feel free to elaborate but please please help a girl out.

Context: finished the last half of my undergrad at UIC, back as a doctoral student, in my second year rn. TYSM for anyone who takes time to respond!

[View Poll](https://www.reddit.com/poll/1qn9r7c)",,Submission,4,0.75,https://www.reddit.com/r/uichicago/comments/1qn9r7c/im_trying_to_prove_a_point_be_a_datapoint_for_me/,https://www.reddit.com/r/uichicago/comments/1qn9r7c/im_trying_to_prove_a_point_be_a_datapoint_for_me/,PhD SPED/Applied Behavior Analysis | 2029,Question
1qn9nz0,01-26-2026 07:39:35,Fuzzy-Professor9812,Dancing near here low-cost?,"Dude I just want to get in a dance floor. Are there any places with such, near here within cta distance?

ideally open not just 1 day out the week, but more like fri sat sun could be nice

also idk what the cost of entry usually is, but if free isn't an option then lowish?

or, is there a place on campus for this?? really i dont know these things. oh and not just edm, gosh 

oh on that note, good bars near here? Maybe perhaps with dance floors aswell? Basically, where do students gather to dance??",,Submission,12,0.88,https://www.reddit.com/r/uichicago/comments/1qn9nz0/dancing_near_here_lowcost/,https://www.reddit.com/r/uichicago/comments/1qn9nz0/dancing_near_here_lowcost/,,Question
1qn8xty,01-26-2026 06:57:55,ahhnnna,A solution for commuters in the snow…,"Since they won’t be cancelling classes this year, time to pick one up at Costco 😆 ",,Submission,40,0.94,https://i.redd.it/h2eundqd6nfg1.jpeg,https://www.reddit.com/r/uichicago/comments/1qn8xty/a_solution_for_commuters_in_the_snow/,,
1qn84wj,01-26-2026 06:13:38,Some_Page_8519,CHEM 232 - help,"hello 

how do I even begin to understand 232? i’m genuinely so confused! yerm and jean are not that great of professors, yerm is better than jean tho. jean has such a heavy accent and he races through everything. help me guys, anyone pleaseeee. ",,Submission,4,0.75,https://www.reddit.com/r/uichicago/comments/1qn84wj/chem_232_help/,https://www.reddit.com/r/uichicago/comments/1qn84wj/chem_232_help/,,Question
1qn5shz,01-26-2026 04:15:38,Jolly_Scale_4421,6 STRAIGHT Ws PACK THE ARENA TUESDAY,FREE BUS SHUTTLE AND FOOD! ,,Submission,27,0.97,https://i.redd.it/cx2m9ubfdmfg1.jpeg,https://www.reddit.com/r/uichicago/comments/1qn5shz/6_straight_ws_pack_the_arena_tuesday/,,News
1qn3i5b,01-26-2026 02:32:32,Starberrycone,PSA this is a scam email being sent to UIC students report it if you get it's don't reply or send personal information.,,,Submission,50,0.96,https://i.redd.it/8e91xu51vlfg1.jpeg,https://www.reddit.com/r/uichicago/comments/1qn3i5b/psa_this_is_a_scam_email_being_sent_to_uic/,,
1qmzmta,01-25-2026 23:45:57,Financial_Flan9722,Another Cold Morning,prayers for my 8am squad,,Submission,53,0.99,https://i.redd.it/iq2iml8b1lfg1.jpeg,https://www.reddit.com/r/uichicago/comments/1qmzmta/another_cold_morning/,,
1qmn04o,01-25-2026 16:03:11,Possible_Storm9359,Is campus going to open tomorrow?,"Does anyone know if campus is going to be open tomorrow? Haven’t seen anything yet, but wanted to know if there were any rumors of anything. ",,Submission,10,0.64,https://www.reddit.com/r/uichicago/comments/1qmn04o/is_campus_going_to_open_tomorrow/,https://www.reddit.com/r/uichicago/comments/1qmn04o/is_campus_going_to_open_tomorrow/,,Question
1qm9fik,01-25-2026 04:40:38,No-Programmer-8417,Immediate Sublet Available,,,Submission,0,0.5,,https://www.reddit.com/r/uichicago/comments/1qm9fik/immediate_sublet_available/,,
1qm7633,01-25-2026 02:51:42,No-Programmer-8417,Is there any way to join WhatsApp group of UIC off campus housing,I really need to relet my room,,Submission,0,0.33,https://www.reddit.com/r/uichicago/comments/1qm7633/is_there_any_way_to_join_whatsapp_group_of_uic/,https://www.reddit.com/r/uichicago/comments/1qm7633/is_there_any_way_to_join_whatsapp_group_of_uic/,,Discussion
1qm2qg7,01-24-2026 23:37:51,Puzzleheaded_Sky1333,selling aula 1 - span 101-102,"have not written in it at all, i used it for 1 semester. lmk!",,Submission,0,0.5,https://www.reddit.com/r/uichicago/comments/1qm2qg7/selling_aula_1_span_101102/,https://www.reddit.com/r/uichicago/comments/1qm2qg7/selling_aula_1_span_101102/,,
1qm20ce,01-24-2026 23:08:08,DoublePainting1388,How difficult was phys260?,I am a mechanical engineer major and planning to take Phys260 next semster. How difficult was the course? Was it harder compared to phys 141 and 142? And if you have the syllabus can i have it? Any tips ,,Submission,1,0.67,https://www.reddit.com/r/uichicago/comments/1qm20ce/how_difficult_was_phys260/,https://www.reddit.com/r/uichicago/comments/1qm20ce/how_difficult_was_phys260/,,Question
1qm0now,01-24-2026 22:14:03,Odd-Dragonfly5317,Are we supposed to memorise all those vocab words for cme 260 exam?,\\^,,Submission,3,0.72,https://www.reddit.com/r/uichicago/comments/1qm0now/are_we_supposed_to_memorise_all_those_vocab_words/,https://www.reddit.com/r/uichicago/comments/1qm0now/are_we_supposed_to_memorise_all_those_vocab_words/,,Question
1qm09gm,01-24-2026 21:58:28,superflyer991,What was this Chevy Volt doing on campus yesterday?,,,Submission,48,0.91,https://i.redd.it/5fbnk248ddfg1.jpeg,https://www.reddit.com/r/uichicago/comments/1qm09gm/what_was_this_chevy_volt_doing_on_campus_yesterday/,,Question
1qlyml1,01-24-2026 20:55:31,Formal_Schedule_5931,Tomorrow downtown 1pm. For Minneapolis. For all of us 🖕🧊,,,Submission,12,0.93,https://i.redd.it/c2l9i60vzcfg1.jpeg,https://www.reddit.com/r/uichicago/comments/1qlyml1/tomorrow_downtown_1pm_for_minneapolis_for_all_of/,,News
1qlfuw6,01-24-2026 06:44:13,HovercraftDue8554,Is my schedule realistic?,"https://preview.redd.it/77xn7lbhr8fg1.png?width=715&format=png&auto=webp&s=d59ef94bee36a6fe3a776677c1abd1396d8d1b38

Just changed my major from Computer Science to Electrical Engineering. I want to finish in the span of 2 years because I am already a Junior.

I believe ECE labs are longer than usual. I just want to make sure that I am not gonna have any issues in XERegistration. In your experience, do ECE classes have overlapping lab dates/times that would make this schedule impossible/unlikely?

I assume not because UIC's EE [sample course schedule](https://catalog.uic.edu/ucat/colleges-depts/engineering/ece/bs-ee/) includes semesters with multiple ECE courses that each have associated labs.

Btw, the yellow text means I can swap between the classes freely in case of a conflict. Also, I plan on moving some of the year 2 classes to the place holders.",,Submission,3,0.71,https://www.reddit.com/r/uichicago/comments/1qlfuw6/is_my_schedule_realistic/,https://www.reddit.com/r/uichicago/comments/1qlfuw6/is_my_schedule_realistic/,,Question
1qlecr9,01-24-2026 05:23:14,Ok_Government6349,What time is the rec the least busy from 9-5?,"Also, can I borrow a locker everytime i go or do i have to buy one at the start of the semester? Im not tryna look like a goofy going there for the first time",,Submission,6,0.81,https://www.reddit.com/r/uichicago/comments/1qlecr9/what_time_is_the_rec_the_least_busy_from_95/,https://www.reddit.com/r/uichicago/comments/1qlecr9/what_time_is_the_rec_the_least_busy_from_95/,,Question
1qldfnz,01-24-2026 04:37:40,No-Programmer-8417,Immediate Sublet Available,"Apartment Re-Let – Near UIC (Females Only) in west loop 

Private furnished room in a 4B/2B student apartment with 3 female roommates. All utilities & insurance included. Secure building with key-card access.

🚆 Blue Line a few steps away

🚌 Bus routes: 7, 8, 12, 60, 126, 157

🛒 Indian grocery store ,Target ,Hmart , Sorrounded by many restaurants and cafes

🗓 Available from Feb 1 | Lease till July 2026

💰 Rent: $1,060/month ",,Submission,1,0.6,https://www.reddit.com/r/uichicago/comments/1qldfnz/immediate_sublet_available/,https://www.reddit.com/r/uichicago/comments/1qldfnz/immediate_sublet_available/,,Other
1qlbded,01-24-2026 02:59:00,Masselloo,Chicago Apartment – $990/month - Attached to the Blue Line - 20% OFF – limited-time deal,,,Submission,0,0.33,,https://www.reddit.com/r/uichicago/comments/1qlbded/chicago_apartment_990month_attached_to_the_blue/,,Offer
1ql95q7,01-24-2026 01:18:42,Odd_Imagination_5511,Monday is gonna have similar temps as today... im guessing class will still be in person,"It'll be similar on Monday, i think its safe to assume we may more than likely still have class based on what happened today.",,Submission,25,0.84,https://www.reddit.com/r/uichicago/comments/1ql95q7/monday_is_gonna_have_similar_temps_as_today_im/,https://www.reddit.com/r/uichicago/comments/1ql95q7/monday_is_gonna_have_similar_temps_as_today_im/,,Discussion
1ql4ojd,01-23-2026 22:12:47,Individual_Tea_1983,Financial aid help,"I’m an independent student, I do my own taxes, I live alone, and I’ve been estranged from both of my parents since I was 14. Since I’m an established student I can’t submit a letter through my high schools homeless liaison nor do I have any court documents(police statements, court orders, emancipation papers, etc)from when I left my parents. I’m not sure what to do because uic needs me to prove my status as “homeless or at risk” but since I don’t have any of the needed documentation I can’t get my financial aid. I also can’t provide anyone else’s information on my Fasfa since I’ve been independent since I was 16. Any tips 😞😞",,Submission,13,0.81,https://www.reddit.com/r/uichicago/comments/1ql4ojd/financial_aid_help/,https://www.reddit.com/r/uichicago/comments/1ql4ojd/financial_aid_help/,,Question
1ql4ltw,01-23-2026 22:09:48,superflyer991,"This can be pulled off, however…",My bike isn’t as light as those expensive road bikes so I can’t even lift this over my head.,,Submission,30,0.89,https://i.redd.it/shp1m1fba6fg1.jpeg,https://www.reddit.com/r/uichicago/comments/1ql4ltw/this_can_be_pulled_off_however/,,
1ql4hiw,01-23-2026 22:04:59,Sia_lover18,Any advice for these classes?,"Anyone got any advice for these classes? Any tricks or ways to best succeed? These first 2 weeks have been so overwhelming, especially with the Chem and physics labs (the pre labs and post labs). It feels like an endless amount of work just for me not to learn anything or succeed. Does it get better😭😭? ",,Submission,3,0.71,https://i.redd.it/jfgwle4h96fg1.jpeg,https://www.reddit.com/r/uichicago/comments/1ql4hiw/any_advice_for_these_classes/,,
1ql4a7e,01-23-2026 21:57:16,roundboobiesemobitch,should i drop cell bio?,"lowkey indecisive. my other classes are bio 120, spanish, orgo lab, and bio 286. i haven’t really been keeping up with the class and the professor is kinda hard to understand. should i thug it out (with any advice) or should i drop it? ",,Submission,0,0.5,https://www.reddit.com/r/uichicago/comments/1ql4a7e/should_i_drop_cell_bio/,https://www.reddit.com/r/uichicago/comments/1ql4a7e/should_i_drop_cell_bio/,,Question
1ql3d3a,01-23-2026 21:20:50,JaimelR712,Looking for rommates in UIC area,,,Submission,0,0.5,,https://www.reddit.com/r/uichicago/comments/1ql3d3a/looking_for_rommates_in_uic_area/,,
1ql3cje,01-23-2026 21:20:16,JaimelR712,Looking for rommates in UIC area,"One of my roommates is moving out at the end of January, so we’re ideally looking for someone to move in by **February 5th** at the earliest. We’re willing to wait until the **beginning of March** if needed.

**Apartment details:**

* 3 bed / 1 bath
* Sizable backyard
* Total rent: **$1,950**, split between 3 people
* Your share would be **$550** (smaller bedroom)
* Utilities (gas, electric, internet) are split separately

This would be a **sublease until June**, when we renew the lease.

**Location:**

* Right under the **18th Pink Line stop**
* About a **25-minute commute to UIC** via the 60 bus

**About us:**

* I’m 24, a senior at UIC studying Political Science, hoping to get involved in legal work soon
* My roommate is 22, currently on a gap year and returning to school in the fall to study music

**What we’re looking for in a roommate:**

* Pets are allowed
* Since we’re both **queer POC**, we’d ideally like to live with someone who is also queer and POC
* Responsible, communicative, and open to a shared cleaning schedule

If you think you’d be a good fit, feel free to **DM me**!",,Submission,2,0.63,https://www.reddit.com/r/uichicago/comments/1ql3cje/looking_for_rommates_in_uic_area/,https://www.reddit.com/r/uichicago/comments/1ql3cje/looking_for_rommates_in_uic_area/,,
1ql1bxg,01-23-2026 20:03:31,Any-Wasabi-581,Question about Dropping classes today,Question Does anyone know what time is the dealine to add or drop classes today?,,Submission,4,0.75,https://www.reddit.com/r/uichicago/comments/1ql1bxg/question_about_dropping_classes_today/,https://www.reddit.com/r/uichicago/comments/1ql1bxg/question_about_dropping_classes_today/,,Question
1ql04gd,01-23-2026 19:18:45,Expensive_Search4999,ME 250 trade,does anyone want to trade ms stewart 1pm 2pm lecture/lab for my 3pm/4pm ms stewart? I just really need another class at 3/4,,Submission,0,0.5,https://www.reddit.com/r/uichicago/comments/1ql04gd/me_250_trade/,https://www.reddit.com/r/uichicago/comments/1ql04gd/me_250_trade/,,
1qkz9bj,01-23-2026 18:47:36,Any-Appointment-3397,acting/short film opportunities,"hi this is pretty random but i’m looking to get involved in acting, if anyone is making a short film or knows of any opportunities, pls lmk :)",,Submission,0,0.33,https://www.reddit.com/r/uichicago/comments/1qkz9bj/actingshort_film_opportunities/,https://www.reddit.com/r/uichicago/comments/1qkz9bj/actingshort_film_opportunities/,,Question
1qkwebn,01-23-2026 17:03:59,The_Forgotten_King,only real ones will wear shorts today,"time to get real

this has been an official subreddit announcement",,Submission,115,0.95,https://www.reddit.com/r/uichicago/comments/1qkwebn/only_real_ones_will_wear_shorts_today/,https://www.reddit.com/r/uichicago/comments/1qkwebn/only_real_ones_will_wear_shorts_today/,ECON 24 | MD 29,big if true
1qkuhee,01-23-2026 15:53:53,Shentori,Don’t care and I don’t regret it lol,\\-6° feeling like -22°…. Nah 😂 ,,Submission,190,0.98,https://i.redd.it/qkfc7cp9f4fg1.jpeg,https://www.reddit.com/r/uichicago/comments/1qkuhee/dont_care_and_i_dont_regret_it_lol/,,
1qkti98,01-23-2026 15:16:51,chief_smexy,UIC is deeply irresponsible for this.,"I got to campus less than an hour ago, covered head to toe, and my forehead (the only uncovered part) starts BURNING after walking for about 30 seconds. UIC is so irresponsible for keeping classes in session today. Stay warm people.",,Submission,461,0.82,https://www.reddit.com/r/uichicago/comments/1qkti98/uic_is_deeply_irresponsible_for_this/,https://www.reddit.com/r/uichicago/comments/1qkti98/uic_is_deeply_irresponsible_for_this/,,
1qkq6hj,01-23-2026 13:00:54,According-Ice7513,Yea the University doesn’t really care 😀,This is the email I get when I emailed my TA about whether we have class tomorrow or not and safety concerns regarding it. I’ll get penalized if I don’t go out in the negatives and freeze. Wonderful. ,,Submission,138,0.93,https://i.redd.it/85xfm8lek3fg1.jpeg,https://www.reddit.com/r/uichicago/comments/1qkq6hj/yea_the_university_doesnt_really_care/,,
1qkl6f1,01-23-2026 08:13:54,Ninjixu,None of my classes have been cancelled,"If I die, I’m coming back to haunt whoever tf decided to make the decision to not cancel class /s",,Submission,50,0.92,https://www.reddit.com/r/uichicago/comments/1qkl6f1/none_of_my_classes_have_been_cancelled/,https://www.reddit.com/r/uichicago/comments/1qkl6f1/none_of_my_classes_have_been_cancelled/,,Meme
1qkfy7f,01-23-2026 03:35:07,According-Ice7513,Is anyone in the 8AM Physics Lab tomorrow and are you guys going?,"I’m lowkey pissed off that UIC isn’t cancelling classes. I’m probably dramatic but I genuinely couldn’t feel my face from the wind this evening. I’m commuting back and bc of the metra train delay I have to wake up 35 min early and wait outside for it in the negatives and I genuinely don’t want to go. I emailed the TA and I straight up got ignored. Thinking about skipping but idk.

Edit: Physics 131",,Submission,12,0.75,https://www.reddit.com/r/uichicago/comments/1qkfy7f/is_anyone_in_the_8am_physics_lab_tomorrow_and_are/,https://www.reddit.com/r/uichicago/comments/1qkfy7f/is_anyone_in_the_8am_physics_lab_tomorrow_and_are/,,Question
1qkfv1f,01-23-2026 03:30:57,IndustrySouthern3511,Selling Aula 1,"I’m selling Aula 1 for span 101&102

It’s almost new (i didn’t write anything on the book!)",,Submission,0,0.5,https://www.reddit.com/r/uichicago/comments/1qkfv1f/selling_aula_1/,https://www.reddit.com/r/uichicago/comments/1qkfv1f/selling_aula_1/,,
1qke6ma,01-23-2026 02:14:59,Boring_Patient8187,"Check your emails, professors are sending updates about zoom calls instead of going in person because of the weather tomorrow be safe yall.",,,Submission,57,0.98,https://www.reddit.com/r/uichicago/comments/1qke6ma/check_your_emails_professors_are_sending_updates/,https://www.reddit.com/r/uichicago/comments/1qke6ma/check_your_emails_professors_are_sending_updates/,,News
1qkcv7j,01-23-2026 01:15:46,The_Forgotten_King,Incredible timing.,,,Submission,18,0.91,https://i.redd.it/3y7bbmqk20fg1.png,https://www.reddit.com/r/uichicago/comments/1qkcv7j/incredible_timing/,ECON 24 | MD 29,Discussion
1qkcl0m,01-23-2026 01:03:14,Active-Weekend7136,just got edged to death,thought we were getting tomorrow off but the email’s about how to not get cooked tomorrow,,Submission,161,0.97,https://i.redd.it/kfl0ua6d00fg1.jpeg,https://www.reddit.com/r/uichicago/comments/1qkcl0m/just_got_edged_to_death/,,
1qkac5e,01-22-2026 23:27:58,nojamminji,UIC you will start coughing in 3 days,"the wind hit me so bad it hurt my scalp, imagine tomorrow 💔",,Submission,90,0.95,https://www.reddit.com/r/uichicago/comments/1qkac5e/uic_you_will_start_coughing_in_3_days/,https://www.reddit.com/r/uichicago/comments/1qkac5e/uic_you_will_start_coughing_in_3_days/,,
1qkab4q,01-22-2026 23:26:46,Common-Soft-4195,Neuroscience at the UIC,"Hello, people who were accepted into Neuroscience at UIC, what was your stat? and do you think it's a good fit for pre dentistry? ",,Submission,0,0.25,https://www.reddit.com/r/uichicago/comments/1qkab4q/neuroscience_at_the_uic/,https://www.reddit.com/r/uichicago/comments/1qkab4q/neuroscience_at_the_uic/,,
1qk8wuy,01-22-2026 22:28:28,buff_piccolo,Found AirPods at BSB (turned in),"If anyone is missing their AirPods (plain white charging case, no 3rd party case on them) they were left on the 2nd floor couches at BSB near the Disability Cultural Center. Turned them into the DCC around the corner from the couches since they are the only nearby office, they are holding onto them for ya. ",,Submission,3,0.71,https://www.reddit.com/r/uichicago/comments/1qk8wuy/found_airpods_at_bsb_turned_in/,https://www.reddit.com/r/uichicago/comments/1qk8wuy/found_airpods_at_bsb_turned_in/,,
1qk7b51,01-22-2026 21:25:55,theLastravenclaw_05,What is the cta schedule tomorrow?,"I know metra has reduced service because of the weather tomorrow, but is cta operating normally?",,Submission,0,0.5,https://www.reddit.com/r/uichicago/comments/1qk7b51/what_is_the_cta_schedule_tomorrow/,https://www.reddit.com/r/uichicago/comments/1qk7b51/what_is_the_cta_schedule_tomorrow/,BME| 2026,Question
1qk4jtu,01-22-2026 19:42:57,MaximumInner8752,"Aside from UIC hating us, question for those who took CS251 previously..","I was wondering by any chance if anyone had their notes saved/lecture notes PDF saved that I could see? I want to get ahead and know what to expect! Thanks in advance!!

  
also I am not showing up to class tomorrow LMAOOOO",,Submission,9,0.77,https://www.reddit.com/r/uichicago/comments/1qk4jtu/aside_from_uic_hating_us_question_for_those_who/,https://www.reddit.com/r/uichicago/comments/1qk4jtu/aside_from_uic_hating_us_question_for_those_who/,,Question
1qk43sj,01-22-2026 19:26:47,ROY_OP,Who's gonna pay for my medical or winter wear?,"https://preview.redd.it/5siximlsbyeg1.png?width=766&format=png&auto=webp&s=70fcd59618d6dfb03d3b07f68673b3f8dbd0a857

I literally wanna kick the upper management or the one who is responsible for making this decision. I guess the bud is from Antarctica and thinks we all are from the same place.",,Submission,73,0.81,https://www.reddit.com/r/uichicago/comments/1qk43sj/whos_gonna_pay_for_my_medical_or_winter_wear/,https://www.reddit.com/r/uichicago/comments/1qk43sj/whos_gonna_pay_for_my_medical_or_winter_wear/,,Discussion
1qk3u7p,01-22-2026 19:17:11,superflyer991,This is what UIC thinks about tomorrow’s weather.,,,Submission,22,0.87,https://www.reddit.com/gallery/1qk3u7p,https://www.reddit.com/r/uichicago/comments/1qk3u7p/this_is_what_uic_thinks_about_tomorrows_weather/,,
1qk3taz,01-22-2026 19:16:15,Hopeful-Cricket5933,Can we stop being crybabies?,"Hey guys, I understand that tomorrow will be quite cold, but even as a commuter I would prefer to be in person, there’s a lot stuff I have to do, like go to office hours, and lecture etc. We already missed Monday and now missing Friday is not ideal, I know that for freshmen this might not be relevant but for us upperclassmen taking hard 400 level courses, missing a day mean several hours of reading the textbook to catch up. ",,Submission,0,0.19,https://www.reddit.com/r/uichicago/comments/1qk3taz/can_we_stop_being_crybabies/,https://www.reddit.com/r/uichicago/comments/1qk3taz/can_we_stop_being_crybabies/,,Discussion
1qk3plo,01-22-2026 19:12:34,-TheChemist-,I wanna kick this school in the balls sometimes.,,,Submission,363,0.97,https://i.redd.it/ndjg16zs9yeg1.jpeg,https://www.reddit.com/r/uichicago/comments/1qk3plo/i_wanna_kick_this_school_in_the_balls_sometimes/,,News
1qk3pa7,01-22-2026 19:12:17,Particular-Fall3355,Well… they hate us,,,Submission,109,0.97,https://i.redd.it/ru9fpu3r9yeg1.jpeg,https://www.reddit.com/r/uichicago/comments/1qk3pa7/well_they_hate_us/,,
1qk13gh,01-22-2026 17:39:19,Unhappy_Tea_395,Do we have class tomorrow?,"Cause even CPS cancelled classes…

Edit: all my classes were moved online",,Submission,0,0.37,https://www.reddit.com/r/uichicago/comments/1qk13gh/do_we_have_class_tomorrow/,https://www.reddit.com/r/uichicago/comments/1qk13gh/do_we_have_class_tomorrow/,,Question
1qjycek,01-22-2026 16:00:10,Slight-Apartment6352,Summer Internship 2026,"Hello! I will be doing a summer internship in Chicago from May through August and am looking for a short-term sublease during that period. I am also open to sharing a room.

I am a male graduate student, clean, organized, and respectful. I do not smoke or drink alcohol, and I do not have pets.

Please let me know if you have anything available. I am very interested. Thank you!",,Submission,0,0.25,https://www.reddit.com/r/uichicago/comments/1qjycek/summer_internship_2026/,https://www.reddit.com/r/uichicago/comments/1qjycek/summer_internship_2026/,,
1qjvsu5,01-22-2026 14:22:04,Dapper-Lynx6732,Cover Your Mouth When You Cough,No one wants your Ebola buddy,,Submission,21,0.77,https://www.reddit.com/r/uichicago/comments/1qjvsu5/cover_your_mouth_when_you_cough/,https://www.reddit.com/r/uichicago/comments/1qjvsu5/cover_your_mouth_when_you_cough/,,
1qjv2kq,01-22-2026 13:51:55,Thin-Stick-1181,So we cancelling or what…,,,Submission,83,0.91,https://i.redd.it/oj7lzhgloweg1.jpeg,https://www.reddit.com/r/uichicago/comments/1qjv2kq/so_we_cancelling_or_what/,,
1qjr3il,01-22-2026 10:29:34,Proper-Situation8508,Aula en Accíon 2 Klett World Languages,I know the semester already started but if anyone needs this spanish text book.. I’ve been meaning to sell it since I bought it. I haven’t written anything in it so all the pages are blank. ,,Submission,2,1.0,https://www.reddit.com/gallery/1qjr3il,https://www.reddit.com/r/uichicago/comments/1qjr3il/aula_en_accíon_2_klett_world_languages/,,
1qjmgv5,01-22-2026 05:52:31,None,Anyone traveling or want to visit Toronto this February?,,,Submission,0,0.4,https://www.reddit.com/r/uichicago/comments/1qjmgv5/anyone_traveling_or_want_to_visit_toronto_this/,https://www.reddit.com/r/uichicago/comments/1qjmgv5/anyone_traveling_or_want_to_visit_toronto_this/,,
1qjlr05,01-22-2026 05:15:13,Illustrious-Bat-5272,Computer science 107 at uic,"How is Computer Science 107 here? Should I drop it before the deadline?

It's with Reckinger Scott",,Submission,0,0.5,https://www.reddit.com/r/uichicago/comments/1qjlr05/computer_science_107_at_uic/,https://www.reddit.com/r/uichicago/comments/1qjlr05/computer_science_107_at_uic/,,
1qjkzep,01-22-2026 04:37:14,SergeantTeabag,"Heads Up for Metra Commuters: Reduced Schedule on Friday, 01/23/2026 due to Extreme Cold","Hello everyone, I know a lot of us use Metra to commute to the city for class, so I thought it would be good to spread the word that they will be operating reduced schedules for all Metra routes due to the cold this coming Friday as mentioned in the title. You can find the adjusted schedules [here](https://metra.com/schedules).",,Submission,50,0.93,https://www.reddit.com/r/uichicago/comments/1qjkzep/heads_up_for_metra_commuters_reduced_schedule_on/,https://www.reddit.com/r/uichicago/comments/1qjkzep/heads_up_for_metra_commuters_reduced_schedule_on/,BS Biochemistry | 2025,Other
1qjkhwz,01-22-2026 04:14:07,Abject-Constant-6416,is dorming worth it,"c/o 2026, deferred to spring, i live in the city but i need to get away from my parents

i know uic doesn’t offer “the traditional college experience” but i at least want to make friends and know if the dorms are livable

thanks",,Submission,0,0.5,https://www.reddit.com/r/uichicago/comments/1qjkhwz/is_dorming_worth_it/,https://www.reddit.com/r/uichicago/comments/1qjkhwz/is_dorming_worth_it/,,Question
1qjizdz,01-22-2026 03:03:50,roundboobiesemobitch,is there class on friday?,"just wondering bc friday is said to be dangerously cold. (and before you guys say “this is chicago” ik i’ve lived in chicago my entire life, im just wondering 🫩) ",,Submission,30,0.86,https://www.reddit.com/r/uichicago/comments/1qjizdz/is_there_class_on_friday/,https://www.reddit.com/r/uichicago/comments/1qjizdz/is_there_class_on_friday/,,Question
1qjg16n,01-22-2026 00:53:12,Prestigious_Life_668,"What is the highest SAI score that yall have gotten the UIC $10,000 housing grant for?","This year my SAI score is 8,000 and I was wondering what SAI scores can receive the $10,000 housing grant.",,Submission,4,0.75,https://www.reddit.com/r/uichicago/comments/1qjg16n/what_is_the_highest_sai_score_that_yall_have/,https://www.reddit.com/r/uichicago/comments/1qjg16n/what_is_the_highest_sai_score_that_yall_have/,,Question
1qjfgud,01-22-2026 00:28:58,davidat21,Colombian/ Latino clubs,"Hey, are there any Colombian clubs? Or any Colombians at all at UIC lol. I’m a transfer student and need friends",,Submission,0,0.5,https://www.reddit.com/r/uichicago/comments/1qjfgud/colombian_latino_clubs/,https://www.reddit.com/r/uichicago/comments/1qjfgud/colombian_latino_clubs/,,
1qjedtb,01-21-2026 23:43:55,Odd-Dragonfly5317,Best way to study for cme 260,Is the best way to study for cme 260 doing the hw problems? I saw he put in the syllabus that there are hw problems 2.1-2.13. I also saw review problems too.,,Submission,0,0.5,https://www.reddit.com/r/uichicago/comments/1qjedtb/best_way_to_study_for_cme_260/,https://www.reddit.com/r/uichicago/comments/1qjedtb/best_way_to_study_for_cme_260/,,
1qjdym7,01-21-2026 23:27:02,Rohit_Jammu,trying to socialize here is basically this all day everyday,,,Submission,98,0.98,https://i.redd.it/lo26mhiaeseg1.jpeg,https://www.reddit.com/r/uichicago/comments/1qjdym7/trying_to_socialize_here_is_basically_this_all/,,Meme
1qjdenk,01-21-2026 23:05:23,sqpooky,Should I apply as undecided or computer science transfer if I don't have the prerequisites?,"I plan to transfer to UIC this fall (as long as I am accepted and all goes well), but unfortunately I do not have the prerequisite classes for transferring as a computer science major. I was looking into it and it sounds like it is pretty easy to get in as undecided and then switch my major after a semester or two, so should I just apply as undecided science or as computer science and will they just do that automatically?  

Also any general transferring tips would be nice. I have an associates and am coming from like four hours away and am pretty decided and really hoping everything works out. ",,Submission,0,0.33,https://www.reddit.com/r/uichicago/comments/1qjdenk/should_i_apply_as_undecided_or_computer_science/,https://www.reddit.com/r/uichicago/comments/1qjdenk/should_i_apply_as_undecided_or_computer_science/,,Question
1qjd261,01-21-2026 22:51:36,NuclearCrab86,Uic football interest,why doesn’t uic have a football program or clubs? anybody interested in football or trying to form a club?,,Submission,11,0.83,https://www.reddit.com/r/uichicago/comments/1qjd261/uic_football_interest/,https://www.reddit.com/r/uichicago/comments/1qjd261/uic_football_interest/,,
1qjcwqu,01-21-2026 22:45:50,Medium-Classic-2487,Slides for genetics,"Hi everyone, I wanted to know does anybody know how to access the genetic slides on Canvas with Dr. Kukday",,Submission,0,0.33,https://www.reddit.com/r/uichicago/comments/1qjcwqu/slides_for_genetics/,https://www.reddit.com/r/uichicago/comments/1qjcwqu/slides_for_genetics/,,
1qjcq6t,01-21-2026 22:38:42,JujoBeatz,Anyone have Spanish 102 textbook?,I need a copy of the Spanish 102 materials. Textbook: Aula en acción 1 and Lola lago y asociados- vacaciones al sol ,,Submission,1,0.67,https://i.redd.it/wwcdo41o5seg1.jpeg,https://www.reddit.com/r/uichicago/comments/1qjcq6t/anyone_have_spanish_102_textbook/,,Question
1qjbpj6,01-21-2026 21:59:55,Ol_Sam,Why can’t we loft our beds?,"This baffles me. If you live on campus in a dorm, it is against the handbook to loft your bed. Even though lots of the beds have the pegs and ladders which are meant for lofting.

This was definitely allowed in the past for a very long time. I’m not sure when the ban happened, but maybe someone got hurt and they stopped allowing it. Now, if you get caught with a lofted bed, you’ll face disciplinary action. Seriously?

Either way, it is absolutely ridiculous. Some of our bedrooms are small enough. We can’t even save space by stacking the beds when they were made to do so? Every other university in the world has no problem with lofting beds in their dorms. ",,Submission,6,0.8,https://www.reddit.com/r/uichicago/comments/1qjbpj6/why_cant_we_loft_our_beds/,https://www.reddit.com/r/uichicago/comments/1qjbpj6/why_cant_we_loft_our_beds/,,Discussion
1qjakn0,01-21-2026 21:17:45,South_Writing_6,What counts as a biology elective course?,Title. The 12-14 credits on the UIC biology major website.,,Submission,0,0.5,https://www.reddit.com/r/uichicago/comments/1qjakn0/what_counts_as_a_biology_elective_course/,https://www.reddit.com/r/uichicago/comments/1qjakn0/what_counts_as_a_biology_elective_course/,,Question
1qjabwv,01-21-2026 21:08:44,Additional_Ball7955,Is the mydevices network down?,"So I’m trying to login to my Xbox to play, when I notice that I’m not even connected to the internet. My tv nor my Xbox is connected to anything. So I try to reconnect my networks with the my devices and it can’t connect. Is that network down?",,Submission,0,0.33,https://www.reddit.com/r/uichicago/comments/1qjabwv/is_the_mydevices_network_down/,https://www.reddit.com/r/uichicago/comments/1qjabwv/is_the_mydevices_network_down/,,Question
1qj9ezr,01-21-2026 20:34:52,Erikaa_rachelle,Hackathon or similar events experience,Have you ever participated in a hackathon or similar event with little to no experience? I’d love to hear any experiences especially if you had little to no coding experience while participating.,,Submission,5,0.73,https://www.reddit.com/r/uichicago/comments/1qj9ezr/hackathon_or_similar_events_experience/,https://www.reddit.com/r/uichicago/comments/1qj9ezr/hackathon_or_similar_events_experience/,,Question
1qj7w94,01-21-2026 19:38:58,Obvious_Ad_3608,"Anyone has this book? Ethical decisions in healthcare : patients, families , and professionals","I need this book for my class. but i cant find any free book site.

ISBN is 9798765713389 Ethical Decisions in Healthcare: Patients, Families and Professionals  
plz let me know anyone has this book",,Submission,0,0.33,https://www.reddit.com/r/uichicago/comments/1qj7w94/anyone_has_this_book_ethical_decisions_in/,https://www.reddit.com/r/uichicago/comments/1qj7w94/anyone_has_this_book_ethical_decisions_in/,,Question
1qj7fcq,01-21-2026 19:21:46,sonicdrive-in,There is no Arby’s in BSB,I just looked and it’s not there,,Submission,9,0.84,https://www.reddit.com/r/uichicago/comments/1qj7fcq/there_is_no_arbys_in_bsb/,https://www.reddit.com/r/uichicago/comments/1qj7fcq/there_is_no_arbys_in_bsb/,,
1qj60o9,01-21-2026 18:32:08,UnusualAssignment1,CHM 233 Advice,"I want to know if it’s alright for me to take both CHM 232 and 233 for this semester. I did take CHM 232 last semester and ended up with a D and need to retake it this semester, but my pre-med advisor and TA said it’s not a good idea to take them both this semester. But Prof. Y said it’s okay since I already am familiar with the content for CHM 232… Should I continue with both or drop CHM 233??",,Submission,0,0.33,https://www.reddit.com/r/uichicago/comments/1qj60o9/chm_233_advice/,https://www.reddit.com/r/uichicago/comments/1qj60o9/chm_233_advice/,,Question
1qj564p,01-21-2026 18:01:39,Puzzleheaded_Dig4910,CDRLC Student Breakout Rooms,"I get that we're in college and I should be able to confront people about being in the room that I reserved, but why are people going into the rooms without reserving them beforehand? I had a room booked today, and there was a person inside. I was an hour early the first time I checked, so I didn't bother and walked around campus. Then I came back during my time slot, and they were still in there. I don't mind when people are in there if it's open, but I'm not sure why they don't just unlock every room. I tried going into some of the free breakout rooms, and they were all locked. I decided to just do my meeting in the library. It wasn't the end of the world, just inconvenient.",,Submission,5,0.69,https://www.reddit.com/r/uichicago/comments/1qj564p/cdrlc_student_breakout_rooms/,https://www.reddit.com/r/uichicago/comments/1qj564p/cdrlc_student_breakout_rooms/,,
1qj4kj7,01-21-2026 17:40:32,Interesting-Rent-743,Are there any haunted places around UIC 👀,"I’m just curious lol. Doesn’t have to be officially haunted urban legends, weird vibes, personal experiences count. ",,Submission,20,0.86,https://www.reddit.com/r/uichicago/comments/1qj4kj7/are_there_any_haunted_places_around_uic/,https://www.reddit.com/r/uichicago/comments/1qj4kj7/are_there_any_haunted_places_around_uic/,,
1qj2wt2,01-21-2026 16:41:34,Radiant_Yogurt,Fall 2026 BSN transfer applicants,"Hi! Has anyone who applied to the BSN program as a transfer student (not already at UIC) gotten their determination yet? Or has there been any change in your application status on the app portal? Just curious, as I have been refreshing my app portal like 100 times a day since I applied lol 

I submitted my app on Jan 1st, everything was received by Jan 2nd with the exception of one transcript that was received on Jan 12th. Just need to commiserate with other anxious applicants lol ",,Submission,0,0.5,https://www.reddit.com/r/uichicago/comments/1qj2wt2/fall_2026_bsn_transfer_applicants/,https://www.reddit.com/r/uichicago/comments/1qj2wt2/fall_2026_bsn_transfer_applicants/,,
1qizquw,01-21-2026 14:45:09,deedeedani,Currently dropped a course…but how long does it take?,"So I currently, like literally right now dropped my course. Professor is the worst and thought I could handle it, news flash I could NOT! I registered for a new course and it’s already on my schedule. How long does it take to be added onto blackboard course? Or should I email the professor in order to be added in? Also will I be soon removed from my old course, don’t want to be receiving notifications. Anyways thanks! ",,Submission,1,0.6,https://www.reddit.com/r/uichicago/comments/1qizquw/currently_dropped_a_coursebut_how_long_does_it/,https://www.reddit.com/r/uichicago/comments/1qizquw/currently_dropped_a_coursebut_how_long_does_it/,,Question
1qinse9,01-21-2026 04:11:25,Nervous-Reference-55,Genetics BIOS 220 advice,"taking this class this sem with Kukday, anyone had her last sem? ik this is her 2nd sem teaching, anyone have any tips i am a lil anxious for this class ",,Submission,0,0.5,https://www.reddit.com/r/uichicago/comments/1qinse9/genetics_bios_220_advice/,https://www.reddit.com/r/uichicago/comments/1qinse9/genetics_bios_220_advice/,,
1qil2a3,01-21-2026 02:08:09,Affectionate_Car9285,"Etiquette, Advice, and if anyone wants to hang out?","How to make friends before clubs open up when people have music in. Literally everyone and it shuts down any route to even talk to people?? Like how to intrude without being improper? Like I swear I'm nice to hang out with and like alot of things but cant actually talk to people.

Also the first week has been \\*extreeemely\\* annoying so far, not the best and I haven't made friends yet, so if anyone wants to hangout / chat / watch shows / literally any hangout activity, let me know when. Even just a hug instead would help alot atp",,Submission,9,0.85,https://www.reddit.com/r/uichicago/comments/1qil2a3/etiquette_advice_and_if_anyone_wants_to_hang_out/,https://www.reddit.com/r/uichicago/comments/1qil2a3/etiquette_advice_and_if_anyone_wants_to_hang_out/,,Question
1qigz17,01-20-2026 23:16:17,EstablishmentBest913,Is UIC worth it?,"Putting majors aside, would you say UIC is worth it overall? 

I’d stay on campus rather than commute, but please let me know. Any opinions are appreciated ",,Submission,0,0.5,https://www.reddit.com/r/uichicago/comments/1qigz17/is_uic_worth_it/,https://www.reddit.com/r/uichicago/comments/1qigz17/is_uic_worth_it/,,Question
1qidscn,01-20-2026 21:15:35,Odd_Imagination_5511,Class on Friday,hey guys the temperature on Friday when we are at school will be in the negative digits. do they ever cancel class or have it be online for the day?,,Submission,33,0.87,https://www.reddit.com/r/uichicago/comments/1qidscn/class_on_friday/,https://www.reddit.com/r/uichicago/comments/1qidscn/class_on_friday/,,Question
1qidibq,01-20-2026 21:05:26,Appropriate_Map_1,Social gym club,"Now that spring is coming up we will be more active! We have 120 members so far. It’s not just a gym bro club, it’s for everyone. ",,Submission,5,0.86,https://i.redd.it/4gkq2f64kkeg1.jpeg,https://www.reddit.com/r/uichicago/comments/1qidibq/social_gym_club/,,Image
1qic4ra,01-20-2026 20:15:01,NU_DecisionMaking,Participate in a paid research study at Northwestern University (Chicago)!,"📍Chicago, IL USA  
⏱️ 6 hours over 2 days (2 hours via zoom, 4 hours in person)   
＄ $150 plus additional earnings 

Help us study nervousness!

If you are between 25 and 60 years-old and right-handed, you may be eligible to participate. You can earn up to $150 with a chance to earn additional money.

**If you are interested, please fill out this brief survey to see if you are eligible:**[https://redcap.nubic.northwestern.edu/redcap/surveys/?s=9NJARYHPF9NNKCHM](https://redcap.nubic.northwestern.edu/redcap/surveys/?s=9NJARYHPF9NNKCHM)

For this non-medication research study, you will participate at Northwestern’s medical school campus in downtown Chicago. You will complete an interview, a variety of questionnaires, and tasks while having your brain activity recorded using EEG. You will also complete a brief program on the computer teaching you about ways to improve your mental health. Some of the procedures will be completed online, and some will be completed in person.

This study will take approximately 6 hours to complete. You will also be compensated for parking or CTA travel for attending in person. Additionally, during the second day, you will have the chance to earn extra money during one of the tasks. In total, you may each receive up to $150 plus additional earnings for participating in this study.

Want more information? Call/text us at 312-585-6603. A team member will get back to you shortly.

Study: Decision-Making: Measuring the Brain and Behavior

PI: Dr. Brent Rappaport

IRB #: STU00222327

Northwestern University (Chicago)",,Submission,2,1.0,https://www.reddit.com/r/uichicago/comments/1qic4ra/participate_in_a_paid_research_study_at/,https://www.reddit.com/r/uichicago/comments/1qic4ra/participate_in_a_paid_research_study_at/,,
1qiah41,01-20-2026 19:15:05,78692110313,accounting majors - what are the hardest classes in the major?,i am currently taking actg211 and am set to graduate in may‘28. i’m trying to create a course planner and want to make sure i don’t overburden myself in any semester. any help would be appreciated,,Submission,3,0.8,https://www.reddit.com/r/uichicago/comments/1qiah41/accounting_majors_what_are_the_hardest_classes_in/,https://www.reddit.com/r/uichicago/comments/1qiah41/accounting_majors_what_are_the_hardest_classes_in/,,Question
1qiagww,01-20-2026 19:14:54,so-coco,TURN ON THE HEAT,Lecture hall D is fucking freezing!! How am I supposed to type and I cannot barely feel my fingers ,,Submission,25,0.9,https://www.reddit.com/r/uichicago/comments/1qiagww/turn_on_the_heat/,https://www.reddit.com/r/uichicago/comments/1qiagww/turn_on_the_heat/,,
1qi9zeo,01-20-2026 18:57:44,ilovemycats_12,should i drop this class,"yall is mus 100 isnt satisfying anything and its just down as an elective, am i wasting my time taking it ??? should i drop it LMK PLEASE",,Submission,0,0.5,https://www.reddit.com/r/uichicago/comments/1qi9zeo/should_i_drop_this_class/,https://www.reddit.com/r/uichicago/comments/1qi9zeo/should_i_drop_this_class/,,
1qi6lzi,01-20-2026 17:00:04,Medium-Classic-2487,Canvas genetics 222,Hi everyone Idk if this problem has been posted but does anyone know how to connect Macmillan to canvas. ,,Submission,0,0.5,https://www.reddit.com/r/uichicago/comments/1qi6lzi/canvas_genetics_222/,https://www.reddit.com/r/uichicago/comments/1qi6lzi/canvas_genetics_222/,,
1qi5zms,01-20-2026 16:37:45,MuffinSpecialist7900,anyone selling Aula 2?,Does anyone have the Spanish book for 103/104 for sale?,,Submission,0,0.33,https://www.reddit.com/r/uichicago/comments/1qi5zms/anyone_selling_aula_2/,https://www.reddit.com/r/uichicago/comments/1qi5zms/anyone_selling_aula_2/,,Question
1qhu46a,01-20-2026 06:58:25,DogMAnFam,New York Times Account,"I just activated my NYT account with the school, but for some reason I don’t have access to the games. My roommate does and when it gave me the option when I was starting up I selected the games. Is there a way to get them?",,Submission,3,0.71,https://www.reddit.com/r/uichicago/comments/1qhu46a/new_york_times_account/,https://www.reddit.com/r/uichicago/comments/1qhu46a/new_york_times_account/,,Question
1qhu43f,01-20-2026 06:58:17,DogMAnFam,New York Times Account,"I just activated my NYT account with the school, but for some reason I don’t have access to the games. My roommate does and when it gave me the option when I was starting up I selected the games. Is there a way to get them?",,Submission,0,0.5,https://www.reddit.com/r/uichicago/comments/1qhu43f/new_york_times_account/,https://www.reddit.com/r/uichicago/comments/1qhu43f/new_york_times_account/,,
1qhs8m0,01-20-2026 05:16:38,Ogz_Infinite,Cannot activate NetID,"I got into UIC but I just cant seem to set this NETID thing up, whenever i try to create a password it says “an internal error occurred, please try again or report if it persists. (IE)”

NEED HELP!!",,Submission,0,0.5,https://www.reddit.com/r/uichicago/comments/1qhs8m0/cannot_activate_netid/,https://www.reddit.com/r/uichicago/comments/1qhs8m0/cannot_activate_netid/,,Question
1qhrekc,01-20-2026 04:35:58,One-Key989,UIC OR CC?,"hello everyone i was just wondering should i come to uic for engineering or should i go to wilbur wright and do the 2 yr pathway to uiuc

( i already got accepted to UIC engineering)

looking forward to what u guys think",,Submission,1,0.6,https://www.reddit.com/r/uichicago/comments/1qhrekc/uic_or_cc/,https://www.reddit.com/r/uichicago/comments/1qhrekc/uic_or_cc/,,Question
1qhn8j1,01-20-2026 01:25:56,Realistic-Crow-9791,Would it be too much if I do this?,"This summer I’m planning on taking Physics 132, Chem 232 and Chem 233 while also working. I know this might be a lot while working but has anyone been able to manage doing something similar to this without burning themselves out? ",,Submission,1,0.6,https://www.reddit.com/r/uichicago/comments/1qhn8j1/would_it_be_too_much_if_i_do_this/,https://www.reddit.com/r/uichicago/comments/1qhn8j1/would_it_be_too_much_if_i_do_this/,,Question
1qhjlx6,01-19-2026 22:54:41,help_M3_99,Orgo II TA Discussion,I have a choice between Mario and Sonali. Are either of them egregiously bad?,,Submission,0,0.5,https://www.reddit.com/r/uichicago/comments/1qhjlx6/orgo_ii_ta_discussion/,https://www.reddit.com/r/uichicago/comments/1qhjlx6/orgo_ii_ta_discussion/,,Question
1qhefu8,01-19-2026 19:42:58,No_Definition3974,is ED 252 easy ? I just need an easy online credit to graduate this semester,If you have taken this class let me know if its easy or if there's a better one thanks,,Submission,0,0.5,https://www.reddit.com/r/uichicago/comments/1qhefu8/is_ed_252_easy_i_just_need_an_easy_online_credit/,https://www.reddit.com/r/uichicago/comments/1qhefu8/is_ed_252_easy_i_just_need_an_easy_online_credit/,,Question
1qhe97i,01-19-2026 19:36:23,Zealousideal-Bug-471,BIOS 450 help,"Hey everyone! I am taking BIOS 450 this semester because it conveniently fits my schedule best as a commuter.  I bought the textbook she said, because I thought it would be helpful, but I feel like the required readings so far do not match up to what she is lecturing about. To those who have taken this course, how did you study? Was reading the textbook necessary? How do I pass this class with an A? She doesn't really have a good rating on Rate My Professor :\\\\ Thanks for any help!! ",,Submission,1,0.67,https://www.reddit.com/r/uichicago/comments/1qhe97i/bios_450_help/,https://www.reddit.com/r/uichicago/comments/1qhe97i/bios_450_help/,,Question
1qhc2rw,01-19-2026 18:20:06,Upbeat-Memory1340,soc 100 vs soc 105,"has anyone taken these with David Springer (soc 100) or Andy/Andrew Clarno (105)? how were they?

do either require attendance, a lot of busy work, easy A, etc?

I'm on the premed track and am looking to take the mcat soon as well.",,Submission,3,0.71,https://www.reddit.com/r/uichicago/comments/1qhc2rw/soc_100_vs_soc_105/,https://www.reddit.com/r/uichicago/comments/1qhc2rw/soc_100_vs_soc_105/,,
1qgyy3j,01-19-2026 08:43:16,Illustrious-Bat-5272,Anyone in prostak victor 2 pm math 18 lecture and 8 am discussion wanna switch with my lecture?,,,Submission,0,0.5,https://www.reddit.com/r/uichicago/comments/1qgyy3j/anyone_in_prostak_victor_2_pm_math_18_lecture_and/,https://www.reddit.com/r/uichicago/comments/1qgyy3j/anyone_in_prostak_victor_2_pm_math_18_lecture_and/,,Question
1qgukl7,01-19-2026 04:39:57,Top_Writer6469,Female Personal Trainers,"Hi, if you know how to do most glute/leg excersizes and workout at the UIC rec during the morning M-F please hit me up. I need a workout buddy to help me perfect my form!     ",,Submission,0,0.5,https://www.reddit.com/r/uichicago/comments/1qgukl7/female_personal_trainers/,https://www.reddit.com/r/uichicago/comments/1qgukl7/female_personal_trainers/,,
1qgttlw,01-19-2026 04:02:54,Far_Outcome7190,Question for UIC Med Students:,"Just got accepted into UI med and need help making my campus assignment list.

Stuck between the Chicago and Rockford campus. 

I have lived in a suburb near chicago most of life so I have quiet familiar with the city and I have starting to learn that city life is not what I enjoy. I think it is hectic, fast and cold. 

I prefer a slower, quiet life that I know Rockford can give me but am I robbing myself of being taught by the best professors, having easy access to one of the best hospitals that is literally walking distance from Chicago's campus, having a lot more resources, and  being able to see all type of patients in chicago? 

  
but rockford is cheap! i can have a nice ass apt and be at ease vs a shoebox for the same rent in chicago.

  
any advice is helpful! thank you in advance.",,Submission,11,0.84,https://www.reddit.com/r/uichicago/comments/1qgttlw/question_for_uic_med_students/,https://www.reddit.com/r/uichicago/comments/1qgttlw/question_for_uic_med_students/,,Question
1qgnine,01-18-2026 23:16:59,Fuzzy-Professor9812,"Place suggestions, close by??","I checked out alot more places in UIC and they're really cool. That said, it's still hard mode to make a single friend and I don't wanna wait even more weeks, for a few reasons, plus I want connection today.

So what about places in Chicago itself? Good places to meet people. I would def want some within walking distance. Not as interested in sports, as I'm 22 and not from here. Not looking for places where the central thing is just food or a restaurant: I explicitly want to meet people. I am open to nightlife type stuff, as I want love too, but not looking for places that are just for hookups, ideally. Day or Night places both work. Also, I don't want some insane entry fee. I haven't been to anywhere around here either.

Edit: I also dont care as much about the drink costs, as I wouldn't be going to drink a ton.

Any suggestions????

edit: I want dance places. anywhere close thats good?",,Submission,2,0.6,https://www.reddit.com/r/uichicago/comments/1qgnine/place_suggestions_close_by/,https://www.reddit.com/r/uichicago/comments/1qgnine/place_suggestions_close_by/,,Question
1qgmeo9,01-18-2026 22:32:01,aoixvz,Lakeview room for re-let available Feb/March,,,Submission,1,1.0,,https://www.reddit.com/r/uichicago/comments/1qgmeo9/lakeview_room_for_relet_available_febmarch/,,Other
1qg0m1m,01-18-2026 05:59:36,Live-Horror5106,"Nursing transfer who got in previous years, when did you apply and when did you receive acceptance letter","also, anyone who's applied for fall 2026 have any of you guys who received a acceptance letter or denial if so what were your stats? I applied January 12 and submitted all my materials. I wondering when I can hear back ChatGPT said somewhere around March lol but I wanna know what other people have.",,Submission,6,0.76,https://www.reddit.com/r/uichicago/comments/1qg0m1m/nursing_transfer_who_got_in_previous_years_when/,https://www.reddit.com/r/uichicago/comments/1qg0m1m/nursing_transfer_who_got_in_previous_years_when/,,Question
1qfyi2o,01-18-2026 04:11:36,Fickle-Access-4792,Anyone wanna form a hockey team?,"I played varsity hockey in high school and haven’t played in years. I really miss it and the rink I work at allows me to form a team to join their league. If you’re interested please let me know, any skill level is welcome. Currently im the only one, and I play wing. 

If you can’t commit but want ice time, there’s drop in ice time that I’d love to have a person join me. I went by myself today and it was depressing as fuck lol.",,Submission,5,0.78,https://www.reddit.com/r/uichicago/comments/1qfyi2o/anyone_wanna_form_a_hockey_team/,https://www.reddit.com/r/uichicago/comments/1qfyi2o/anyone_wanna_form_a_hockey_team/,,Question
1qfxgcy,01-18-2026 03:20:44,Angel23g,IE 342 workload,How is the workload in IE 342? I'm thinking of switching from the course that I'm taking to this one. I'm also going to take it with Hyungil Kim. Has anyone taken the course with him?,,Submission,0,0.5,https://www.reddit.com/r/uichicago/comments/1qfxgcy/ie_342_workload/,https://www.reddit.com/r/uichicago/comments/1qfxgcy/ie_342_workload/,Mechanical Engineering ,
1qfx4g0,01-18-2026 03:04:52,IslandVivid5360,Ds major - what is a free elective,"Ds major with CS concentration. I need 11 hours of free electives, what is a free elective? Is that an CS or STATs class that isn't already required for my degree? I'm kind of confused. The DS information guide says ""a free elective is any class that isn't a remedial class or a prereq to the first required class in your degree"". So is that ANY class? I can take any IDS, STATS, or CS class that isn't a prereq to the first required class in DS? which is basically cs 111? ",,Submission,0,0.5,https://www.reddit.com/r/uichicago/comments/1qfx4g0/ds_major_what_is_a_free_elective/,https://www.reddit.com/r/uichicago/comments/1qfx4g0/ds_major_what_is_a_free_elective/,,
