id,date,author,subreddit,title,text,comment_on,type,score,upvote_ratio,url,permalink,media_urls,user_flair,submission_flair
1whzftg,2026-09-16 14:51:46,reiyasbeans,uichicago,Lost Pink Folder in Inner Circle at Student centre East,"Hey everyone, I lost a pink folder at the inner circle in student centre East yesterday around 12-1pm if anyone has seen it could you please send me a dm? It has a lot of important papers inside. Thank you!",,Submission,1,1.0,https://www.reddit.com/r/uichicago/comments/1whzftg/lost_pink_folder_in_inner_circle_at_student/,https://www.reddit.com/r/uichicago/comments/1whzftg/lost_pink_folder_in_inner_circle_at_student/,[],,
1whyzb6,2026-09-16 14:34:28,Fuzzy_Leadership1290,uichicago,GEO Raise Issues?,"Hey grad students, was your 6% GEO raise applied to today’s check? I’m coming up about 260$ short on a 67% FTE. 

Has the raise just not gone through yet? Will we retroactively get that money or will it carry over to October’s check? I know the agreement wasn’t ratified until August 17, so maybe that’s impacting something? 

Any clarification is much appreciated :) ",,Submission,5,1.0,https://www.reddit.com/r/uichicago/comments/1whyzb6/geo_raise_issues/,https://www.reddit.com/r/uichicago/comments/1whyzb6/geo_raise_issues/,[],,Question
1whymbp,2026-09-16 14:20:56,Inevitable-Issue7728,uichicago,built a thing that answers Illinois questions from the university's own pages,"[trumizzou.com/illinois](http://trumizzou.com/illinois)

Ask it anything about Illinois and it answers from the university's own published pages, with the source linked under every answer. Quiet hours in the halls, whether there's actually a cap on W's, how the payment plan works, what your major requires.

It also has the DAIR grade distributions for 2,968 courses broken out by instructor, with withdrawal rates. Not trying to replace waf's GPA charts, those are still the best way to see everything at once. This is for when you have one specific question and want the number plus the rule behind it.

Yes, the domain says Mizzou. I started this at another school and kept adding to it, Illinois is the newest. Free, no login, no ads, nothing for sale, student project.

If it gets something wrong, tell me. I'd rather know.",,Submission,1,0.6,https://www.reddit.com/r/uichicago/comments/1whymbp/built_a_thing_that_answers_illinois_questions/,https://www.reddit.com/r/uichicago/comments/1whymbp/built_a_thing_that_answers_illinois_questions/,[],,Other
1whsewr,2026-09-16 09:33:03,Its_mOnq,uichicago,Nazi Salute in Class- What Would You Do?,"Sorry this post is somewhat long! Formatting also sucks because I’m on mobile😅

I’m posting because I’m honestly not sure how I should handle something that happened in my ACC 211 class yesterday and would really appreciate some advice. We were doing practice problems in class. Our professor gave us a short amount of time to work through a question, and once the time was up, he went over the answer. He then asked us to raise our hands if we got around 80% of the calculations correct.

This is a large class held in the ARC, and it was toward the end of class, so a lot of people were already packing up. Only a few students raised their hands. I saw one student raise his hand, put it down, and then briefly perform what appeared to be a Nazi salute. It was extremely quick, but I clearly saw it and was honestly shocked and upset.

Our professor was making some final announcements and then dismissed us. I was pretty disturbed by what I had seen and debated whether I should confront the student. I ultimately decided to walk over and ask if I could speak with him outside the classroom.  
I told him, “I don’t know if I misunderstood what I saw, but after our professor asked that question, I saw you do a Nazi salute.” He admitted to doing it. I told him that kind of behavior was unacceptable and that he needed to leave that shit at home. I also told him that you never know who is watching or how that type of gesture could affect someone. At the time, I decided not to involve the professor or make a report. I told the student he was lucky I saw him and not a professor, and then I left. I left because I felt like I would’ve started cursing him out if I stayed any longer, and I was just really upset tbh. I also had a class right after.

Now I’m starting to regret not reporting it, or at least telling the professor about it.  
Another thing that makes this a dilemma is that I have absolutely no idea what this student’s name is. I don’t know him personally and had never spoken to him before this. I only know what he looks like and where he was sitting, so I don’t even know how I would identify him if I reported the incident.

I understand that I don’t know his intentions or what was going through his head. However, the gesture itself was extremely disturbing, and I don’t think something like that should just be ignored in a university classroom. There will also be group assignments later in the semester, and I don’t feel comfortable potentially being assigned to work closely with someone who would make a gesture like that.  
So I’m trying to figure out what I should do next. Should I tell my professor what happened? Should I make a report through the university even though I don’t know the student’s name? Or should I leave it alone since I already confronted him directly?

**TL;DR:** A student in my ACC 211 class briefly performed a Nazi salute after raising his hand during a practice problem. I confronted him after class and he confirmed he did it. I didn’t report it at the time, but I’m now regretting that decision. I don’t know his name, and I’m unsure whether/how I can report the incident. I’m also concerned about potentially having to work with him in future group assignments. What would you do?",,Submission,0,0.37,https://www.reddit.com/r/uichicago/comments/1whsewr/nazi_salute_in_class_what_would_you_do/,https://www.reddit.com/r/uichicago/comments/1whsewr/nazi_salute_in_class_what_would_you_do/,[],,Discussion
1whkyi4,2026-09-16 02:48:31,jmom39,uichicago,Is Halsted St Metra Station safe after dark?,Or is taking the 60 CTA bus to Union Station a safer bet?,,Submission,3,0.67,https://www.reddit.com/r/uichicago/comments/1whkyi4/is_halsted_st_metra_station_safe_after_dark/,https://www.reddit.com/r/uichicago/comments/1whkyi4/is_halsted_st_metra_station_safe_after_dark/,[],,Question
1whkcpf,2026-09-16 02:20:14,Useful_Deal_124,uichicago,Admission and Stats,"IF you applied early decision last year when did you receive your decision? I KNOW the application says BY December 15th. But I want to know the possibilities of sooner or THAT day. 

Also if you applied to Nursing what were your stats? Early and Regular .

Thank you",,Submission,3,1.0,https://www.reddit.com/r/uichicago/comments/1whkcpf/admission_and_stats/,https://www.reddit.com/r/uichicago/comments/1whkcpf/admission_and_stats/,[],,
1whi5n7,2026-09-16 00:41:43,Okami_23,uichicago,Looking for a gym partner,Im an exchange student and this is my first semester here. Searching for someone to go to the gym with. Mostly between 9:30 to 11:10,,Submission,6,1.0,https://www.reddit.com/r/uichicago/comments/1whi5n7/looking_for_a_gym_partner/,https://www.reddit.com/r/uichicago/comments/1whi5n7/looking_for_a_gym_partner/,[],,
1whh90s,2026-09-16 00:01:44,Wise_Guard_7971,uichicago,On campus jobs,Hey guys I’ve applied to quite a few on campus jobs and was wondering how long does it usually take for them to accept or deny my application. Also should I send follow up messages? ,,Submission,3,0.71,https://www.reddit.com/r/uichicago/comments/1whh90s/on_campus_jobs/,https://www.reddit.com/r/uichicago/comments/1whh90s/on_campus_jobs/,[],,
1wheneq,2026-09-15 22:14:09,Over_Moose_3808,uichicago,Junior civil engineering major taking 17 credits but I wanna drop a class,I’m behind in CME260 which is properties of materials (3 credits). Chemistry is my worst subject already and this class is kicking my butt. I don’t know if it’s worth it to stay in or request to drop. I’m taking 7 classes and I know this class is going to be my worst one by far. It’s also my first semester at uic bc I’m a transfer. Wondering if I should take it next semester instead or if it’s worth it to work hard and catch up ,,Submission,2,0.75,https://www.reddit.com/r/uichicago/comments/1wheneq/junior_civil_engineering_major_taking_17_credits/,https://www.reddit.com/r/uichicago/comments/1wheneq/junior_civil_engineering_major_taking_17_credits/,[],,
1whcrm4,2026-09-15 21:00:29,keyshrimpy107,uichicago,Learn a little hygiene fellow students,"Just a little reminder not to pick your nose and gums during class and then flick it to the person next to you. How old are you? And then you’re going to get mad at me for politely asking you to use a tissue and then act stupid like, “I’m not doing anything”.

Also don’t come to the fking front of the class after coming in late then hogging all of the legroom, I literally have to rest my legs on the stairs to avoid your boogers too.

EDIT: Just to be clear I told him straight to his face out loud before posting this, I just wanted to put this out there too",,Submission,59,0.94,https://www.reddit.com/r/uichicago/comments/1whcrm4/learn_a_little_hygiene_fellow_students/,https://www.reddit.com/r/uichicago/comments/1whcrm4/learn_a_little_hygiene_fellow_students/,[],,
1wh8bhh,2026-09-15 18:19:36,helenguava,uichicago,Spring 2027 transfer incoming hopefully,"I know this must be an often asked question, but I’m honestly sick to my stomach when I think about it. I’ve been pursing nursing prereqs for a year ish now at my community college in Pennsylvania, I’m planning to try and transfer (if they accept me, already applied n stuff) but I’m just worried I’ll be unc asf. I just turned 23 and I just wanted to know if lowkey anyone else had these fears and there’s reassurance, or am I like cooked lowkey…  
Thanks guys..",,Submission,2,0.75,https://www.reddit.com/r/uichicago/comments/1wh8bhh/spring_2027_transfer_incoming_hopefully/,https://www.reddit.com/r/uichicago/comments/1wh8bhh/spring_2027_transfer_incoming_hopefully/,[],,Discussion
1wh84w6,2026-09-15 18:13:11,Few_Interaction420,uichicago,Hiring] Looking for a Paid PCA (Personal Care Assistant) Spring 2027 / UIC Student Preferred," **Transferring Spring 2027 semester and looking to hire a Personal Care Assistant (PCA). This position is paid through the Illinois Department of Human Services (IL DHS) state program.**

**Ideally someone in Pre-Physical Therapy, Medicine, or a related healthcare/human services field, but I am open to anyone who is reliable and a good fit!**

**Must be willing to undergo an interview and a background check.**

**My needs fluctuate day-to-day. Some days I won't need much help, while other days require more hands-on assistance. Responsibilities include:**  
 **Personal Care: Assisting with showering and changing bed sheets (occasional needs due to catheter leakage).**  
 **Mobility & Walking: I have an occasional phobia of falling outside, so I would prefer someone willing to walk with me to class.**  
 **Transit & Errands: Must comfortable riding public transit (which I use often) and occasionally accompanying me to the grocery store.**  
** *****Note: This list isn't exhaustive; duties may vary depending on the day.***  
**If you're a UIC student (or will be) looking for flexible work that fits around a class schedule, shoot me a DM or comment below with a little bit about yourself and your background!**",,Submission,0,0.5,https://www.reddit.com/r/uichicago/comments/1wh84w6/hiring_looking_for_a_paid_pca_personal_care/,https://www.reddit.com/r/uichicago/comments/1wh84w6/hiring_looking_for_a_paid_pca_personal_care/,[],,Question
1wh7n4d,2026-09-15 17:56:06,avicado19,uichicago,More wifi complaining,I’ve lost an hour of study time bc i cant connect to wifi OR hotspot. I’ve seen a lot of posts complaining about wifi and they were annoying me but i understood. My issues havent been that bad until today. Pissed. ,,Submission,17,0.95,https://www.reddit.com/r/uichicago/comments/1wh7n4d/more_wifi_complaining/,https://www.reddit.com/r/uichicago/comments/1wh7n4d/more_wifi_complaining/,[],,Discussion
1wh3g85,2026-09-15 15:24:47,DareSuccessful9600,uichicago,It's your accountability buddy checking in. So who's taken steps this semester to start that student newspaper?,,,Submission,2,0.56,https://www.reddit.com/r/uichicago/comments/1wh3g85/its_your_accountability_buddy_checking_in_so_whos/,https://www.reddit.com/r/uichicago/comments/1wh3g85/its_your_accountability_buddy_checking_in_so_whos/,[],,Question
1wgyz2m,2026-09-15 12:26:48,bob_9474794,uichicago,WiFi doesn’t work,Hello people my wifi only works at the library and no where else on campus does anyone know how to fix this or where I can go? Ty,,Submission,5,0.86,https://www.reddit.com/r/uichicago/comments/1wgyz2m/wifi_doesnt_work/,https://www.reddit.com/r/uichicago/comments/1wgyz2m/wifi_doesnt_work/,[],,Question
1wgyhdd,2026-09-15 12:04:19,freshmemesoof,uichicago,"What the heck is going on at UIC this semester, I swear I've never gotten so many crazy emails 4 weeks into the semester",,,Submission,102,0.93,https://i.redd.it/pv5qtriecoph1.jpeg,https://www.reddit.com/r/uichicago/comments/1wgyhdd/what_the_heck_is_going_on_at_uic_this_semester_i/,"[""https://preview.redd.it/pv5qtriecoph1.jpeg?auto=webp&s=c09239279107a5c76e031cc9393b0bd451872abe"", ""https://i.redd.it/pv5qtriecoph1.jpeg""]",,Discussion
1wgxkel,2026-09-15 11:20:59,Throwaway1003578211,uichicago,Where to find student film casting calls?,"Hi! my dream has always been to be an actor & as I grow older it seems as though that ship keeps sailing away. I figure now would be the perfect time to dip my toes in the water. The weird thing is, I have no clue where to look. if anyone can help me i’d be really grateful. i’ll also do it for free atp 😩",,Submission,0,0.5,https://www.reddit.com/r/uichicago/comments/1wgxkel/where_to_find_student_film_casting_calls/,https://www.reddit.com/r/uichicago/comments/1wgxkel/where_to_find_student_film_casting_calls/,[],,Question
1wglfe2,2026-09-15 00:45:10,Outrageous_Ice8220,uichicago,Does anyone know what happened?,"On my way back after class I saw some police cars and this guy was in handcuffs. First time seeing something like this that’s why I’m curious if anyone knows anything? 

(It was by the Harrison lot for everyone asking and being rude about it)",,Submission,46,0.89,https://www.reddit.com/r/uichicago/comments/1wglfe2/does_anyone_know_what_happened/,https://www.reddit.com/r/uichicago/comments/1wglfe2/does_anyone_know_what_happened/,[],,Question
1wggz3m,2026-09-14 21:37:55,Vivid-Schedule-4344,uichicago,Federal Student loans,I took out my federal student loans in my FAFSA account about a 3 weeks ago & my balance still hasn’t changed. When does the loan money disburse and what should i do I did my counseling on student aid website and got a notification about the loan money as well. ,,Submission,0,0.5,https://www.reddit.com/r/uichicago/comments/1wggz3m/federal_student_loans/,https://www.reddit.com/r/uichicago/comments/1wggz3m/federal_student_loans/,[],,
1wggfj2,2026-09-14 21:17:30,Tha_future_md,uichicago,Trying to get out of my shell,"I’m usually pretty quiet when I’m on campus, but I figured I’d put myself out there and see if anyone would be interested in hanging out sometime, Im new to Chicago. im tall enough to be seen across campus but too shy to say hello lol.",,Submission,15,0.87,https://www.reddit.com/r/uichicago/comments/1wggfj2/trying_to_get_out_of_my_shell/,https://www.reddit.com/r/uichicago/comments/1wggfj2/trying_to_get_out_of_my_shell/,[],,
1wggci6,2026-09-14 21:14:22,nonchalantmexicann,uichicago,forgot to opt out of campus care,"i completely forgot to opt out of this and now i owe $750. that’s a lot of money to take out of my pocket. what can i do about this? is there someone i can talk? i already have insurance through the state.

UPDATE: i got it waived 🤝 ",,Submission,20,0.8,https://www.reddit.com/r/uichicago/comments/1wggci6/forgot_to_opt_out_of_campus_care/,https://www.reddit.com/r/uichicago/comments/1wggci6/forgot_to_opt_out_of_campus_care/,[],,
1wge6ue,2026-09-14 19:55:26,Heart-of-Francium,uichicago,hi guys i’m looking for a gym bud,im starting to go to the gym again but im inconsistent so I was wondering if anyone wants to be gym buddies. I prefer mornings/afternoons. Dm if interested,,Submission,6,0.88,https://www.reddit.com/r/uichicago/comments/1wge6ue/hi_guys_im_looking_for_a_gym_bud/,https://www.reddit.com/r/uichicago/comments/1wge6ue/hi_guys_im_looking_for_a_gym_bud/,[],,
1wgcvd3,2026-09-14 19:08:51,ComfortableClick4530,uichicago,CampusCare if im not attending on fall?,Hey everyone. Im not attending fall semester I just saw the CampusCare thing. Will i still be charged?,,Submission,0,0.25,https://www.reddit.com/r/uichicago/comments/1wgcvd3/campuscare_if_im_not_attending_on_fall/,https://www.reddit.com/r/uichicago/comments/1wgcvd3/campuscare_if_im_not_attending_on_fall/,[],,Question
1wgamr7,2026-09-14 17:51:28,Issaacc_newton,uichicago,Anyone taken ME205 with ghashami?,Was the first quiz difficult for you guys? And did it get easier or the difficulty remained the same? ,,Submission,2,0.75,https://www.reddit.com/r/uichicago/comments/1wgamr7/anyone_taken_me205_with_ghashami/,https://www.reddit.com/r/uichicago/comments/1wgamr7/anyone_taken_me205_with_ghashami/,[],Mechanical Engineering | 2029,Question
1wgaend,2026-09-14 17:43:47,Sure_Orchid2346,uichicago,Has anyone else still haven’t gotten their financial aid,"It’s been a month since they told me I had an unsatisfied required, which I had already submitted. They still haven’t reviewed it. My financial aid hasn’t come in just yet. Anyone else with this issue???",,Submission,3,0.72,https://www.reddit.com/r/uichicago/comments/1wgaend/has_anyone_else_still_havent_gotten_their/,https://www.reddit.com/r/uichicago/comments/1wgaend/has_anyone_else_still_havent_gotten_their/,[],,Discussion
1wg9zuf,2026-09-14 17:29:45,shadow_z_99,uichicago,Need a calculator,"I already have a calculator home but I forgot to pack it with me to school and I have a quiz today, is it possible to buy one from the bookstore and return it or is there any better way of getting one :(",,Submission,1,0.67,https://www.reddit.com/r/uichicago/comments/1wg9zuf/need_a_calculator/,https://www.reddit.com/r/uichicago/comments/1wg9zuf/need_a_calculator/,[],,
1wg8res,2026-09-14 16:46:32,Penguintheproto,uichicago,Put your phone numbers in your wallets! (and don’t lose them),"Just started my 4th week at UIC, and I’ve already found two lost wallets just sitting there (I was able to return one of them, but I didn’t have time before my next class for the other). but please put your phone number somewhere in your wallet, makes it much easier to reach you and return it  
Also just always check whenever you leave somewhere that you still have it",,Submission,10,0.92,https://www.reddit.com/r/uichicago/comments/1wg8res/put_your_phone_numbers_in_your_wallets_and_dont/,https://www.reddit.com/r/uichicago/comments/1wg8res/put_your_phone_numbers_in_your_wallets_and_dont/,[],,Discussion
1wg7pid,2026-09-14 16:09:14,Interesting-Look5019,uichicago,Can a guy buy a girls ticket at parties?,,,Submission,0,0.15,https://www.reddit.com/r/uichicago/comments/1wg7pid/can_a_guy_buy_a_girls_ticket_at_parties/,https://www.reddit.com/r/uichicago/comments/1wg7pid/can_a_guy_buy_a_girls_ticket_at_parties/,[],,Question
1wg7gj3,2026-09-14 16:00:26,xov02,uichicago,WHY IS UIC WIFI SO DOGSHIT OH MY GOD,ESPECIALLY IN THE LBIRARY WTF,,Submission,74,0.97,https://www.reddit.com/r/uichicago/comments/1wg7gj3/why_is_uic_wifi_so_dogshit_oh_my_god/,https://www.reddit.com/r/uichicago/comments/1wg7gj3/why_is_uic_wifi_so_dogshit_oh_my_god/,[],,
1wg6z5w,2026-09-14 15:42:46,AdventurousTax5825,uichicago,Charging people to clean their dorm for them..?,I really love to clean and honestly it brings me so much satisfaction. I don’t have a job and I’m kind of afraid of taking public transit at night. I did it last year for work and I didn’t have the best experience and would just prefer to work on campus. Do you think students living at UIC would be interested in a cleaning service by another Student? ,,Submission,28,0.94,https://www.reddit.com/r/uichicago/comments/1wg6z5w/charging_people_to_clean_their_dorm_for_them/,https://www.reddit.com/r/uichicago/comments/1wg6z5w/charging_people_to_clean_their_dorm_for_them/,[],,Question
1wg6pc0,2026-09-14 15:32:46,blvvdsh0t_,uichicago,UIC-Wifi not letting me log on??,"I come back to my dorm and for some reason my laptop has been kicked off UIC-Wifi. I didn’t think much of it but now it genuinely won’t let me log back in. I’ve tried my UIN, NetID (both just the actual netid and the full email), forgetting the network and logging in with all those again—and still no dice.

I haven’t tried resetting my password yet because this only seems to affect my laptop for some reason; my phone and iPad seem to be fine.

Is anyone else having this issue?? Any clue how to fix?? I’m on my last legs here idk what else to do. 🫩",,Submission,4,0.75,https://www.reddit.com/r/uichicago/comments/1wg6pc0/uicwifi_not_letting_me_log_on/,https://www.reddit.com/r/uichicago/comments/1wg6pc0/uicwifi_not_letting_me_log_on/,[],,Question
1wg4j7p,2026-09-14 14:10:50,Emotional_Ebb8754,uichicago,Affordable lunch on campus,"I have no idea where to get food for less than $10. I usually bring food, but today I didn’t. Where can we go close to or on campus? Ik abt the Harold’s chicken, but they don’t get tenders in till later in the day",,Submission,12,0.77,https://www.reddit.com/r/uichicago/comments/1wg4j7p/affordable_lunch_on_campus/,https://www.reddit.com/r/uichicago/comments/1wg4j7p/affordable_lunch_on_campus/,[],,
1wfypio,2026-09-14 09:34:23,emilia_1006,uichicago,"Blue and green light ? I see these from my hospital room. They will come and go, the blue light is make constant and the green one I have only seen twice. Any idea what it is for? I was thinking illumination from a safety post or something similar, but am curious. TIA",,,Submission,0,0.5,https://i.redd.it/rnloiz4vggph1.jpeg,https://www.reddit.com/r/uichicago/comments/1wfypio/blue_and_green_light_i_see_these_from_my_hospital/,"[""https://preview.redd.it/rnloiz4vggph1.jpeg?auto=webp&s=1c7cd83a950c5c9e4eaf5cf1c8c14c7b38ff7c71"", ""https://i.redd.it/rnloiz4vggph1.jpeg""]",,
1wfwwpi,2026-09-14 07:43:52,EntertainerMental947,uichicago,"So, how do yall friends here?",Seriously though whats the best way to make friends here? I feel everybody knows everybody already. I also missed alot of events like club fair and other student life/socializing events so I feel like I missed my chance. Wish I wasnt so awkward when people approach me because otherwise Im incredibly talkative.,,Submission,48,0.88,https://i.redd.it/wzqv0la5xfph1.jpeg,https://www.reddit.com/r/uichicago/comments/1wfwwpi/so_how_do_yall_friends_here/,"[""https://preview.redd.it/wzqv0la5xfph1.jpeg?auto=webp&s=eb9341324087b8b7b96661db7c7d38b3a9dcf3e4"", ""https://i.redd.it/wzqv0la5xfph1.jpeg""]",,Discussion
1wfus4q,2026-09-14 05:41:09,Wild_Challenge8323,uichicago,UIC in about 2-4 months,Take in the greenery and 70 degree weather. But I also wanna wear my fall and winter clothes so,,Submission,210,0.98,https://www.reddit.com/gallery/1wfus4q,https://www.reddit.com/r/uichicago/comments/1wfus4q/uic_in_about_24_months/,"[""https://preview.redd.it/7x4all69bfph1.jpg?width=4032&format=pjpg&auto=webp&s=fd819128c3edb6dd95364e40d0936196d31b5e86"", ""https://preview.redd.it/3bsmvq69bfph1.jpg?width=4284&format=pjpg&auto=webp&s=6fac6faa59e39f8c7bf2d87d592e9270181d1e0e""]",Psych Pre-Med | 2029,Image
1wfsy1d,2026-09-14 04:04:35,Lily_Frog,uichicago,Transportation help for a newbie,"Hi! I'm dorming and basically living in the city for the first time, but I have no idea how to use public transportation. I know how to use the Metra because it's my main means of travel when visiting family, but I'm so lost when it comes to the buses/cta.

I would really appreciate help understanding how to navigate the city. You can even explain it like I'm a kid, and honestly, that might be better ",,Submission,2,0.75,https://www.reddit.com/r/uichicago/comments/1wfsy1d/transportation_help_for_a_newbie/,https://www.reddit.com/r/uichicago/comments/1wfsy1d/transportation_help_for_a_newbie/,[],,Question
1wfm89b,2026-09-13 22:49:25,Appropriate_Knee_482,uichicago,Is there a rooftop near UIC where I can chill,I just wanna listen to music and go on a walk and stuff. Is there a nice rooftop place that’s kinda niche where I can chill without trespassing? ,,Submission,26,0.88,https://www.reddit.com/r/uichicago/comments/1wfm89b/is_there_a_rooftop_near_uic_where_i_can_chill/,https://www.reddit.com/r/uichicago/comments/1wfm89b/is_there_a_rooftop_near_uic_where_i_can_chill/,[],,Question
1wfjldm,2026-09-13 21:00:55,Legal-Present-8469,uichicago,Is the gym always insanely packed?,I just started lifting a month ago and remembered there was a gym here which I started going to and I’m just shocked with how packed it is. Damn I feel like I’m getting rushed during each workout but I can’t blame them. Either way I just added to the problem too cuz now there’s another person lifting and I ain’t stopping. 😂🙏 Also what times are best? ,,Submission,26,0.88,https://www.reddit.com/r/uichicago/comments/1wfjldm/is_the_gym_always_insanely_packed/,https://www.reddit.com/r/uichicago/comments/1wfjldm/is_the_gym_always_insanely_packed/,[],,Question
1wfj45f,2026-09-13 20:41:52,Legal-Present-8469,uichicago,Does anyone know different social groups on campus?,I have to do an ethnography for 5 informal groups where I ask a handful of questions and get some data on it. That’s not really the problem rn. The problem is I need to come up with a proposal on 5 groups that I will eventually do the ethnography on and I genuinely have no idea. If you’re apart of an informal group please let me know and also if you have any ideas on one would be nice. Plz hmu,,Submission,3,0.67,https://www.reddit.com/r/uichicago/comments/1wfj45f/does_anyone_know_different_social_groups_on_campus/,https://www.reddit.com/r/uichicago/comments/1wfj45f/does_anyone_know_different_social_groups_on_campus/,[],,Question
1wffzzx,2026-09-13 18:45:33,Lopsided_Friend_5101,uichicago,Therapy using campus care,"Hey y'all I got on campus care this semester and I was wondering what the process looks like for receiving therapy? I know the copay went up from 15$ to 30$ per session, which sucks because I was looking to try weekly appointments. How do people afford it deadahh my part time job aint covering shit 💀💀 Anyways anyone whose had therapy using campus care please let me know how to go about it and what it was like tysm ",,Submission,1,0.6,https://www.reddit.com/r/uichicago/comments/1wffzzx/therapy_using_campus_care/,https://www.reddit.com/r/uichicago/comments/1wffzzx/therapy_using_campus_care/,[],,Question
1wfe2rf,2026-09-13 17:34:46,ManufacturerOk8829,uichicago,Quiet Zones not quiet?,"The 3rd & 4th floor of the library are quiet zones right ? I spent a morning on the fourth floor and everything was perfect until a guy & a girl came in and from the moment they sat down, they never shut up . Like not even once . People were shushing & glaring yet they talked the entire time . 

No consideration at all for the people around them . 

What’s the point if there’s no employees on 3rd & fourth floor enforcing the quiet floors stay quiet . Because what do you mean you passed up all those coworking spaces to come to the quiet floors to YAP for hours ??? 😭 ",,Submission,50,0.96,https://www.reddit.com/r/uichicago/comments/1wfe2rf/quiet_zones_not_quiet/,https://www.reddit.com/r/uichicago/comments/1wfe2rf/quiet_zones_not_quiet/,[],,Question
1wezs8d,2026-09-13 06:18:05,Sudden-Toe-286,uichicago,Chem 122 exam prep,How should I start studying for my exam? Look over discussion sheets? Any tips would be greatly appreciated ,,Submission,3,0.7,https://www.reddit.com/r/uichicago/comments/1wezs8d/chem_122_exam_prep/,https://www.reddit.com/r/uichicago/comments/1wezs8d/chem_122_exam_prep/,[],,
1wewv7x,2026-09-13 03:41:44,Ambitious_Bat151,uichicago,Creep on Campus,"Hey guys, if a guy who claims he's a 'plug' comes up to you... DO NOT TRUST HIM. He actually doesn't even GO here, he's like a creep that mostly goes after girls too....

Stay safe AND HIS WEED IS ASS BTW

Edit: If you or someone you know have had an experience with him fill out a form! I would alert uic police and if he somehow is a 'student' then sexual misconduct for harassment. 
Romeille Rushing 

[UIC Sexual Misconduct](https://cm.maxient.com/reportingform.php?UnivofIllinoisChicago&layout_id=33)
[UIC Police ](https://uic.qualtrics.com/jfe/form/SV_bK3ZPusseKxkro9)",,Submission,328,0.96,https://i.redd.it/ue47ktc1l7ph1.jpeg,https://www.reddit.com/r/uichicago/comments/1wewv7x/creep_on_campus/,"[""https://preview.redd.it/ue47ktc1l7ph1.jpeg?auto=webp&s=bdd9ba1719b1640ab4c4c64ad615644c979eef0e"", ""https://i.redd.it/ue47ktc1l7ph1.jpeg""]",,Image
1wetbpo,2026-09-13 00:48:32,Ok_Development_9634,uichicago,Hey guys!! looking for a crash out spot!,"Hiiiii i just really need somewhere on campus where i can really crashout!!! somewhere preferably with at least one chair and a flat shatter-able object (big tv, window, mirror etc).   
Thank you!!! :)",,Submission,16,0.68,https://www.reddit.com/r/uichicago/comments/1wetbpo/hey_guys_looking_for_a_crash_out_spot/,https://www.reddit.com/r/uichicago/comments/1wetbpo/hey_guys_looking_for_a_crash_out_spot/,[],,
1weovzv,2026-09-12 21:31:11,No-Imagination763,uichicago,Does the library open on weekends?,I wanted to study a bit this weekend but I’m confused whether it’s open or not,,Submission,2,0.56,https://www.reddit.com/r/uichicago/comments/1weovzv/does_the_library_open_on_weekends/,https://www.reddit.com/r/uichicago/comments/1weovzv/does_the_library_open_on_weekends/,[],,Question
1weovxf,2026-09-12 21:31:06,No-Imagination763,uichicago,Does the library open on weekends?,I wanted to study a bit this weekend but I’m confused whether it’s open or not,,Submission,0,0.22,https://www.reddit.com/r/uichicago/comments/1weovxf/does_the_library_open_on_weekends/,https://www.reddit.com/r/uichicago/comments/1weovxf/does_the_library_open_on_weekends/,[],,Question
1weka33,2026-09-12 18:31:43,antiquetv,uichicago,should i dorm just for a semester,"i’m a freshman i kinda regret not dorming cuz im struggling w the commute lol and i have fomo, im thinking of forming next semester just to see how it is. that price is crazy tho im scared of getting myself into debt or anything, at the same time tho i feel like id regret it if i didnt do it. thinking of visiting that office that helps with finance and seeing what my scholarship/grants cover before making a definite choice but i wanna c wgat yall thonk too",,Submission,1,0.54,https://www.reddit.com/r/uichicago/comments/1weka33/should_i_dorm_just_for_a_semester/,https://www.reddit.com/r/uichicago/comments/1weka33/should_i_dorm_just_for_a_semester/,[],,
1wejvhy,2026-09-12 18:16:26,bigbruhusername,uichicago,Could someone tell me how the subsidized loans work,I accepted one for this semester and I’m not sure what to do next. Will it just show up on my bill or do I have to do something? I’m a bit confused,,Submission,0,0.5,https://www.reddit.com/r/uichicago/comments/1wejvhy/could_someone_tell_me_how_the_subsidized_loans/,https://www.reddit.com/r/uichicago/comments/1wejvhy/could_someone_tell_me_how_the_subsidized_loans/,[],,
1we8tet,2026-09-12 10:16:35,Outrageous_Ice8220,uichicago,Harrison Street garage,"Ok so apparently many windows have been smashed at the Harrison Street garage which is where I park. I don’t feel safe bringing my car there anymore. What is even wrong with people? They better get this taken care of:

(I know it’s happening at other lots as well but Harrison had FOURTY cars broken into)",,Submission,38,0.89,https://www.reddit.com/r/uichicago/comments/1we8tet/harrison_street_garage/,https://www.reddit.com/r/uichicago/comments/1we8tet/harrison_street_garage/,[],,
1wdwpdj,2026-09-11 23:48:03,Subject-Clue6809,uichicago,How the gym boutta be after 4th week of classes (hopefully now i dont gotta wait for equipment),"if this happens hopefully i can work out without waiting lmaooo, always a 2-3 weeks influx of alot of people then  slowly they decline every semester",,Submission,114,0.97,https://i.redd.it/8eejll3dazoh1.jpeg,https://www.reddit.com/r/uichicago/comments/1wdwpdj/how_the_gym_boutta_be_after_4th_week_of_classes/,"[""https://preview.redd.it/8eejll3dazoh1.jpeg?auto=webp&s=a0fbd955e1da318c4042a1c3df6b92edc46ae6d6"", ""https://i.redd.it/8eejll3dazoh1.jpeg""]",,Meme
1wdugdl,2026-09-11 22:11:34,WeeklyLayer3001,uichicago,Spare Indoors Soccer/Futsal Shoes?,"Hi,

I’m looking to find a pair of 6-6.5 US indoors soccer shoes. 

If there’s anyone on campus interested in giving away or selling them for cheap, please hit me up!",,Submission,0,0.33,https://www.reddit.com/r/uichicago/comments/1wdugdl/spare_indoors_soccerfutsal_shoes/,https://www.reddit.com/r/uichicago/comments/1wdugdl/spare_indoors_soccerfutsal_shoes/,[],,Question
1wdudm3,2026-09-11 22:08:31,Wild_Challenge8323,uichicago,PSCH 242. Who thought this was a good idea?,"Who genuinely thought it would be a great idea to teach coding to psychology students who have NO EXPERIENCE/ WANT to learn coding! It’s literally a whole new language that doesn’t click at all with my or my peers brains. If it did we probably would be majoring in computer science or something!

The lecture material is fine. It’s what I expect to learn in a class about research in psychology.

The discussions… I cannot put into words the dread, confusion, stress, and anger that class causes me. My TA goes over the coding so fast and is lowkey passive aggressive whenever we express that we don’t have a clue what she’s talking about or remember how to do a specific code to pull out data or something. It’s so much to remember especially for students again WHO HAVE NO TALENT OR PRIOR KNOWLEDGE OF CODING!!! Don’t also forget the fact Rstudio takes up so much battery and storage on your laptop👍

Every week after my two hours discussion I leave with my brain just absolutely fried. My roommate who is also a psych major too 242 last semester and she said there was ZERO CODING WHATSOEVER!

that is mainly where my confusion and anger lie because this class is clearly able to be done without coding. So just why??? Hopefully when everyone bombs the coding section of the exams the professors (or whoever decided this) will realize they made a HUGE MISTAKE.

Please feel free to vent in the comments

EDIT: I guess upon reflection I can accept that learning coding may be beneficial. I think most of my frustration comes from how fast we are expected to learn it. ",,Submission,20,0.79,https://www.reddit.com/r/uichicago/comments/1wdudm3/psch_242_who_thought_this_was_a_good_idea/,https://www.reddit.com/r/uichicago/comments/1wdudm3/psch_242_who_thought_this_was_a_good_idea/,[],Psych Pre-Med | 2029,Discussion
1wdrt8e,2026-09-11 20:29:30,Tw2k17TTV,uichicago,I registered a week late my finical aid still hasn’t been disbursed,When will my aid be disbursed because rn they are saying I owe 4K I don’t have 4K to spare and bills are coming up soon too ,,Submission,0,0.27,https://www.reddit.com/r/uichicago/comments/1wdrt8e/i_registered_a_week_late_my_finical_aid_still/,https://www.reddit.com/r/uichicago/comments/1wdrt8e/i_registered_a_week_late_my_finical_aid_still/,[],,Question
1wdro3b,2026-09-11 20:24:14,Ol_Sam,uichicago,New BSB pizza,"The pizza place at BSB has a new name from last year (BSB Pi instead of Pizza 8). They’re also hosting a “grand opening” implying that it counts as a new dining location. The old pizza place from last year was not very good, so I’m wondering if the new place is better.

Has anyone tried BSB Pi? Is it better than Pizza 8 was last year?",,Submission,13,0.84,https://www.reddit.com/r/uichicago/comments/1wdro3b/new_bsb_pizza/,https://www.reddit.com/r/uichicago/comments/1wdro3b/new_bsb_pizza/,[],,
1wdn1hu,2026-09-11 17:38:00,Lugiazel,uichicago,is SALT burgers open in little italy ?,I swear i saw some people eating in there already but can’t find anything online ,,Submission,5,0.78,https://www.reddit.com/r/uichicago/comments/1wdn1hu/is_salt_burgers_open_in_little_italy/,https://www.reddit.com/r/uichicago/comments/1wdn1hu/is_salt_burgers_open_in_little_italy/,[],,Question
1wdlkjw,2026-09-11 16:45:05,Working-CityFoodie,uichicago,~$1300 Looking for a Room to Sublease Now in Lincoln Park/Wicker Park/South Loop,,,Submission,0,0.25,,https://www.reddit.com/r/uichicago/comments/1wdlkjw/1300_looking_for_a_room_to_sublease_now_in/,[],,Question
1wdkrsf,2026-09-11 16:16:15,VvVoiDzZz,uichicago,UIC UIHealth Healthcare,Hello if I have my own insurance and I don't want to get the UIHealth I have to personally waive it so I don't have to pay the $760 ?,,Submission,0,0.29,https://www.reddit.com/r/uichicago/comments/1wdkrsf/uic_uihealth_healthcare/,https://www.reddit.com/r/uichicago/comments/1wdkrsf/uic_uihealth_healthcare/,[],,Question
1wdiu7b,2026-09-11 15:05:16,Suitable_Voice_98,uichicago,dunkin SCE sucks,"Do people ever go back and get their drinks remade?   
I don’t know how these ppl are so confident to give out sewage water in a cup. Can’t even make a regular caramel iced coffee??? Come on…",,Submission,35,0.85,https://www.reddit.com/r/uichicago/comments/1wdiu7b/dunkin_sce_sucks/,https://www.reddit.com/r/uichicago/comments/1wdiu7b/dunkin_sce_sucks/,[],,
1wdi4il,2026-09-11 14:38:21,nonchalantmexicann,uichicago,be careful parking on campus,multiple cars got hit on Lot A. pls be careful. this happened at 4am last night ,,Submission,67,0.96,https://i.redd.it/qjau2zuckwoh1.jpeg,https://www.reddit.com/r/uichicago/comments/1wdi4il/be_careful_parking_on_campus/,"[""https://preview.redd.it/qjau2zuckwoh1.jpeg?auto=webp&s=d35247d490c8d2c4f81be1e089ccb4d58f44c444"", ""https://i.redd.it/qjau2zuckwoh1.jpeg""]",,
1wdgv83,2026-09-11 13:49:52,RawRadio007,uichicago,Summer Walker at UIC Who’s Going?,"Anybody at UIC planning on going to see Summer Walker at Credit Union 1 Arena on October 16? 👀  She’ll be there with DaniLeigh and Zeddy Will, right here on the UIC campus.  Who’s going? 🔥",,Submission,0,0.25,https://www.reddit.com/r/uichicago/comments/1wdgv83/summer_walker_at_uic_whos_going/,https://www.reddit.com/r/uichicago/comments/1wdgv83/summer_walker_at_uic_whos_going/,[],,Question
1wdfidc,2026-09-11 12:54:56,Kitchen-Fail-7582,uichicago,CHE 201 attendance policy,"I’m trying to find out the attendance policy for CHE 201 discussion but the instructor (Bilgin) still hasn’t uploaded a syllabus. Does anyone know if the discussion session is mandatory attendance? I went last week and I feel like I remember him saying that discussion for the class is only if you want to come in and ask questions, but I’m doubting myself that I understood him correctly.",,Submission,0,0.5,https://www.reddit.com/r/uichicago/comments/1wdfidc/che_201_attendance_policy/,https://www.reddit.com/r/uichicago/comments/1wdfidc/che_201_attendance_policy/,[],,
1wdezqj,2026-09-11 12:33:01,SnooChickens5958,uichicago,Michael Jackson under the stars event,Yesterday there were some individuals taking photos of students during the movie event. Does anyone know if we have access to these? Someone took a picture of me and my friends and I’d love to see it if possible! ,,Submission,7,0.8,https://www.reddit.com/r/uichicago/comments/1wdezqj/michael_jackson_under_the_stars_event/,https://www.reddit.com/r/uichicago/comments/1wdezqj/michael_jackson_under_the_stars_event/,[],,
1wde3nz,2026-09-11 11:53:44,Nyx-Volokov-874,uichicago,Negative Balance Question,"Im so scared

I dont understand what a negative balance is. I waived campus care and I have like a -700 balance now.

Do I still have to pay it?",,Submission,0,0.5,https://www.reddit.com/r/uichicago/comments/1wde3nz/negative_balance_question/,https://www.reddit.com/r/uichicago/comments/1wde3nz/negative_balance_question/,[],,Question
1wd1wy6,2026-09-11 01:17:06,BrookeOwensFellows,uichicago,Aerospace fellowship opportunity for UI Chicago undergrads!,"UIC students interested in aerospace should consider applying for the [Brooke Owens Fellowship](https://www.brookeowensfellowship.org/), a nonprofit fellowship open to undergraduate women and gender minorities pursuing careers in aerospace. The entire program (including the application) is completely free, and applications are due October 4.

Selected Fellows receive:

* Executive mentorship from aerospace leaders (think CEOs and astronauts!)
* Career-development resources
* A supportive community of aerospace students and professionals
* A three-day all-expenses-paid summit in July in an aerospace hub city

Review the [FAQs](https://www.brookeowensfellowship.org/faq) and [application](https://www.brookeowensfellowship.org/apply) early so you have time to request recommendation letters and prepare your application.

We’re also holding virtual information sessions (EDT)

* Sunday, September 13 at 2:00 p.m.
* Saturday, September 19 at 12:00 p.m.
* Monday, September 28 at 10:00 p.m.

[Register for an information session here](https://docs.google.com/forms/d/e/1FAIpQLSfeVSk1WdrjH4l9NzjPFQ1tp_U7zW6LMKtE6LvfEbBSWxesVg/viewform?pli=1).

Questions are welcome, we hope to see applications from UI Chicago!",,Submission,5,1.0,https://www.reddit.com/r/uichicago/comments/1wd1wy6/aerospace_fellowship_opportunity_for_ui_chicago/,https://www.reddit.com/r/uichicago/comments/1wd1wy6/aerospace_fellowship_opportunity_for_ui_chicago/,"[""https://external-preview.redd.it/vplmiouJjSfFeIjEIvzLV6NFg0oeSbXcKKtGYZEdUq0.png?auto=webp&s=1d8036f691c7a6c48b87a6d18d530079e8bda304""]",,
1wd1e5f,2026-09-11 00:53:41,Candid_Mushroom6985,uichicago,Places to kill time?,Any recs on where I should go to chill/do homework during my free periods? Especially when it’s 3-5 hours between classes,,Submission,16,0.86,https://www.reddit.com/r/uichicago/comments/1wd1e5f/places_to_kill_time/,https://www.reddit.com/r/uichicago/comments/1wd1e5f/places_to_kill_time/,[],,Question
1wcyumy,2026-09-10 23:04:58,CartoonistKey6032,uichicago,Comprehensive list of prohibited behaviors in my suitemate agreement,"*I tried to cover all my bases. Let me know if I missed anything.*

*The following is the current list of prohibited behaviors in shared spaces in my Commons North sub-hallway:*

  
Domestic violence. 

IV drug abuse. 

Conspiracy to commit acts of domestic or international terrorism. 

Arranged dog or chicken fights. 

The raising, keeping, husbandry, or butchering of farm animals. 

Charcoal and/or propane grilling. 

Explicit mention or discussion of the state of Connecticut. 

The prominent displaying of photos of current Vice President J.D. Vance, fictional character Gandalf the Grey/Gandalf the White, Chicago ward 23 alderman Silvana Tabares, or the late Def Leppard guitarist Steve Clark.

Haunting in the unfortunate case of untimely death. 

Prophesying of any kind. 

The cultivation of any kind of mold. 

The operation of an industrial assembly line for the manufacturing of commercial automobiles. 

The payment of workers/employees using company script that can only be redeemed at a company store. 

Union busting. 

Stripping copper out of the wires in the walls. 

Child birth. 

The establishment of an official suite religion. 

The use of hot glue in order to manufacture ""life hack"" type gadgets. 

Door-to-door evangelizing. 

Door-to-door solar panel sales. 

Door-to-door caroling. 

Asceticism to the point of medical crisis.

Usury. 

Recitation of Jerry Seinfeld standup sets.

Removal of doors from their hinges.

Handling a fish in suspicious circumstances. 

Sowing a field with two different kinds of seed. 

Physical intimidation. 

Removal of native Grey Wolf populations. 

The hunting of the American Bison.

The purchase and release of insects belonging to the taxonomic orders Orthoptera and/or Hemiptera.

Open or concealed carry of legal and illegal firearms.

The collection of taxes without fair governmental representation.

Corporate lobbying.

The establishment of a McDonald's, Wendy's, Burger King, or White Castle franchise location.

Undue search or seizure.

Cruel and unusual punishment.

Cooperation with outside law enforcement.

Indecent exposure.

Counting beers.

The sale of alcohol without proper licensure.

The wearing of Stetson, Ten Gallon, Cattleman, Dakota, or Diamond type hats.

The use of any kind of gas weapons (i.e. mustard gas, chlorine gas.)

The wearing of more than one hat at once.

The running of a hair styling/barber shop business.",,Submission,59,0.95,https://www.reddit.com/r/uichicago/comments/1wcyumy/comprehensive_list_of_prohibited_behaviors_in_my/,https://www.reddit.com/r/uichicago/comments/1wcyumy/comprehensive_list_of_prohibited_behaviors_in_my/,[],,
1wcvh77,2026-09-10 20:51:48,Letmyplantsdie,uichicago,Help with my research on late-night transportation after drinking (8–10 min survey),"Hi everyone! I’m a graduate student at UIUC conducting research for my master’s thesis on how college students make transportation decisions after consuming alcohol, particularly during late-night hours.

I’m looking for current students **18 or older** at **UIUC, UIC, DePaul, and Loyola Chicago** to take a short anonymous survey. It takes about **8–10 minutes** and asks about things like walking, public transit, Uber/Lyft, biking/scooters, driving, and late-night university transportation services.

If you’re eligible, I’d really appreciate your participation!

**Survey:** [https://illinois.qualtrics.com/jfe/form/SV\\_25EUJtRGoeLvZuS](https://illinois.qualtrics.com/jfe/form/SV_25EUJtRGoeLvZuS)

https://preview.redd.it/f5ambphz9roh1.png?width=1080&format=png&auto=webp&s=766f5eea1394c14712d9b4356db8bf36b63ae40a

Feel free to share this with other students at any of the four universities. Thank you!",,Submission,1,0.67,https://illinois.qualtrics.com/jfe/form/SV_25EUJtRGoeLvZuS,https://www.reddit.com/r/uichicago/comments/1wcvh77/help_with_my_research_on_latenight_transportation/,"[""https://external-preview.redd.it/f5ambphz9roh1.png?auto=webp&s=1fefb4c934455ecd403a2374672df49950cd2750""]",,
1wcv128,2026-09-10 20:35:04,sk-m,uichicago,anyone know what happened on halsted near roosevelt?,,,Submission,21,0.89,https://www.reddit.com/r/uichicago/comments/1wcv128/anyone_know_what_happened_on_halsted_near/,https://www.reddit.com/r/uichicago/comments/1wcv128/anyone_know_what_happened_on_halsted_near/,[],,Question
1wcuhle,2026-09-10 20:15:13,DorShow,uichicago,Memorial on Congress Parkway,"At the S curve on congress pkwy between Racine and Morgan there is a memorial with a photo of a young woman and flowers. I didn't notice it last time I drove past a few days ago.  
Was she a UIC student or staff?

Edit to add: it is the one year anniversary of a fatal accident at that location  
https://abc7chicago.com/post/woman-killed-crash-university-village-1100-block-congress-parkway-saturday-police-say/17763846/",,Submission,7,0.89,https://www.reddit.com/r/uichicago/comments/1wcuhle/memorial_on_congress_parkway/,https://www.reddit.com/r/uichicago/comments/1wcuhle/memorial_on_congress_parkway/,"[""https://external-preview.redd.it/J6JR1kkOj4g0k4S_rnICzaeR-jzFvlXhII7Ma6-q8S0.png?auto=webp&s=598d11010647712d60349e1b21e7705ab06fac94""]",,
1wcqyyz,2026-09-10 18:10:35,AdventurousTax5825,uichicago,ANTH 102 Attendance,"Y’all please fucking come to class the professor is threatening to change exams from online to in person because attendance is dropping. Please just fucking come and don’t ruin it for everybody. :(((  
GO TO FUCKING CLASS BRUUU",,Submission,66,0.92,https://www.reddit.com/r/uichicago/comments/1wcqyyz/anth_102_attendance/,https://www.reddit.com/r/uichicago/comments/1wcqyyz/anth_102_attendance/,[],,
1wcos2u,2026-09-10 16:53:53,blobaglob,uichicago,Any trekkies on campus,I want some star trek friends,,Submission,2,0.71,https://www.reddit.com/r/uichicago/comments/1wcos2u/any_trekkies_on_campus/,https://www.reddit.com/r/uichicago/comments/1wcos2u/any_trekkies_on_campus/,[],,
1wcl5jd,2026-09-10 14:41:44,Otherwise-Sentence13,uichicago,Did y’all leave your manners at home?,"Y’all get to college and all your manners, if you had any, just go out the window. Bumping into me and just staring in my face. No “excuse me”? No “I’m sorry for bumping into you”? Like hello?? And it’s mainly freshmen.🫩😵‍💫",,Submission,174,0.94,https://www.reddit.com/r/uichicago/comments/1wcl5jd/did_yall_leave_your_manners_at_home/,https://www.reddit.com/r/uichicago/comments/1wcl5jd/did_yall_leave_your_manners_at_home/,[],,Question
1wc797m,2026-09-10 03:17:30,NoCandidate9719,uichicago,Uic clubs question,"Hey everyone, I'm a commuter and I'm running into a frustrating scheduling issue.  
Almost all of the clubs I want to join meet at 4:00 to 6:30 PM (starting times). The problem is that my classes wrap up way earlier—by 1:50 PM at the latest, and sometimes as early as 12:15 PM.  
Since I commute, going home and coming back doesn't make sense, but killing 2 to 4 hours on campus every day is exhausting.  
For other commuters, how do you handle this gap without burning out?  
Are there any hidden, comfortable spots on campus to kill time or nap?  
Does our campus have lockers available for commuters so I don't have to carry my bag all day?  
Appreciate any tips or secret campus spots you can share!",,Submission,16,0.91,https://www.reddit.com/r/uichicago/comments/1wc797m/uic_clubs_question/,https://www.reddit.com/r/uichicago/comments/1wc797m/uic_clubs_question/,[],,Question
1wc04ul,2026-09-09 22:13:03,Chi-Guy--,uichicago,Tennis club at UIC,"Has anyone here attended the tennis club? If so how was the turnout? How many people go?

I'm not a good player but I'm willing to learn.",,Submission,5,0.86,https://www.reddit.com/r/uichicago/comments/1wc04ul/tennis_club_at_uic/,https://www.reddit.com/r/uichicago/comments/1wc04ul/tennis_club_at_uic/,[],,
1wbznq5,2026-09-09 21:55:04,Mundane_Constant_530,uichicago,Why make things so complex?,"The CS dept here is so inconsiderate. No one literally addresses any questions properly. I visited today for my transfer credit which they denied (all of them 12-14).  I mailed several people, went in person but no one answered anything. The staff at CS dept in cdrlc building told that it's not her job to address such issue. I insisted to meet a fac there to discuss this out but she instructed me to book an appointment. (I am International student transferring from an international institution) Idk do all of you guys experience this at CS dept?",,Submission,23,0.88,https://www.reddit.com/r/uichicago/comments/1wbznq5/why_make_things_so_complex/,https://www.reddit.com/r/uichicago/comments/1wbznq5/why_make_things_so_complex/,[],,Discussion
1wbt2q1,2026-09-09 18:01:09,Meerkat1218,uichicago,Anyone living in commons south?,"Hi guys I’m a freshman at commons south, and I have no complaints so far except for that it’s not social at all. Anyone in cms wanna meet up?",,Submission,2,0.63,https://www.reddit.com/r/uichicago/comments/1wbt2q1/anyone_living_in_commons_south/,https://www.reddit.com/r/uichicago/comments/1wbt2q1/anyone_living_in_commons_south/,[],,Question
1wbqe2h,2026-09-09 16:25:56,Kindly-Original1651,uichicago,New Transfer Student at UIC,"I am a transfer student from Wisconsin to UIC this fall 2026 and I have had no luck finding a job. I am a Public Health Student, so the jobs I am comfortable with and looking for are caregiving jobs in nursing homes (no luck I love working with senior populations so much). The only ones available are in home and travel ones but I am a commuter. and HOSPITALS like Rush, or UI would absolutely love the opportunity to work in the hospital as a tech I have experience that didn't require a CNA or PCT/PCA so I think its a bit competitive but if anyone has any leads.

Also im hearing the job market in Chicago has been difficult is that true?",,Submission,3,0.83,https://www.reddit.com/r/uichicago/comments/1wbqe2h/new_transfer_student_at_uic/,https://www.reddit.com/r/uichicago/comments/1wbqe2h/new_transfer_student_at_uic/,[],,
1wbpqcm,2026-09-09 16:02:53,DifficultReporter398,uichicago,We have to do better about the bathrooms,Ladies our bathrooms shouldn’t be nasty I just tried to use the bathroom in Stevenson Hall it was not a pleasant experience🥲🥲,,Submission,53,0.92,https://www.reddit.com/r/uichicago/comments/1wbpqcm/we_have_to_do_better_about_the_bathrooms/,https://www.reddit.com/r/uichicago/comments/1wbpqcm/we_have_to_do_better_about_the_bathrooms/,[],,Discussion
1wbotvj,2026-09-09 15:30:11,theLastravenclaw_05,uichicago,BME 325 Schedule,"Hello, I missed the first two classes because I couldn't get my work to shift my schedule, when I went online to see the syllabus for exams schedules and such I couldn't find anything, the syllabus, atleast online doesnt have a schedule. So could someone tell me when the exams are? ",,Submission,1,0.67,https://www.reddit.com/r/uichicago/comments/1wbotvj/bme_325_schedule/,https://www.reddit.com/r/uichicago/comments/1wbotvj/bme_325_schedule/,[],BME| 2026,
1wbnahu,2026-09-09 14:33:16,Nicsamgy,uichicago,Free Composing Workshop at University of Illinois Chicago,"Quick heads-up for local musicians and music educators. Over half the spots are already taken for Dr. Stacy Garrop’s composing workshop at UIC on October 3. It’s completely free, but space is limited, so grab a seat before it fills up.

",,Submission,1,0.6,https://theatreandmusic.uic.edu/event/strategies-for-composing-workshop/,https://www.reddit.com/r/uichicago/comments/1wbnahu/free_composing_workshop_at_university_of_illinois/,[],,Other
1wbmj6w,2026-09-09 14:04:14,Junior_Purpose_1968,uichicago,got caught in the crossfire for parking next to a bad parker wtf bro 😭😭,"note was already written on their rear windshield when i parked. fuck i gotta do with it ?? 😭😭

edit to clarify: i was parked just fine between my lines !! first pic is my car this morning, second pic is the car parked to my right last night.

first spot i saw last night was next to this dude parked over the lines so i pulled in. on my way out i saw the note somebody else had written on their windshield and thought it was funny. i come back out my dorm the next morning to chicken and rice all over my windshield????",,Submission,156,0.98,https://www.reddit.com/gallery/1wbmj6w,https://www.reddit.com/r/uichicago/comments/1wbmj6w/got_caught_in_the_crossfire_for_parking_next_to_a/,"[""https://preview.redd.it/hfphjahf4ioh1.jpg?width=4284&format=pjpg&auto=webp&s=dc9ff39b761e094a787459dc4ee725cc2054c23f"", ""https://preview.redd.it/hb36iahf4ioh1.jpg?width=4284&format=pjpg&auto=webp&s=bccabc23a65fe7d31811c2d5f59c23c37b408717""]",,Image
1wbcmz5,2026-09-09 05:34:22,Nismo_Tuning,uichicago,I need a roommate change so bad,"I need to vent because I can't take this anymore. My roommate treats our room like his personal hotel room and has zero respect for shared space.

He is constantly bringing girls over to hook up—literally non-stop. Today he brought a girl over at 1 PM and they’ve been at it for hours while I'm just trapped in my friends dorm. On top of that, he stays up talking loudly late into the night and randomly invites groups of people over at 1 AM or 2 AM without any heads-up.

I'm barely sleeping, can't study, and dread coming back to my own room. Has anyone dealt with a roommate like this? Should I try bringing it up again or go straight to housing for a room swap?",,Submission,106,0.98,https://www.reddit.com/r/uichicago/comments/1wbcmz5/i_need_a_roommate_change_so_bad/,https://www.reddit.com/r/uichicago/comments/1wbcmz5/i_need_a_roommate_change_so_bad/,[],Basketweaving | 2030,Discussion
1wb8vfw,2026-09-09 02:27:24,ishouldbgrateful,uichicago,UIUC To UIC transfer,"I know people probably usually do the opposite but uic students pls give me your honest opinion on me transferring from UIUC to UIC. I’m currently in exploratory studies at UIUC, but I’m fairly certain I want to pursue some engineering as my major. It will be pretty much impossible for me to get my dream major which is ece at uiuc though I could still try, and im fairly certain I would have a much better chance at applying and transferring to uic if I’m accepted. I’m a sophomore now and I genuinely haven’t enjoyed my experience at UIUC whatsoever, people hype this school up so much but I’ve had a pretty bad experience and I honestly don’t want to stay here for another few years. I want to do it but does anyone at UIC think it’s a bad idea.",,Submission,24,0.85,https://www.reddit.com/r/uichicago/comments/1wb8vfw/uiuc_to_uic_transfer/,https://www.reddit.com/r/uichicago/comments/1wb8vfw/uiuc_to_uic_transfer/,[],,Question
1wb6w5c,2026-09-09 00:58:56,shakfnn,uichicago,Dang Bro SSR,,,Submission,13,0.82,https://i.redd.it/031icudc8eoh1.jpeg,https://www.reddit.com/r/uichicago/comments/1wb6w5c/dang_bro_ssr/,"[""https://preview.redd.it/031icudc8eoh1.jpeg?auto=webp&s=66f7dd258a1126c1074fad46c3a6e761d89199bb"", ""https://i.redd.it/031icudc8eoh1.jpeg""]",Nutrition | 2026,Video
1wb6gf0,2026-09-09 00:40:18,FanSimilar2787,uichicago,calisthenics club exist?,"Do we have a calisthenics club ? Ik there’s the calisthenics park at the outdoor field but idk if ppl meet there, im just getting into it and would love to find a community for it lmk if anyone would be down to meet",,Submission,3,0.67,https://www.reddit.com/r/uichicago/comments/1wb6gf0/calisthenics_club_exist/,https://www.reddit.com/r/uichicago/comments/1wb6gf0/calisthenics_club_exist/,[],,Question
1wb6g6w,2026-09-09 00:40:02,emsifys,uichicago,adding to the bus conversation,"1. when the person on the inside seat is trying to get up please STAND up and move to the side to them, dont just move ur knees and make it so the person has to get all in ur space and has to climb over you. if you are able bodied you are not soooo special that you can't show others basic respect and stand for them to get off the bus

2. as everyone said stand up for disabled/elderly people and also please be mindful that not every disability is visible. its kind of embarrassing to ASK for someones seat so if someone asks you to stand its probably because they really need it!

3. if the bus starts getting full and you are sitting on the outside seat, please move to the inside so that other people can sit down. if you dont want to sit next to a stranger than simply dont take public transportation

i have been noticing SO much entitled behavior on the buses lately like guys you are not above standing to let someone off the bus or scooting in so that someone can have a seat.",,Submission,75,0.96,https://www.reddit.com/r/uichicago/comments/1wb6g6w/adding_to_the_bus_conversation/,https://www.reddit.com/r/uichicago/comments/1wb6g6w/adding_to_the_bus_conversation/,[],,
1wb5d3n,2026-09-08 23:53:46,coffeesandcigarettes,uichicago,Why do y’all hate moving to the back of a crowded bus?,"Is it because you’re scared to say “excuse me” to another person when leaving the bus in a couple stops? Has headphone usage damaged your ears? like I’m trying to come up with a valid reason why an able bodied young adult wouldn’t move to the back… it’s almost always clear to stand, even when they’re packed like sardines in the front. I notice this most on the 8 bus, but it probably happens on other crowded bus lines by UIC.

It’s the same every semester. There’s so many people trying to get on, the bus driver is screaming at all of us to move to the back, and y’all just stand there like you were born yesterday.

CTA says they’re introducing more frequent service to the 8 bus in December so hopefully this wouldn’t matter then!",,Submission,125,0.97,https://www.reddit.com/r/uichicago/comments/1wb5d3n/why_do_yall_hate_moving_to_the_back_of_a_crowded/,https://www.reddit.com/r/uichicago/comments/1wb5d3n/why_do_yall_hate_moving_to_the_back_of_a_crowded/,[],urban studies & public policy | fall 2026,Question
1wb1lso,2026-09-08 21:22:35,MediumNo826,uichicago,5’1 - 5’3 undergrad gown for sale,"Selling for $45. (It’s $90 new)

Just dm me or comment below. I can mail it for $50 or go on campus to give it to you for $45.

For anyone 5’1 to 5’3

It does include the red stole with UIC logo on the end of it.

No cap included. I have no idea where it is",,Submission,11,0.83,https://www.reddit.com/gallery/1wb1lso,https://www.reddit.com/r/uichicago/comments/1wb1lso/51_53_undergrad_gown_for_sale/,"[""https://preview.redd.it/2sfld0tq5doh1.jpg?width=3024&format=pjpg&auto=webp&s=5b55ea7dd2ff87e61c5318ec5bcee7235a4cdeff"", ""https://preview.redd.it/zjwgw0tq5doh1.jpg?width=3024&format=pjpg&auto=webp&s=11abb1a1dabefe48a1d84f89f775cedfceb00f9d""]",,Offer
1wb0202,2026-09-08 20:25:49,Cute_Reality_3759,uichicago,"UIC Internet must be better. It's unstable and unreliable. This isn't good when taking in person exams and quizzes on the computer, as well as just lectures.","When there are classes that have in person exams and quizzes using the computer, I do not trust UIC WiFi.

In two lectures today, I had to use my Hotspot because of the sputtering wifi. That is not a good sign when it is exam day and the internet isn't working.

Do better, UIC wifi.",,Submission,57,0.97,https://www.reddit.com/r/uichicago/comments/1wb0202/uic_internet_must_be_better_its_unstable_and/,https://www.reddit.com/r/uichicago/comments/1wb0202/uic_internet_must_be_better_its_unstable_and/,[],,Discussion
1waxg9g,2026-09-08 18:54:37,Ol_Sam,uichicago,Do not sit in priority seats!,"I just watched an old lady with a cane have to stand on the bus because every priority seat was taken. Multiple of the priority seats were taken by students. Not one of them gave up their seat. This is absolutely inexcusable. If you are not a disabled person or a senior, move to the back of the bus.",,Submission,197,0.96,https://www.reddit.com/r/uichicago/comments/1waxg9g/do_not_sit_in_priority_seats/,https://www.reddit.com/r/uichicago/comments/1waxg9g/do_not_sit_in_priority_seats/,[],,
1waf16q,2026-09-08 05:08:03,KreamyBeef,uichicago,Youtube Videos for CS407?,Anyone who has taken CS 407 what are some of the best resources/videos you’ve seen to be successful in the class?,,Submission,1,0.6,https://www.reddit.com/r/uichicago/comments/1waf16q/youtube_videos_for_cs407/,https://www.reddit.com/r/uichicago/comments/1waf16q/youtube_videos_for_cs407/,[],Mediocre CS Student,Discussion
1w9wov3,2026-09-07 16:20:31,Lost_Union6279,uichicago,What should I do if i'm not being added to my classes on canvas?,Pretty late before the add/drop deadline I switched english professors and chem 125 days but I still haven't been added to their pages on canvas. I haven't been in either of the classes yet too so I have no idea what I'm missing.,,Submission,2,0.63,https://www.reddit.com/r/uichicago/comments/1w9wov3/what_should_i_do_if_im_not_being_added_to_my/,https://www.reddit.com/r/uichicago/comments/1w9wov3/what_should_i_do_if_im_not_being_added_to_my/,[],,Question
1w9ldsd,2026-09-07 07:31:23,NoEstablishment9177,uichicago,Question for commuters: Where do you guys hang out or meet up during the weekend?,"I’m a first-year student, and I know UIC isn’t known as a traditional party school given how many people commute. But there has to be *some* kind of social scene, right?

I’m not talking about those paid 18+ club promoter events downtown, and I know you can hit up Northwestern, Loyola, or travel down to UIUC. But for people who actually stay around campus, where do people hang out, host house/apartment kickbacks, or go out on weekends? How do you actually tap into the social side of UIC? ",,Submission,23,0.88,https://www.reddit.com/r/uichicago/comments/1w9ldsd/question_for_commuters_where_do_you_guys_hang_out/,https://www.reddit.com/r/uichicago/comments/1w9ldsd/question_for_commuters_where_do_you_guys_hang_out/,[],,Question
1w9km74,2026-09-07 06:49:26,Thin-Stick-1181,uichicago,Gppa rant from me,"I genuinely want to know if I’m the only one who feels this way about the GPPA programs for medicine and dentistry at UIC.  
These are **guaranteed admission programs with ridiculously small acceptance rates**, so you would think the selection process would be extremely competitive and based primarily on merit. But sometimes, looking at who gets accepted, I can’t help but question how these decisions are actually being made.  
With GPPA Med especially, I sometimes feel like they’re intentionally passing over some of the strongest candidates. And yes, I know being in Chem 101 doesn’t automatically mean someone is unqualified or incapable — everyone has a different academic path. But when you’re talking about a program as selective and prestigious as GPPA Med, seeing accepted students taking a class that many students take before even getting into gen chem genuinely makes me question what the selection committee is prioritizing. It’s hard not to wonder why certain applicants with incredibly strong academic profiles aren’t getting the same opportunity.  
And then there’s GPPA Dentistry, where, honestly, the perception of connections/nepotism can feel even stronger. I’m not saying I have proof that someone got accepted solely because their parent or relative works at UIC, but when you see students with what appear to be pretty mediocre stats getting into a program this competitive while other extremely qualified applicants are rejected, it’s hard not to wonder whether having family or connections within the dental school plays a role.  
And that’s what bothers me the most. These aren’t regular programs where getting in is just a nice accomplishment. **These are guaranteed pathways to medical/dental school with tiny acceptance rates.** There are students working their asses off, building insane resumes, maintaining amazing grades, doing research, volunteering, shadowing, etc., and still getting rejected. So when people who seem significantly less competitive get accepted, naturally people are going to question the process.  
And honestly, if you’ve interacted with some GPPA students, you may understand where I’m coming from with this too. Obviously not every GPPA student is like this, but some genuinely carry themselves like they’re God’s gift to UIC simply because they got into the program at 17 or 18. There’s a difference between being proud of an accomplishment and acting like being accepted somehow makes you inherently better or smarter than everyone around you.  
Maybe I’m completely wrong. Maybe there are factors in the admissions process that we don’t see, and maybe stats don’t tell the whole story. But I genuinely cannot be the only person who has looked at some of these admissions and thought, **“How did THAT person get in?”**  
Tell me I’m not the only one who feels this way 😭",,Submission,17,0.8,https://www.reddit.com/r/uichicago/comments/1w9km74/gppa_rant_from_me/,https://www.reddit.com/r/uichicago/comments/1w9km74/gppa_rant_from_me/,[],,
1w9h9iy,2026-09-07 03:54:11,HP4ever7,uichicago,Anyone selling Spanish textbook?,"Looking for the Aula en Accíon 1 textbook, if anyone knows?",,Submission,2,0.75,https://i.redd.it/ptqs508st0oh1.jpeg,https://www.reddit.com/r/uichicago/comments/1w9h9iy/anyone_selling_spanish_textbook/,"[""https://preview.redd.it/ptqs508st0oh1.jpeg?auto=webp&s=00aa15515cb2921bf0cfa105b2e1f6413adf134e"", ""https://i.redd.it/ptqs508st0oh1.jpeg""]",,Question
1w9g4b2,2026-09-07 02:57:40,InevitableCourt1402,uichicago,Can everyone stop coming to dunkin all at the same time,Thanks ,,Submission,0,0.36,https://www.reddit.com/r/uichicago/comments/1w9g4b2/can_everyone_stop_coming_to_dunkin_all_at_the/,https://www.reddit.com/r/uichicago/comments/1w9g4b2/can_everyone_stop_coming_to_dunkin_all_at_the/,[],,
1w9c5ee,2026-09-06 23:50:20,JakeD51,uichicago,Mechanical Engineering Transfer Questions,"I am currently at COD for the first two years before the plan to transfer to UIC for ME. I work full time, it's been relatively manageable so far. My main question is are there a decent amount of online classes? I know a couple classes I'm sure I would have to come in, but I would try and plan those hopefully on the same day or two, and do all of them at once, then my online courses after work/weekend. Anyone doing anything similar?",,Submission,2,0.75,https://www.reddit.com/r/uichicago/comments/1w9c5ee/mechanical_engineering_transfer_questions/,https://www.reddit.com/r/uichicago/comments/1w9c5ee/mechanical_engineering_transfer_questions/,[],,Question
1w9btdb,2026-09-06 23:35:07,Ok_Quit_9837,uichicago,Packback is incredibly stupid,"Anyone else find it ridiculous that we have to pay $40 for AI to grade our discussion posts, and judge us based on “curiosity”? ",,Submission,16,0.9,https://www.reddit.com/r/uichicago/comments/1w9btdb/packback_is_incredibly_stupid/,https://www.reddit.com/r/uichicago/comments/1w9btdb/packback_is_incredibly_stupid/,[],,
1w9akum,2026-09-06 22:41:01,Reasonable-Mixture33,uichicago,Why do I have to pay to do homework 🤬🤬🤬,I have to spend at least $70 each to buy some dumbass online textbook for my bio and chem classes that's the only way of accessing homework. I'm already paying more than 10k a year on tuition and in order to do some stupid homework i gotta spend another $150?!?!? Just greedy. Dumbass school,,Submission,149,0.93,https://www.reddit.com/r/uichicago/comments/1w9akum/why_do_i_have_to_pay_to_do_homework/,https://www.reddit.com/r/uichicago/comments/1w9akum/why_do_i_have_to_pay_to_do_homework/,[],,
1w963m3,2026-09-06 19:44:36,Live_Ad6941,uichicago,UIC Fall 2027 - Entry MSN,"Anyone apply/applying to UIC for 2027, what are your stats? ",,Submission,1,0.6,https://www.reddit.com/r/uichicago/comments/1w963m3/uic_fall_2027_entry_msn/,https://www.reddit.com/r/uichicago/comments/1w963m3/uic_fall_2027_entry_msn/,[],,
1w95jbw,2026-09-06 19:23:32,uisan_,uichicago,An imageboard for all of you,"I set up an anonymous imageboard (a vichan instance) specifically for open and free discussions for people from UIC. While I want there to be as much freedom to express yourself, there are some rules for the purpose of post quality and of course, adhering to the law and to academic policy

\\- Nothing illegal

\\- Keep discussions relevant

\\- No spamming/flooding

\\- No academic dishonesty

You can check the imageboard here: [uichan.space](http://uichan.space)

It is Serials Experiments Lain-themed because it's a really good anime, but you can change the theme at the bottom of any board's page",,Submission,0,0.43,https://www.reddit.com/r/uichicago/comments/1w95jbw/an_imageboard_for_all_of_you/,https://www.reddit.com/r/uichicago/comments/1w95jbw/an_imageboard_for_all_of_you/,[],,Other
1w92ach,2026-09-06 17:25:30,starrboyy28,uichicago,Can we still withdrawal from courses?,"It’s only 2 days after the final withdrawal, the online register for classes says I can still do a web drop. Will there be a penalty? Since it’s technically after the 4th?",,Submission,0,0.33,https://www.reddit.com/r/uichicago/comments/1w92ach/can_we_still_withdrawal_from_courses/,https://www.reddit.com/r/uichicago/comments/1w92ach/can_we_still_withdrawal_from_courses/,[],,Question
1w91xac,2026-09-06 17:12:20,Brilliant_Pepper_856,uichicago,Chicago nursing students— has anyone attended SXU?,,,Submission,0,0.5,,https://www.reddit.com/r/uichicago/comments/1w91xac/chicago_nursing_students_has_anyone_attended_sxu/,[],,
1w8ovpu,2026-09-06 07:00:24,Sure_Orchid2346,uichicago,Financial aid issue,My financial aid still hasn’t been processed and the document I submitted in August still hasn’t been reviewed. Should I be worried or not? Do you think I should go to the office and make a complaint about it?,,Submission,3,0.8,https://www.reddit.com/r/uichicago/comments/1w8ovpu/financial_aid_issue/,https://www.reddit.com/r/uichicago/comments/1w8ovpu/financial_aid_issue/,[],,Question
1w8m4t2,2026-09-06 04:29:40,Random_Ken,uichicago,PS5 Ethernet Help,"Has anybody tried to connect their PS5 to the Ethernet and if so how were you able to do the Res-Net authentication. It takes me to a white screen every time, and doesn’t establish connection.",,Submission,4,0.71,https://www.reddit.com/r/uichicago/comments/1w8m4t2/ps5_ethernet_help/,https://www.reddit.com/r/uichicago/comments/1w8m4t2/ps5_ethernet_help/,[],,Question
1w8kgo7,2026-09-06 03:06:13,Subject-Clue6809,uichicago,"Random question: If most food on campus costs at least $10, would you buy a homemade meal from another student for $8 if you had to preorder it?","just wondering, asking for a friend who's trying to make some change as a cutlery arts major, he said he's making calorie dense meals for bulking and for cutting",,Submission,52,0.94,https://i.redd.it/c89ykoi8gtnh1.gif,https://www.reddit.com/r/uichicago/comments/1w8kgo7/random_question_if_most_food_on_campus_costs_at/,"[""https://preview.redd.it/c89ykoi8gtnh1.gif?format=png8&s=9c3a83c8704cb2a7fe24136b33442e748a3cfe1a"", ""https://i.redd.it/c89ykoi8gtnh1.gif""]",,
1w8juw2,2026-09-06 02:36:27,Medium-Classic-2487,uichicago,D9 organizations on campus,"Hi guys, I wanted to know how does some of the D9 organizations work on campus because I went to the involvement fair and I went up to some of the tables what’s related to to D9 and I realize some of the members of 🩷💚🩷are extremely rude and dismissive, I tried to ask them some questions I realize when I was middle on my question they seem like they wasn’t interested and I just walked off and thanked them for answering my question I just want to know is all the orgs are like this because I went to the involvement fair last year and the president was rude to me I just brushed it off but it’s just so tiring that you have to constantly encounter these rude interactions with them. They don’t seem like they are interested in answering any questions when you see them on campus or at any events how do you want people to join your sorority if you’re dismissive and I really want to join the sorority because of the rich history and I really like what they stand for especially community wise. Anyone can comment or share their experience with the orgs on campus 

Edit: The first event is on Thursday September 10th at 7:08 be really early. Get there before the girls get there if you’re interested in going. ",,Submission,4,0.58,https://www.reddit.com/r/uichicago/comments/1w8juw2/d9_organizations_on_campus/,https://www.reddit.com/r/uichicago/comments/1w8juw2/d9_organizations_on_campus/,[],,Discussion
1w8i7e6,2026-09-06 01:15:13,MechanicDifficult783,uichicago,Where my package at,"I had a package delivered this morning at 8:45 and I’ve been waiting all day for the email to come pick it up (it has my meds in it). I asked EAO and they said they can’t give it to me bc they have to process it first. Ok so… it’s been almost 12 hours. Multiple shift changes. So where is my package and why can’t I have it? I don’t understand the package policy at all, the package has my name and room number, and I have my iCard, so I feel like there’s no reason why I can’t have the package. They did tell me I need to let them know if I have a package that I absolutely need, but that doesn’t do anything for me right now. If anyone has any insight on this, I’d love to know.",,Submission,0,0.29,https://www.reddit.com/r/uichicago/comments/1w8i7e6/where_my_package_at/,https://www.reddit.com/r/uichicago/comments/1w8i7e6/where_my_package_at/,[],,
1w8caef,2026-09-05 20:55:44,Stephancevallos905,uichicago,CupcakKe was too good to be true...Spark is being rescheduled,,,Submission,50,0.92,https://i.redd.it/oj4ru9w7mrnh1.jpeg,https://www.reddit.com/r/uichicago/comments/1w8caef/cupcakke_was_too_good_to_be_truespark_is_being/,"[""https://preview.redd.it/oj4ru9w7mrnh1.jpeg?auto=webp&s=89a24167bf710057b38605f62c752c87cea10ad4"", ""https://i.redd.it/oj4ru9w7mrnh1.jpeg""]",BioE | 2022,
1w8b4aj,2026-09-05 20:09:28,Select-Ad7453,uichicago,Schroeder or Stec for chem 101 pls hurry or i will die violently,"I plan on taking chem 101 in the spring and chemistry is a weakness of mine and the department is shit. i’ve been getting very mixed opinions on these two professors and my roommate also recommended Stec too but idk guys

give me your full insight. i need all of the anecdotes 😭😭",,Submission,0,0.33,https://www.reddit.com/r/uichicago/comments/1w8b4aj/schroeder_or_stec_for_chem_101_pls_hurry_or_i/,https://www.reddit.com/r/uichicago/comments/1w8b4aj/schroeder_or_stec_for_chem_101_pls_hurry_or_i/,[],Psychology | 2030,Question
1w87p2m,2026-09-05 17:59:43,Brief_Skill_1487,uichicago,Does UIC have any resources to learn ASL?,Interested in learning ASL but I’ve not noticed any clubs or classes regarding it on campus. If there are any I’d appreciate anybody pointing them out for me. ,,Submission,13,0.85,https://www.reddit.com/r/uichicago/comments/1w87p2m/does_uic_have_any_resources_to_learn_asl/,https://www.reddit.com/r/uichicago/comments/1w87p2m/does_uic_have_any_resources_to_learn_asl/,[],,Question
1w84s1l,2026-09-05 16:08:03,Huge-popcorn4694,uichicago,[For Rent] Monthly Parking Spot – Maxwell & Halsted / UIC South Campus ($125/mo),"Hi everyone!

I have a private, secure outdoor parking space available for monthly sublet right near Maxwell and Halsted St (1355 S Halsted).

* **Rent:** $125/month
* **Location:** 1355 S Halsted St (steps from UIC ARC, MRH, Douglas Hall, and South Campus retail)
* **Details:** Private, shaded, accessible 24/7

Ideal for commuting UIC students or faculty looking for reliable parking without paying campus garage prices.

DM me if you're interested or have any questions!",,Submission,0,0.17,https://www.reddit.com/r/uichicago/comments/1w84s1l/for_rent_monthly_parking_spot_maxwell_halsted_uic/,https://www.reddit.com/r/uichicago/comments/1w84s1l/for_rent_monthly_parking_spot_maxwell_halsted_uic/,[],,
1w83lk7,2026-09-05 15:22:23,kha-millaa,uichicago,Hold on my account -immunization,"I have put 3 different documents, one from the state, one from my recent doctor appointment and 1 from my previous healthcare provider. I’m up to date on all my vaccines and they do have dates. Is there someone on campus I can go to show them? Or something I can do? Because I gave all the information and still have a hold. 🫩",,Submission,3,0.86,https://i.redd.it/qizyrwtqypnh1.jpeg,https://www.reddit.com/r/uichicago/comments/1w83lk7/hold_on_my_account_immunization/,"[""https://preview.redd.it/qizyrwtqypnh1.jpeg?auto=webp&s=fd6353bb36e15d53025c893bb22ac87ea5278ab8"", ""https://i.redd.it/qizyrwtqypnh1.jpeg""]",,
1w7o62w,2026-09-05 02:25:20,LilFlushot,uichicago,Can you guys share your experience with haircuts at Paul Mitchell?,"Great deals supposedly with UIC ID so why not, i just wanna look sexy. ",,Submission,15,0.9,https://www.reddit.com/r/uichicago/comments/1w7o62w/can_you_guys_share_your_experience_with_haircuts/,https://www.reddit.com/r/uichicago/comments/1w7o62w/can_you_guys_share_your_experience_with_haircuts/,[],,Question
1w7nb24,2026-09-05 01:43:17,Standard_Difficulty3,uichicago,"FOMO as a spring admit, am I missing out?","Feeling FOMO as I’m missing out on all the beginning of the year fall term events, am I missing out on welcome week events, other event opportunities to make friends, good weather, etc? Honestly hate that I’m gonna attend as a commuter in the butt crack of Chicago winter ",,Submission,1,0.57,https://www.reddit.com/r/uichicago/comments/1w7nb24/fomo_as_a_spring_admit_am_i_missing_out/,https://www.reddit.com/r/uichicago/comments/1w7nb24/fomo_as_a_spring_admit_am_i_missing_out/,[],,Question
1w7m5sm,2026-09-05 00:49:20,BookSneakersMovie,uichicago,Is it faster to get packages delivered to the mail room or package lockers,I live in Courtyard ,,Submission,1,0.6,https://www.reddit.com/r/uichicago/comments/1w7m5sm/is_it_faster_to_get_packages_delivered_to_the/,https://www.reddit.com/r/uichicago/comments/1w7m5sm/is_it_faster_to_get_packages_delivered_to_the/,[],,
1w7i5d7,2026-09-04 21:55:09,Ol_Sam,uichicago,Useless advertisement posters,"These are all over the walls of the residence halls. What’s the point? Usually these ads will showcase some kind of student discount, or a special promotion for UIC students to use. But this is literally nothing but an advertisement. It has nothing to do with UIC. There is no benefit to us from having these around.",,Submission,89,0.94,https://i.redd.it/rsehirswrknh1.jpeg,https://www.reddit.com/r/uichicago/comments/1w7i5d7/useless_advertisement_posters/,"[""https://preview.redd.it/rsehirswrknh1.jpeg?auto=webp&s=add757219461c70ec7b37e11eab8c315cc6d5e90"", ""https://i.redd.it/rsehirswrknh1.jpeg""]",,
1w7hqif,2026-09-04 21:38:32,Subject-Clue6809,uichicago,9th day UIC experience,"\\>wake up 8:30

\\>early for 9:30am classs (yipee)

\\>class ends

\\>goes outside

\\>gets fried by the sun (why is it too bright at 10am???)

\\>goes to gym

\\>every machine is married to someone

\\>tries going to tredmill

\\>tredmills are engaged to 10 people

\\>tries working out with people during their set rests

\\>5 people already in line for machine..nice

\\>goes outside

\\>gets nuked by the sun

\\>goes to 2pm class (came early)

\\>gets nuked again by the sun.

\\>goes back home

\\>dies from the radiation

\\>repeat for next day",,Submission,229,0.98,https://i.redd.it/nzvrp199dinh1.jpeg,https://www.reddit.com/r/uichicago/comments/1w7hqif/9th_day_uic_experience/,"[""https://preview.redd.it/nzvrp199dinh1.jpeg?auto=webp&s=1936888f33cab6aa021c09d5911e60aa01bd05f7"", ""https://i.redd.it/nzvrp199dinh1.jpeg""]",,Meme
1w7bh1v,2026-09-04 17:48:54,Artifice_Ophion,uichicago,Weird question but does anyone know where you can get plastic utensils?,I have a bad habit of forgetting to bring them and was wondering if there is anywhere where you can just grab and go,,Submission,4,0.73,https://www.reddit.com/r/uichicago/comments/1w7bh1v/weird_question_but_does_anyone_know_where_you_can/,https://www.reddit.com/r/uichicago/comments/1w7bh1v/weird_question_but_does_anyone_know_where_you_can/,[],,Question
1w7bbs1,2026-09-04 17:43:28,Ok-Dare9997,uichicago,Medical school student portal still not working,"Hello, 

I am an MD applicant to your medical school. I received the secondary on August 22nd, but I have not been able to submit it because the student portal has been down. I called the office and email  IT, who also said its down. How long will it be down for? I haven't seen any information about other students not being able to submit their applications and I don't want to fall behind. 

  
Thank you",,Submission,7,0.8,https://www.reddit.com/r/uichicago/comments/1w7bbs1/medical_school_student_portal_still_not_working/,https://www.reddit.com/r/uichicago/comments/1w7bbs1/medical_school_student_portal_still_not_working/,[],,Question
1w7b1n0,2026-09-04 17:32:52,superflyer991,uichicago,"I’ve been here for so long, I needed another iCard.",,,Submission,262,0.99,https://i.redd.it/w65abk74hjnh1.jpeg,https://www.reddit.com/r/uichicago/comments/1w7b1n0/ive_been_here_for_so_long_i_needed_another_icard/,"[""https://preview.redd.it/w65abk74hjnh1.jpeg?auto=webp&s=763d6046f13254c218296012cefe221bc105e990"", ""https://i.redd.it/w65abk74hjnh1.jpeg""]",,Image
1w794te,2026-09-04 16:25:09,Exotic-Substance-439,uichicago,Can I File an Academic Advisor Complaint?,"Question: is there any way to file an anonymous complaint about advisors? 

De’Jah Phillips (my LAS advisor) is incredibly unhelpful and it seems like they don’t make an effort to help their students. Obviously I can’t speak for all of her advises, but generally, she has not helped me in any way since I transferred majors.

All of the emails she sends out make her seem diligent, helpful, and like she has high expectations; but the reality is that she expects us to be over-prepared while she sends generic links to department websites. Is there any way I can switch LAS advisors or are they all like this?",,Submission,45,0.9,https://www.reddit.com/r/uichicago/comments/1w794te/can_i_file_an_academic_advisor_complaint/,https://www.reddit.com/r/uichicago/comments/1w794te/can_i_file_an_academic_advisor_complaint/,[],,Question
1w78ed8,2026-09-04 15:59:19,Upstairs-Ask-7859,uichicago,Anyone selling their Aula en Accion 2? (Span 103/104)?,I figure it's worth a shot asking! Managed to secure a spot in 103 today and hoping I can get the book used like I did with 102. Gracias! :),,Submission,1,1.0,https://i.redd.it/ett07rz80jnh1.png,https://www.reddit.com/r/uichicago/comments/1w78ed8/anyone_selling_their_aula_en_accion_2_span_103104/,"[""https://preview.redd.it/ett07rz80jnh1.png?auto=webp&s=c8a63e51b73f5cacccc9bb47eb771a921468a223"", ""https://i.redd.it/ett07rz80jnh1.png""]",,
1w7779b,2026-09-04 15:14:54,romero___m,uichicago,Please learn to park,"I’m being so serious, it’s one thing to suck at parallel parking, but to suck at just simply pulling into a parking spot 🫩🫩🫩 I’m tired of people taking up 2 spots in the lots we’re all grown 😭🙏🏽",,Submission,29,0.9,https://www.reddit.com/r/uichicago/comments/1w7779b/please_learn_to_park/,https://www.reddit.com/r/uichicago/comments/1w7779b/please_learn_to_park/,[],,
1w773nt,2026-09-04 15:11:05,Zestyclose-Lime-3669,uichicago,Reviews on HN 307,"Hi everyone! 😊 I'm on the hunt for an easy online class to help me earn a full 16 credits. I came across HN307 and was curious about it. Would you say it's more on the easy side, or does it lean towards the challenging side? Thanks for any insights!",,Submission,0,0.33,https://www.reddit.com/r/uichicago/comments/1w773nt/reviews_on_hn_307/,https://www.reddit.com/r/uichicago/comments/1w773nt/reviews_on_hn_307/,[],,
1w76xtv,2026-09-04 15:04:54,antiquetv,uichicago,it’s the second week of school and i already lost my fukin upass,should i end it all,,Submission,15,0.81,https://www.reddit.com/r/uichicago/comments/1w76xtv/its_the_second_week_of_school_and_i_already_lost/,https://www.reddit.com/r/uichicago/comments/1w76xtv/its_the_second_week_of_school_and_i_already_lost/,[],,
1w76x2g,2026-09-04 15:04:09,kha-millaa,uichicago,Blackout Party tonight,Is anybody going to the blackout party advertised on Instagram? I kind of what to go but I don’t have any friends and I wouldn’t say I’m awkward but I’ve definitely never been to a party. I also don’t have full black clothing 😭😭 ,,Submission,0,0.27,https://www.reddit.com/r/uichicago/comments/1w76x2g/blackout_party_tonight/,https://www.reddit.com/r/uichicago/comments/1w76x2g/blackout_party_tonight/,[],,
1w6sxpw,2026-09-04 03:28:08,BrieflyFeeling,uichicago,TO ALL BLEACH USERS DOING LAUNDRY AT THE DORMS,"If you are using bleach to wash your clothes in the dorm laundry please be mindful of other people. The least yall could do is run another rinse cycle or switch to color safe bleach. I’ve had multiple clothes ruined because someone decided to use bleach, and it’s only been two weeks. ",,Submission,29,0.89,https://www.reddit.com/r/uichicago/comments/1w6sxpw/to_all_bleach_users_doing_laundry_at_the_dorms/,https://www.reddit.com/r/uichicago/comments/1w6sxpw/to_all_bleach_users_doing_laundry_at_the_dorms/,[],,Discussion
1w6rv0s,2026-09-04 02:35:45,Sudden-Toe-286,uichicago,Lab questions for chem 123,For the pre lab questions are we just supposed to search them up? It says in the instruction to read the experiment but it litterly has no info pertaining to the pre lab. Also do we need a graphing calculator for chem/ physics? Or will a scientific one suffice ,,Submission,0,0.4,https://www.reddit.com/r/uichicago/comments/1w6rv0s/lab_questions_for_chem_123/,https://www.reddit.com/r/uichicago/comments/1w6rv0s/lab_questions_for_chem_123/,[],,Question
1w6r17k,2026-09-04 01:56:29,pepperonipizzarocks,uichicago,Quick Question: When does Mario's close for the season?,"Haven't been to the Taylor st. area yet this semester, and I was wondering when do they close for the season to get some italian ice before they close for the season

Edit: I mean the exact date, I know it’s probably sometime this month",,Submission,1,0.57,https://www.reddit.com/r/uichicago/comments/1w6r17k/quick_question_when_does_marios_close_for_the/,https://www.reddit.com/r/uichicago/comments/1w6r17k/quick_question_when_does_marios_close_for_the/,[],,Question
1w6qylr,2026-09-04 01:53:08,BookSneakersMovie,uichicago,how long is it taking the mail room to process packages rn,"I heard there’s some delay rn, i had a package arrive on Monday, how long should i expect to wait before getting an email?",,Submission,1,0.6,https://www.reddit.com/r/uichicago/comments/1w6qylr/how_long_is_it_taking_the_mail_room_to_process/,https://www.reddit.com/r/uichicago/comments/1w6qylr/how_long_is_it_taking_the_mail_room_to_process/,[],,Question
1w6pymn,2026-09-04 01:06:50,Unusual_Drop2382,uichicago,I need a ti 84 for a test,Does anyone know where I can get a ti 84 for a day?,,Submission,0,0.27,https://www.reddit.com/r/uichicago/comments/1w6pymn/i_need_a_ti_84_for_a_test/,https://www.reddit.com/r/uichicago/comments/1w6pymn/i_need_a_ti_84_for_a_test/,[],,Question
1w6osfo,2026-09-04 00:13:17,thtdoodleinurnotes,uichicago,if ur 3+ ppl deep on the sidewalk u gotta make room for other passersby!!,PLEASE ,,Submission,107,0.94,https://www.reddit.com/r/uichicago/comments/1w6osfo/if_ur_3_ppl_deep_on_the_sidewalk_u_gotta_make/,https://www.reddit.com/r/uichicago/comments/1w6osfo/if_ur_3_ppl_deep_on_the_sidewalk_u_gotta_make/,[],,
1w6n4ju,2026-09-03 23:01:49,Artistic_Shopping844,uichicago,chem lab goggles,y'all where tf are the goggles in the bookstore? actually do they sell them in person ik they have they have them online...,,Submission,0,0.42,https://www.reddit.com/r/uichicago/comments/1w6n4ju/chem_lab_goggles/,https://www.reddit.com/r/uichicago/comments/1w6n4ju/chem_lab_goggles/,[],,Question
1w6i81m,2026-09-03 19:55:49,Capable_Meeting_8353,uichicago,Econ 120 HELPPP,anyone who has took econ 120 how did you guys study for this class? I’m feeling a bit lost and it’s barely the second week🫩. I really want to pass the class and just want to know any tips on what was helpful for anyone who took it? ,,Submission,0,0.43,https://www.reddit.com/r/uichicago/comments/1w6i81m/econ_120_helppp/,https://www.reddit.com/r/uichicago/comments/1w6i81m/econ_120_helppp/,[],,
1w6ges7,2026-09-03 18:52:29,Neither_Bedroom_9113,uichicago,Music clubs and groups on campus,Does anyone know of any music clubs or groups I looked at the involvement fair yesterday but I didn’t see any really ,,Submission,2,0.75,https://www.reddit.com/r/uichicago/comments/1w6ges7/music_clubs_and_groups_on_campus/,https://www.reddit.com/r/uichicago/comments/1w6ges7/music_clubs_and_groups_on_campus/,[],,
1w6g2t7,2026-09-03 18:41:00,Subject-Clue6809,uichicago,"How i felt when my professor said ""even with 98 degrees heat, chicago never has spices flowing in the soil""","lowkey felt like i got ball knowledge in that class lmaooooo

reference is dune btw",,Submission,39,0.83,https://i.redd.it/x7g4r75cocnh1.jpeg,https://www.reddit.com/r/uichicago/comments/1w6g2t7/how_i_felt_when_my_professor_said_even_with_98/,"[""https://preview.redd.it/x7g4r75cocnh1.jpeg?auto=webp&s=d4bfca9c758b6aca96fdd9e84e95b487741f2e4b"", ""https://i.redd.it/x7g4r75cocnh1.jpeg""]",,Meme
1w6feac,2026-09-03 18:17:25,Trick-Today-2140,uichicago,any girls who live on campus wants to be friends??,I’m a second year at UIC and I live on campus and I’m having a hard time finding friends and I’m a girl so I prefer if you are a girl but it’s OK if you’re not,,Submission,3,0.64,https://www.reddit.com/r/uichicago/comments/1w6feac/any_girls_who_live_on_campus_wants_to_be_friends/,https://www.reddit.com/r/uichicago/comments/1w6feac/any_girls_who_live_on_campus_wants_to_be_friends/,[],,Question
1w6drfw,2026-09-03 17:20:27,Spiritual-Help-7340,uichicago,Quiet place on campus,Hi I have a presentation to give online via zoom. Where has (decent access to) WiFi and is generally quiet? ,,Submission,0,0.5,https://www.reddit.com/r/uichicago/comments/1w6drfw/quiet_place_on_campus/,https://www.reddit.com/r/uichicago/comments/1w6drfw/quiet_place_on_campus/,[],,
1w6d8mc,2026-09-03 17:01:58,bowieshouse,uichicago,is the involvement fair also happening today,,,Submission,3,0.56,https://www.reddit.com/r/uichicago/comments/1w6d8mc/is_the_involvement_fair_also_happening_today/,https://www.reddit.com/r/uichicago/comments/1w6d8mc/is_the_involvement_fair_also_happening_today/,[],,
1w6bno9,2026-09-03 16:05:32,Only-Agency5917,uichicago,WHERE IS THE REDBULL AND MONSTER,WHERE DO I FIND REDBULL OR MONSTER ON CAMPUS HELP THIS IS AN EMERGENCY.,,Submission,30,0.86,https://www.reddit.com/r/uichicago/comments/1w6bno9/where_is_the_redbull_and_monster/,https://www.reddit.com/r/uichicago/comments/1w6bno9/where_is_the_redbull_and_monster/,[],,
1w5ydrz,2026-09-03 05:31:50,plllanets,uichicago,hot take: i hate the new CS building,"ive never made a reddit post, but i just saw this UIC post from last May and it pushed me over the edge.  
hear me out.  
this building is poorly designed. just empty and gray and sad... it's so isolating. and just all over the place. wanna go to office hours? gotta take multiple laps around 2nd floor to find your course! wanna get a study room after class? too bad, they kick everyone out right in the middle of the day! (probably the most ridiculous, nonsensical one out of all of these!). and how about the classrooms? sorry, you wont be able to hear anyone because they're so damn echoey and they just couldn't be bothered to put some sound absorption in the walls!  
and when you think about the contrast between now and the old CS lounge, it's honestly depressing. we used to be able to go chill in our own spot just for us, and you'd always be able to find your TA's to get help at any time. including the fact that you'd come to campus and know for sure you'll see your classmates and friends because we were all in one place. but now, there's way less consolidation. it makes me so so sad that students don't get to have that accessibility or sense of community anymore. and i wont even get into the non-cs majors crowding office hours tables... it bothers me but honestly i dont blame them. the answer is not to kick non cs majors out of a giant fancy new building. i blame whoever's idea it was for this layout. we didnt ask for everything to be segregated. all we wanted was a cleaner CS lounge. and after kicking us out of it was when they decided to make it look nice -\\_-   
now, as for the image above... are they seriously openly admitting to a purposefully flawed layout? like this is not good advertising at all. why would they say that out loud💀 let me get this straight, they made it so that the room where you go to get help for the MOST DIFFICULT courses in the major is HARD TO FIND? and they NAMED IT TOO oh my god are we a joke to them??? i rest my case!  
listen, i'm not saying it's 100% bad, i'm glad researchers and profs have the spaces they need. over the past year, i've tried so hard to love this building, and it hurts a bit to make this post. but let's be honest, we can't even study properly anymore. i love CS so much and i'm making this post because i genuinely care about us students. we're exhausted. they put aesthetics over students and now they have no money to fund TA's, grad students, or PHD's. good job uic 👍",,Submission,42,0.89,https://www.reddit.com/gallery/1w5ydrz,https://www.reddit.com/r/uichicago/comments/1w5ydrz/hot_take_i_hate_the_new_cs_building/,"[""https://preview.redd.it/tfiahu8kr8nh1.jpg?width=1320&format=pjpg&auto=webp&s=2884db13ca3bb8ecb20f3d085a7aa763508b93fb"", ""https://preview.redd.it/a39mig8kr8nh1.jpg?width=1320&format=pjpg&auto=webp&s=1852fa82189a25971e1e3b827e751bedf3356126""]",,
1w5x8pj,2026-09-03 04:30:31,Fragrant_Distance688,uichicago,Italian Food Nearby,Anyone know a good Italian place near campus? Bro is in town and he’s from Genoa. ,,Submission,3,0.64,https://www.reddit.com/r/uichicago/comments/1w5x8pj/italian_food_nearby/,https://www.reddit.com/r/uichicago/comments/1w5x8pj/italian_food_nearby/,[],,
1w5x7nf,2026-09-03 04:28:59,Fragrant_Distance688,uichicago,Chemistry Labs So Overrated,"When you wait in line forever just to be told they’re out of 400 beakers and they don’t take cards or Apple Pay for safety goggles like the redo of first world 🤬. Wtf am I paying for?!?! My teaching assistant can’t even get the Tv running, the napkins in room are empty, and the workers be sitting there in the playpen sorting papers. Chem sucks, lazy ass mf. Who’s in charge of this stockroom operation I’d love to give him or her an earful? ",,Submission,0,0.1,https://i.redd.it/hxcw384cg8nh1.jpeg,https://www.reddit.com/r/uichicago/comments/1w5x7nf/chemistry_labs_so_overrated/,"[""https://preview.redd.it/hxcw384cg8nh1.jpeg?auto=webp&s=90e40f31becbcd278690f882e01b11e9641811ba"", ""https://i.redd.it/hxcw384cg8nh1.jpeg""]",,
1w5wegr,2026-09-03 03:47:20,Apart_Implement7425,uichicago,bro i suck at music,"ngl, i went to the band audition today and i did so buns. i dont think i will commit but i want to vent about it because of how ahh i did. ",,Submission,2,0.67,https://www.reddit.com/r/uichicago/comments/1w5wegr/bro_i_suck_at_music/,https://www.reddit.com/r/uichicago/comments/1w5wegr/bro_i_suck_at_music/,[],,
1w5waub,2026-09-03 03:42:14,Spirited_Ant_2287,uichicago,Course change MATH 180,Anyone wanna trade math 180 (calc 1)? I take it MWF 3-3:50 and labs are Tuesday. I want online instead,,Submission,0,0.33,https://www.reddit.com/r/uichicago/comments/1w5waub/course_change_math_180/,https://www.reddit.com/r/uichicago/comments/1w5waub/course_change_math_180/,[],,
1w5vj4f,2026-09-03 03:03:55,Otherwise-Sentence13,uichicago,Please follow the parking garage arrows😵‍💫,Why are we driving the wrong way in the parking garages..😭 Almost got hit today.,,Submission,16,0.83,https://www.reddit.com/r/uichicago/comments/1w5vj4f/please_follow_the_parking_garage_arrows/,https://www.reddit.com/r/uichicago/comments/1w5vj4f/please_follow_the_parking_garage_arrows/,[],,
1w5uoa1,2026-09-03 02:22:58,treslechescake12,uichicago,"Nelson, Karin BIOS 272","Comparative Vertebrate Anatomy 

  
How bad/hard is that class? I have to take that class because no other experimental requirement class is working for my schedule for this semester. Any advice on how to study for the exams? or any other advice regarding this class?

  
Thank you",,Submission,0,0.25,https://www.reddit.com/r/uichicago/comments/1w5uoa1/nelson_karin_bios_272/,https://www.reddit.com/r/uichicago/comments/1w5uoa1/nelson_karin_bios_272/,[],,
1w5tx5u,2026-09-03 01:47:56,glitterpal-,uichicago,PSCH 320 Baker,"Hi, can someone give me a little insight on how his quizzes and exams are like? How are his quizzes? I’m reading this entire book and feel like I have to memorize it all. lol

Just want some sort of guidance that way I know how to structure my studying around the class and perhaps save some of those brain cells for another class that needs my attention. ",,Submission,0,0.33,https://www.reddit.com/r/uichicago/comments/1w5tx5u/psch_320_baker/,https://www.reddit.com/r/uichicago/comments/1w5tx5u/psch_320_baker/,[],,
1w5tdw0,2026-09-03 01:23:04,Wonderful-Eye2369,uichicago,Warning about campus “ministry” group,Be aware of a lady who is asking people do they want to join a ministry and she’s not a student and the company is not affiliated with Uic. This woman would ask if you are a student and if you want to join an on campus ministry.,,Submission,30,0.92,https://www.reddit.com/r/uichicago/comments/1w5tdw0/warning_about_campus_ministry_group/,https://www.reddit.com/r/uichicago/comments/1w5tdw0/warning_about_campus_ministry_group/,[],,
1w5qm3q,2026-09-02 23:20:44,davidat21,uichicago,Lost Tablet Wednesday Morning,Found this tablet at Stevenson Hall 303. If it’s yours go to the administration office at SCE.,,Submission,15,0.94,https://i.redd.it/005rax1cx6nh1.jpeg,https://www.reddit.com/r/uichicago/comments/1w5qm3q/lost_tablet_wednesday_morning/,"[""https://preview.redd.it/005rax1cx6nh1.jpeg?auto=webp&s=3f101dba1850d3e818b0ed7ba7ebd3b5fae0d0e1"", ""https://i.redd.it/005rax1cx6nh1.jpeg""]",,
1w5nadn,2026-09-02 21:09:05,pastel-pineapples,uichicago,Possibly lost calculator,"Has anyone seen a basic TI-84 With Stardew valley and Puck from berserk? I have no idea where I lost it, but was most likely left at the library! If anyone has any info pls lmk!",,Submission,2,0.67,https://www.reddit.com/r/uichicago/comments/1w5nadn/possibly_lost_calculator/,https://www.reddit.com/r/uichicago/comments/1w5nadn/possibly_lost_calculator/,[],,
1w5m1i7,2026-09-02 20:24:29,Subject-Clue6809,uichicago,"Campus care payment is due in 2 weeks, cancel if you don't wanna pay $700+","https://preview.redd.it/06yyf77t16nh1.png?width=860&format=png&auto=webp&s=bd91701eb14d8b2e8e44caab883e0211d3a0dfbd

I have insurance but i keep forgetting to cancel this unnecessary payment lowkey lol",,Submission,110,0.95,https://www.reddit.com/r/uichicago/comments/1w5m1i7/campus_care_payment_is_due_in_2_weeks_cancel_if/,https://www.reddit.com/r/uichicago/comments/1w5m1i7/campus_care_payment_is_due_in_2_weeks_cancel_if/,[],,Meme
1w5il9q,2026-09-02 18:24:30,strawberrybricks,uichicago,Five years later...,still a hole in the wall. #uic,,Submission,60,0.97,https://i.redd.it/ecxr93rdg5nh1.jpeg,https://www.reddit.com/r/uichicago/comments/1w5il9q/five_years_later/,"[""https://preview.redd.it/ecxr93rdg5nh1.jpeg?auto=webp&s=b47be4d1fa101f137f1ab3b2435fa06faab425e5"", ""https://i.redd.it/ecxr93rdg5nh1.jpeg""]",,
1w5fnxx,2026-09-02 16:42:53,LeoC234,uichicago,FAFSA Refund Money,"Hi, I just wanted to know if any student got a refund from the FAFSA disbursement recently because I didn't get a refund from this fall semester and owed $60 to the college cause the lab fee wasn't covered. I don't know if the tuition rate went up or cause the big beautiful bill is causing it.

Thanks for reading 👍",,Submission,6,0.74,https://www.reddit.com/r/uichicago/comments/1w5fnxx/fafsa_refund_money/,https://www.reddit.com/r/uichicago/comments/1w5fnxx/fafsa_refund_money/,[],,Question
1w5awa4,2026-09-02 13:48:17,Body-Shody,uichicago,How it feels going up the stairs for once when there's a long line for the escalators in SCE,,,Submission,334,0.99,https://i.redd.it/xlr0zh4834nh1.jpeg,https://www.reddit.com/r/uichicago/comments/1w5awa4/how_it_feels_going_up_the_stairs_for_once_when/,"[""https://preview.redd.it/xlr0zh4834nh1.jpeg?auto=webp&s=362880bb728ee28f276354fe61c3ca1862f472aa"", ""https://i.redd.it/xlr0zh4834nh1.jpeg""]",,Meme
1w5afjl,2026-09-02 13:30:05,Working_Syllabub1018,uichicago,sce atm: working rn?,hi!! does anybody know of the atm in sce is working at the moment? i feel like i tried a couple months ago and it wasn’t. thanks in advance! ,,Submission,1,0.67,https://www.reddit.com/r/uichicago/comments/1w5afjl/sce_atm_working_rn/,https://www.reddit.com/r/uichicago/comments/1w5afjl/sce_atm_working_rn/,[],,Question
1w54dts,2026-09-02 08:26:32,jessehyoshi,uichicago,Is there any student here at UIC I could dm and ask some question ? i would really appreciate it !,,,Submission,1,0.6,https://www.reddit.com/r/uichicago/comments/1w54dts/is_there_any_student_here_at_uic_i_could_dm_and/,https://www.reddit.com/r/uichicago/comments/1w54dts/is_there_any_student_here_at_uic_i_could_dm_and/,[],,Question
1w50l7t,2026-09-02 04:56:05,Ninjixu,uichicago,Art Clubs at UIC,"I am terrible at art, but I want to learn to draw. Are there any clubs I can join to learn?",,Submission,1,0.66,https://www.reddit.com/r/uichicago/comments/1w50l7t/art_clubs_at_uic/,https://www.reddit.com/r/uichicago/comments/1w50l7t/art_clubs_at_uic/,[],,Question
1w4z5kp,2026-09-02 03:42:31,MaintenanceFormal960,uichicago,(Rant) PUT. YOUR. SHOES. ON.,"I AM SO FUCKING DISGUSTED HERE. Like I go into the Dunkin in SCE, I sit down at a desk to look down, then I look to the couch. People taking their slippers off and swinging them ON THE COUCH. I go to the library, SAME THING people with their godamn little piggies on the seats. Like, what the fauq goes on in peoples' minds when I look over in lecture and I see people putting their bare feet on the seats? And today I saw some people just having them out on the rugs in the idea commons...like...ew...",,Submission,151,0.94,https://www.reddit.com/r/uichicago/comments/1w4z5kp/rant_put_your_shoes_on/,https://www.reddit.com/r/uichicago/comments/1w4z5kp/rant_put_your_shoes_on/,[],,Discussion
1w4z4zr,2026-09-02 03:41:41,sqza55,uichicago,Wash your hands,second week and already starting to feel sick 🫩 wash your damn hands ,,Submission,34,0.95,https://www.reddit.com/r/uichicago/comments/1w4z4zr/wash_your_hands/,https://www.reddit.com/r/uichicago/comments/1w4z4zr/wash_your_hands/,[],,
1w4yl5q,2026-09-02 03:15:21,paokls,uichicago,Parking lot outside Cor coffee,"Anyone know if the parking lot outside Cor is UIC parking? Looking for parking this semester and the location would be perfect if it's for students

https://preview.redd.it/blg71p07y0nh1.png?width=1408&format=png&auto=webp&s=6537df6e120af962ed02663e31a90ccf18cef673

",,Submission,0,0.5,https://www.reddit.com/r/uichicago/comments/1w4yl5q/parking_lot_outside_cor_coffee/,https://www.reddit.com/r/uichicago/comments/1w4yl5q/parking_lot_outside_cor_coffee/,[],,
1w4s13x,2026-09-01 22:29:44,KingSlippyBeater,uichicago,Looking for art groups on campus!,"I want to join an art club or group on campus. I like making things and drawing and need a creative outlet other than minecraft, anybody know anything?",,Submission,7,0.78,https://www.reddit.com/r/uichicago/comments/1w4s13x/looking_for_art_groups_on_campus/,https://www.reddit.com/r/uichicago/comments/1w4s13x/looking_for_art_groups_on_campus/,[],,
1w4n0dd,2026-09-01 19:46:54,Appropriate_Map_1,uichicago,Beware of man,Came across this video that was posted 5 weeks ago and the comments say he’s always around this area (UIC) ,,Submission,440,0.96,https://v.redd.it/6v17xpy9qymh1,https://www.reddit.com/r/uichicago/comments/1w4n0dd/beware_of_man/,"[""https://external-preview.redd.it/MHRtcWJjdzlxeW1oMWzoqHDDphsgL-aBkzOUedh4beoMoRUtkMmwvmFQSonR.jpeg?format=pjpg&auto=webp&s=2bfde642e7b0b2f6274e96b1b73c96288a88c772""]",,Video
1w4m9vq,2026-09-01 19:24:38,Upstairs-Ask-7859,uichicago,brain overloaded with adding/dropping,"SO -- I'm a first-year adult learner. I got placed in SPAN102. Immediately my professor and I are realizing that I should at least be in 103, and the department head agrees, but now all the classes that fit my schedule are full (naturally), and if she forces the placement to 103, I get dropped from 102, lose my credit hours, and have to fill the gap with something, and would miss a semester of Spanish. There is a course that my advisor showed me as a backup (SPAN 285, Zombies, Plagues, and Other Pandemics in Literature and Visual Media) which would also be asynchronous and make my commute less harsh, but I kind of feel like I should just keep my SPAN102, have it as an easy class, and just keep it pushing. I feel like I am so overwhelmed by the options that I am kind of just giving up on the whole thing and don't feel like changing my schedule, even though it could be worth it in the end, maybe, to help with some of my other Gen Eds while I wait for my Spanish to kick off at a more appropriate level in the Spring..............

anyone else feeling overwhelmed? Anyone have advice? I feel like I'm frying my brain trying to sort it all out at the last minute.",,Submission,4,0.86,https://www.reddit.com/r/uichicago/comments/1w4m9vq/brain_overloaded_with_addingdropping/,https://www.reddit.com/r/uichicago/comments/1w4m9vq/brain_overloaded_with_addingdropping/,[],,
1w4lg9y,2026-09-01 19:00:26,pepperonipizzarocks,uichicago,How are yall holding up in the heat rn?,it's humid on campus with the sun blaring down,,Submission,36,0.95,https://www.reddit.com/r/uichicago/comments/1w4lg9y/how_are_yall_holding_up_in_the_heat_rn/,https://www.reddit.com/r/uichicago/comments/1w4lg9y/how_are_yall_holding_up_in_the_heat_rn/,[],,Discussion
1w4jwqc,2026-09-01 18:08:11,Subject-Clue6809,uichicago,Pov: halal shack has been replaced,"Ik its old new, but this hits : (, i loved the overpriced meals during cheat days",,Submission,47,0.9,https://i.redd.it/fkjln83l8ymh1.gif,https://www.reddit.com/r/uichicago/comments/1w4jwqc/pov_halal_shack_has_been_replaced/,"[""https://preview.redd.it/fkjln83l8ymh1.gif?format=png8&s=56f9d50b08a9ee9288616652badf595ea105bfb8"", ""https://i.redd.it/fkjln83l8ymh1.gif""]",,Meme
1w4iap3,2026-09-01 17:12:59,fanomg69,uichicago,I’m a freshman and do not reside.,Hey! I do not reside and often get hungry even after i finish my food from home. And i see that alot of places are expensive is there anything near by thats cheap? ,,Submission,1,0.5,https://www.reddit.com/r/uichicago/comments/1w4iap3/im_a_freshman_and_do_not_reside/,https://www.reddit.com/r/uichicago/comments/1w4iap3/im_a_freshman_and_do_not_reside/,[],,Question
1w4hkt8,2026-09-01 16:48:42,Ol_Sam,uichicago,Trapdoor in classroom,"I have a lecture in SES 130 (Science and Engineering South). I noticed that there is a trapdoor in the floor at the front of the room. It has a ring to be pulled up and I don’t see a lock.

Does anyone know what it’s for or where it goes? Is it just a storage space?",,Submission,7,0.78,https://www.reddit.com/r/uichicago/comments/1w4hkt8/trapdoor_in_classroom/,https://www.reddit.com/r/uichicago/comments/1w4hkt8/trapdoor_in_classroom/,[],,
1w4exnv,2026-09-01 15:16:39,Freakbow,uichicago,Has anyone tried the new burger place?,Was wondering if anyone has tried the new burger place and if it’s good?,,Submission,5,0.87,https://www.reddit.com/r/uichicago/comments/1w4exnv/has_anyone_tried_the_new_burger_place/,https://www.reddit.com/r/uichicago/comments/1w4exnv/has_anyone_tried_the_new_burger_place/,[],,Question
1w43acn,2026-09-01 06:03:17,labuki773,uichicago,"Heat Included 3BD + 2 BA ($1,650) Apartment in Chicago",,,Submission,0,0.5,,https://www.reddit.com/r/uichicago/comments/1w43acn/heat_included_3bd_2_ba_1650_apartment_in_chicago/,"[""https://external-preview.redd.it/UgsPWISB0S0AqpucrB3lXMx3HlbRguq46E77GdkYhJc.png?auto=webp&s=5678de36b033af05bc066d416d5c56c8355a5fde""]",,Offer
1w3y8i5,2026-09-01 01:54:05,thtdoodleinurnotes,uichicago,Great deal for broke students,"Was browsing Uber Eats and came across this deal at Busy Burger (located at 1120 W. Taylor St.)   
Their food is great, and this burger is def one of the better items. You can get the two burgers delivered or pick it up, but I’d personally opt to pick it up because when you do, it comes out to a little over *$12.* That’s such a steal for two burgers!! (Cheese costs extra just heads up)

Had to put y’all on. I recommend their shakes, busy sauce, and pizza puffs as well. Enjoy!",,Submission,83,0.86,https://i.redd.it/yv6j1z6wetmh1.jpeg,https://www.reddit.com/r/uichicago/comments/1w3y8i5/great_deal_for_broke_students/,"[""https://preview.redd.it/yv6j1z6wetmh1.jpeg?auto=webp&s=c4783b1519b17e82dfc37060e4bf0217cab7fd25"", ""https://i.redd.it/yv6j1z6wetmh1.jpeg""]",,Offer
1w3rseo,2026-08-31 21:34:05,kha-millaa,uichicago,Switching classes and recommendation,"Does anyone know what class I can switch out that's online, a general ed, and not as writing heavy as history 105 with Daly Johnathan? Also would anyone be willing to trade chem 115 lab at 8am for something later? The commute is grueling 😭",,Submission,1,0.6,https://www.reddit.com/r/uichicago/comments/1w3rseo/switching_classes_and_recommendation/,https://www.reddit.com/r/uichicago/comments/1w3rseo/switching_classes_and_recommendation/,[],,
1w3pnma,2026-08-31 20:19:27,Few_Classic_3072,uichicago,Any other grad students still waiting on tuition waivers?,"I just got onboarded and signed my offer letter for my research assistantship a week ago today, which is supposed to come with a full tuition waiver and stipend. My tuition waiver still hasn't been applied. I asked the bursar about this and got a response on Friday that they're working as fast as they can to apply financial aid and waivers to student accounts. 

I'm getting a little worried since tuition is due at the end of the month-- and once I get the waiver I still have to take out some loans. Is this normal? Is anyone else experiencing this situation? ",,Submission,9,0.85,https://www.reddit.com/r/uichicago/comments/1w3pnma/any_other_grad_students_still_waiting_on_tuition/,https://www.reddit.com/r/uichicago/comments/1w3pnma/any_other_grad_students_still_waiting_on_tuition/,[],,Question
1w3mrld,2026-08-31 18:40:52,shadow_z_99,uichicago,How to let uic know about wepa ?,"So I just used the wepa at the bsb and it just stop printing my papers, and now it has an error page, starting to feel like its my fault 😭",,Submission,3,0.67,https://www.reddit.com/r/uichicago/comments/1w3mrld/how_to_let_uic_know_about_wepa/,https://www.reddit.com/r/uichicago/comments/1w3mrld/how_to_let_uic_know_about_wepa/,[],,Question
1w3m4ws,2026-08-31 18:19:30,infatuatedGreen,uichicago,Happy 2nd week,,,Submission,69,1.0,https://i.redd.it/bsty0ngs5rmh1.jpeg,https://www.reddit.com/r/uichicago/comments/1w3m4ws/happy_2nd_week/,"[""https://preview.redd.it/bsty0ngs5rmh1.jpeg?auto=webp&s=99a4995f19d8ea0e073081742788586ba84de40d"", ""https://i.redd.it/bsty0ngs5rmh1.jpeg""]",,
1w3jbv6,2026-08-31 16:45:21,Independent_Still222,uichicago,ISO SPAN104 Textbook,Hi does anyone have an Aula en accion 2 Student Textbook for sale? ,,Submission,0,0.5,https://www.reddit.com/r/uichicago/comments/1w3jbv6/iso_span104_textbook/,https://www.reddit.com/r/uichicago/comments/1w3jbv6/iso_span104_textbook/,[],,Question
1w3h5t8,2026-08-31 15:30:01,No-Opportunity-4263,uichicago,roman ring in uic,"i dont do reddit but i see u guys r in here a lot so i’ll leave my thought here and see if i can get constructive criticism 

we should have like a roman ring in the middle of uic where students submit themselves and can fight to submission for honor and glory and extra credit . then all the studies are separated into clans where we wear representative colored robes and undecideds can be like the rogues of the campus . and there can be a leaderboard and the #1 student can sacrifice themselves at the end of the semester for the main character grunt to help him get his grade rounded to an A and everyone cries and gives him aura at the end i think thatd be cool 🆒 

please add side character story lines",,Submission,95,0.88,https://www.reddit.com/r/uichicago/comments/1w3h5t8/roman_ring_in_uic/,https://www.reddit.com/r/uichicago/comments/1w3h5t8/roman_ring_in_uic/,[],,Discussion
1w3evwx,2026-08-31 14:08:10,Sally27293652,uichicago,Course swap ENG 208,"Is anyone willing to swap their 10am eng 208 discussion for my 9am one? I need to take a 9am class really bad since the course I was waitlisted on is NOT opening up. 

Thanks ",,Submission,1,0.67,https://www.reddit.com/r/uichicago/comments/1w3evwx/course_swap_eng_208/,https://www.reddit.com/r/uichicago/comments/1w3evwx/course_swap_eng_208/,[],,
1w3dups,2026-08-31 13:28:48,Aeriichandesu,uichicago,Lost Husky with no collar found in S Morgan St in front of the Richard Daley Library,"really friendly, i wasnt able to stay too long and find the owner bc i had class however there were two other folks who were trying to find its owner. ",,Submission,108,0.99,https://www.reddit.com/gallery/1w3dups,https://www.reddit.com/r/uichicago/comments/1w3dups/lost_husky_with_no_collar_found_in_s_morgan_st_in/,"[""https://preview.redd.it/c6fczbowppmh1.jpg?width=4284&format=pjpg&auto=webp&s=0fc2ecfe5bbb86be51d8003d2ffb58256694bbd5"", ""https://preview.redd.it/1hcwxbowppmh1.jpg?width=4284&format=pjpg&auto=webp&s=49c518fc3ae4628ce6ce059235124928983fa325"", ""https://preview.redd.it/3zkws8owppmh1.jpg?width=4284&format=pjpg&auto=webp&s=8b07672cb993a0ae631f36da496ce43ce4bd1a15""]",,
1w33cnw,2026-08-31 04:33:13,Spirited_Ant_2287,uichicago,Easy science elective for CS major,First semester at UIC and I'm currently taking bios 110. Are there any easy alternatives or is bio not too difficult. I dont want to stress over a class that isn't related to my major at all. Please help out!!!,,Submission,1,0.62,https://www.reddit.com/r/uichicago/comments/1w33cnw/easy_science_elective_for_cs_major/,https://www.reddit.com/r/uichicago/comments/1w33cnw/easy_science_elective_for_cs_major/,[],,Question
1w3275c,2026-08-31 03:35:23,Razzmatazz_-,uichicago,Is anyone selling Aula 1 for Spanish?,I do NOT have 95 dollars to spend rn,,Submission,1,0.67,https://www.reddit.com/r/uichicago/comments/1w3275c/is_anyone_selling_aula_1_for_spanish/,https://www.reddit.com/r/uichicago/comments/1w3275c/is_anyone_selling_aula_1_for_spanish/,[],,Question
1w31ct6,2026-08-31 02:55:24,OkProfession4495,uichicago,HN 196 Nutrition,"Hey everyone,

I’m thinking about taking HN 196 Nutrition and wanted to hear from anyone who has taken it recently.  
From looking at the syllabus, it seems like there are two assignments each week, a four-part project with two essays, and five exams. Were the exams easy?  
I have a pretty full course load, so I’m trying to figure out how time-consuming the class actually is.  
Would you say HN 196 is still a relatively easy A as long as you keep up with the work?",,Submission,5,0.86,https://www.reddit.com/r/uichicago/comments/1w31ct6/hn_196_nutrition/,https://www.reddit.com/r/uichicago/comments/1w31ct6/hn_196_nutrition/,[],,
1w2yqmg,2026-08-31 00:53:52,CloudAlternative9645,uichicago,Chances of getting into UIC? Spring 2027 (Liberal Arts & Sciences — Undecided).,"To start off, this isn't a joke.

I applied for spring 2025 and somehow got rejected? Probably because my essays were rather weak.

After a year-ish, mainly to focus on building a life in Chicago, I reapplied for Spring 2027 (Liberal Arts & Sciences — Undecided).

My GPA is high (4.0), I had high grades, and was even in an honor society (Phi Beta Kappa, I think). So, my questions are: How likely is it for me to get accepted to UIC? Will applying in the spring help? Will my stronger essays improve my chances?",,Submission,3,0.6,https://www.reddit.com/r/uichicago/comments/1w2yqmg/chances_of_getting_into_uic_spring_2027_liberal/,https://www.reddit.com/r/uichicago/comments/1w2yqmg/chances_of_getting_into_uic_spring_2027_liberal/,[],,Question
1w2wurj,2026-08-30 23:29:28,Little_Ad6892,uichicago,UIC study spots near campus on Weekends,"What are some good spots to study in during the weekend close to campus? Besides SCE and the library of course. Preferably somewhere with outlets, open late, and close to the quad. If a student ID is needed please say so. Thank you!",,Submission,1,0.67,https://www.reddit.com/r/uichicago/comments/1w2wurj/uic_study_spots_near_campus_on_weekends/,https://www.reddit.com/r/uichicago/comments/1w2wurj/uic_study_spots_near_campus_on_weekends/,[],,
1w2vmz1,2026-08-30 22:36:57,Spiritual-Help-7340,uichicago,Sports clubs to hang with,"Hi guys.   
I have a complete fucked schedule. I mean 18 credit hours, organic chem, physics, bio, psych and gen Ed thank god but yeah. No bueno, but did it to myself it’s all good.   
Anyone play soccer and tennis on campus for fun? Would love to blow off some steam with something not competitive (to the level of practicing), but free enough to start a pick up game.   
Let me know !!! Good luck this sem yall ",,Submission,10,0.92,https://www.reddit.com/r/uichicago/comments/1w2vmz1/sports_clubs_to_hang_with/,https://www.reddit.com/r/uichicago/comments/1w2vmz1/sports_clubs_to_hang_with/,[],,Question
1w2rt32,2026-08-30 20:03:31,ilovemycats_12,uichicago,psych internship advice ?,"if you guys are part of a psych internship, how’d you get it? it feels impossible to find one or find professors who are taking on students. or i apply and hear nothing, or email and hear nothing. 

lmk if u guys have any advice :( or know how i could possibly get one 🙏🏼🙏🏼🙏🏼🙏🏼",,Submission,7,0.83,https://www.reddit.com/r/uichicago/comments/1w2rt32/psych_internship_advice/,https://www.reddit.com/r/uichicago/comments/1w2rt32/psych_internship_advice/,[],,Question
1w2ognm,2026-08-30 17:58:11,bing_bong267,uichicago,anyone willing to swap for ece 210 lab 2:00 to 4:50 pm? will pay $,"my schedule changed due to work and the lab i currently am signed up for (friday 2 to 4:50 pm) won't work with my work schedule, so if anyone is willing i will pay if needed please and thank you 

edit: tuesday from 2pm to 4:50 pm is the day i'm looking for",,Submission,0,0.5,https://www.reddit.com/r/uichicago/comments/1w2ognm/anyone_willing_to_swap_for_ece_210_lab_200_to_450/,https://www.reddit.com/r/uichicago/comments/1w2ognm/anyone_willing_to_swap_for_ece_210_lab_200_to_450/,[],,Question
1w2jvii,2026-08-30 15:01:31,AdSecure6521,uichicago,are UIC students envious of UIUC students,factual information?,,Submission,0,0.13,https://www.reddit.com/r/uichicago/comments/1w2jvii/are_uic_students_envious_of_uiuc_students/,https://www.reddit.com/r/uichicago/comments/1w2jvii/are_uic_students_envious_of_uiuc_students/,[],,Question
1w2j7tg,2026-08-30 14:35:14,Lugiazel,uichicago,any easy 1 credit course?,"just planning for spring 27’ (i know fall started) but I am trying to graduate by spring but literally need one more hour of the 60hr at UIC thing so, if you guys have any recommendations lmk so i have an idea of what to put in my planner ",,Submission,0,0.5,https://www.reddit.com/r/uichicago/comments/1w2j7tg/any_easy_1_credit_course/,https://www.reddit.com/r/uichicago/comments/1w2j7tg/any_easy_1_credit_course/,[],,Question
1w1zjxu,2026-08-29 22:08:46,No_Mouse4690,uichicago,Looking for PDF/ebook copies of MGMT 370 Sports Management textbooks,"Taking MGMT 370 this semester and trying to find digital copies of the two required books before buying them.

HBR’s 10 Must Reads on Leadership Lessons from Sports  
ISBN: 9781633694347

Contemporary Sport Management, 7th Edition  
ISBN: 9781718202993

Does anyone have a PDF/ebook copy or know if UIC provides access to either one somewhere?  
it would be me much appreciated thank you!!",,Submission,0,0.25,https://www.reddit.com/r/uichicago/comments/1w1zjxu/looking_for_pdfebook_copies_of_mgmt_370_sports/,https://www.reddit.com/r/uichicago/comments/1w1zjxu/looking_for_pdfebook_copies_of_mgmt_370_sports/,[],,Question
1w1wpi5,2026-08-29 20:12:22,Top_Tart7502,uichicago,How are clubs here?,"F, junior transfer commuter, looking to make friends and get more involved during these two years. 

I am choosing between CHAARG, cycling club, climbing club, ski/snowboard club, book club, journal together club. 

Is anyone involved in any of these or have other recommendations? How was your experience/what to expect? ",,Submission,9,0.77,https://www.reddit.com/r/uichicago/comments/1w1wpi5/how_are_clubs_here/,https://www.reddit.com/r/uichicago/comments/1w1wpi5/how_are_clubs_here/,[],,Discussion
1w1w0pc,2026-08-29 19:44:56,Acceptable-Key-5514,uichicago,Lost my gold ring!!!,"# Title is pretty much the entire situation. I lost my gold ring around 2:30pm friday in the first floor men's bathroom of Lincoln hall. I accidently left it on the bathroom sink. 

It's a circular gold ring with tiger's eye layered in the middle. I've already called the lost and found and they haven't received anything. If anyone has seen it or knows anything please dm me.",,Submission,14,0.84,https://www.reddit.com/r/uichicago/comments/1w1w0pc/lost_my_gold_ring/,https://www.reddit.com/r/uichicago/comments/1w1w0pc/lost_my_gold_ring/,[],,Question
1w1tc3x,2026-08-29 18:00:28,Mysterious-Honey6340,uichicago,Is anyone selling AULA 1?,Please dm me and lmk your price,,Submission,1,0.6,https://www.reddit.com/r/uichicago/comments/1w1tc3x/is_anyone_selling_aula_1/,https://www.reddit.com/r/uichicago/comments/1w1tc3x/is_anyone_selling_aula_1/,[],,Question
1w1rylw,2026-08-29 17:06:15,Wonderful-Eye2369,uichicago,Transfer Business Fellows Program,"Hello to anyone who is a new transfer student, you should definitely consider joining the transfer business fellows program because it is designed specifically for business students to network and connect with alumni and professional areas and here is the application below the deadline is Tuesday, September 1 at 11:59pm.

https://docs.google.com/forms/d/e/1FAIpQLSefLu8NruE\\_JiB8hOgvE31\\_Ij11wD4L2z3g8OI9pxC\\_YC2iHA/viewform",,Submission,3,0.83,https://www.reddit.com/r/uichicago/comments/1w1rylw/transfer_business_fellows_program/,https://www.reddit.com/r/uichicago/comments/1w1rylw/transfer_business_fellows_program/,[],,
1w1mrm7,2026-08-29 13:36:03,Working-CityFoodie,uichicago,September 1st: Room/Apt Wanted ~ $1300,,,Submission,1,0.67,,https://www.reddit.com/r/uichicago/comments/1w1mrm7/september_1st_roomapt_wanted_1300/,[],,
1w1c08u,2026-08-29 03:57:30,Pure-Ad-4012,uichicago,Anyone want a 430BIOS spot ?,,,Submission,0,0.5,https://www.reddit.com/r/uichicago/comments/1w1c08u/anyone_want_a_430bios_spot/,https://www.reddit.com/r/uichicago/comments/1w1c08u/anyone_want_a_430bios_spot/,[],,Question
1w1agmn,2026-08-29 02:40:45,CC_9876,uichicago,Who the f*ck do I call about the internet,"I go to housing they want me to go to the library the library has the IT office and the IT office says talk to “Res Net” the front desk says talk to the RA about resnet and the RA is non existent. 

I went to fucking cicero about the Internet

Btw like 20 thousand per sem to go here cause I’m from another state 🙄",,Submission,22,0.89,https://www.reddit.com/r/uichicago/comments/1w1agmn/who_the_fck_do_i_call_about_the_internet/,https://www.reddit.com/r/uichicago/comments/1w1agmn/who_the_fck_do_i_call_about_the_internet/,[],,Question
1w1a934,2026-08-29 02:30:15,DreamCraver20,uichicago,Financial aid disbursement,I am hoping anyone has any information about when financial aid disbursement go into effect. I thought it would get disbursed the first week of the semester but nothing yet.,,Submission,8,0.84,https://www.reddit.com/r/uichicago/comments/1w1a934/financial_aid_disbursement/,https://www.reddit.com/r/uichicago/comments/1w1a934/financial_aid_disbursement/,[],,
1w138xx,2026-08-28 21:21:42,Subject-Clue6809,uichicago,How financial aid has been moving recently to me,,,Submission,132,0.98,https://i.redd.it/3hr0vr9kn6mh1.gif,https://www.reddit.com/r/uichicago/comments/1w138xx/how_financial_aid_has_been_moving_recently_to_me/,"[""https://preview.redd.it/3hr0vr9kn6mh1.gif?format=png8&s=5c90b5ce8bc95b72a52de718732ce11fb23ef18d"", ""https://i.redd.it/3hr0vr9kn6mh1.gif""]",,Meme
1w10gi9,2026-08-28 19:35:09,Icy-Faithlessness825,uichicago,Financial aid redact?,"In the spring and summer I received two payments from the uic department saying they credit and refunded me money. Now for the fall (notifying me three months later) that they redacted it and changed my financial aid- saying I need to give them the money back and added it to my student account.   
How do I even go about this? I’m a little stressed because they notified me late, now my tuition is higher than expected because they’re charging me for a “refund” yet nothing changed on my behalf regarding FASFA, loans, etc. I’m so confused why they put money into my bank account and then said they wanted it back?? And no I didn’t spend it or blow it, but has this happened to anyone? ",,Submission,4,0.8,https://www.reddit.com/r/uichicago/comments/1w10gi9/financial_aid_redact/,https://www.reddit.com/r/uichicago/comments/1w10gi9/financial_aid_redact/,[],,Question
1w0yy6r,2026-08-28 18:39:48,DocumentMoney7146,uichicago,Looking for friends who stay close to campus,"Hey yall, i’m a transfer student at UIC looking to make more friends who stay closer to campus. I don’t really care what your major is or really anything else, just tryna meet more people that i could hang out with outside of school. I myself stay in the south loop, so the pilsen area, little italy- all would be great.  

A little about me:   
i enjoy painting, writing and producing music(i play the guitar and keyboard too). i watch a lot of tv, be it movies, anime or just tv shows. I’m tryna get back into the habit of reading more regularly too but my attention span is FRIED. I’m an engineering major myself but i really i’ll do anything to keep a single thought from forming. ",,Submission,6,0.82,https://www.reddit.com/r/uichicago/comments/1w0yy6r/looking_for_friends_who_stay_close_to_campus/,https://www.reddit.com/r/uichicago/comments/1w0yy6r/looking_for_friends_who_stay_close_to_campus/,[],,
1w0xq2d,2026-08-28 17:55:26,Important_Raise_2531,uichicago,BSMD GPPA question,"Currently a high school senior and considering   BSMD GPPA. Can someone that was accepted in this program share their stats ?   
I have heard it is super competitive.",,Submission,0,0.5,https://www.reddit.com/r/uichicago/comments/1w0xq2d/bsmd_gppa_question/,https://www.reddit.com/r/uichicago/comments/1w0xq2d/bsmd_gppa_question/,[],,Question
1w0h8qi,2026-08-28 05:05:23,CalligrapherBig7835,uichicago,Aula en accion 2,Does anybody still have one of these books available. Please I am desperate 😭,,Submission,1,0.67,https://www.reddit.com/r/uichicago/comments/1w0h8qi/aula_en_accion_2/,https://www.reddit.com/r/uichicago/comments/1w0h8qi/aula_en_accion_2/,[],,
1w0ebu4,2026-08-28 02:37:53,babyhermitcrabb,uichicago,thoughts on UIC party culture?,"freshman who just moved into ARC, noticing a lot of party goers but it seems to be exclusively parties advertised on instagram and other platforms. are these parties actually any fun? are they safe? (asking bc of the SAs that seem to be occurring every day) and do they not get raided all the time? ",,Submission,24,0.81,https://www.reddit.com/r/uichicago/comments/1w0ebu4/thoughts_on_uic_party_culture/,https://www.reddit.com/r/uichicago/comments/1w0ebu4/thoughts_on_uic_party_culture/,[],,Question
1w0dmzi,2026-08-28 02:06:26,Subject-Clue6809,uichicago,How it genuinely felt taking i-290 after 6pm today,,,Submission,91,0.89,https://i.redd.it/wrr22c6gx0mh1.png,https://www.reddit.com/r/uichicago/comments/1w0dmzi/how_it_genuinely_felt_taking_i290_after_6pm_today/,"[""https://preview.redd.it/wrr22c6gx0mh1.png?auto=webp&s=3681dd247169243175f259e0cc0e834b2f650741"", ""https://i.redd.it/wrr22c6gx0mh1.png""]",,
1w0cqkj,2026-08-28 01:24:53,Fit_Preparation_2327,uichicago,Anyone dropping STAT 130? Trying to swap out of Kobotis MATH 170,"Hey everyone, incoming freshman here. Currently registered for MATH 170 (Calculus for Life Sciences) with Kobotis at 10:00 AM - 10:50 AM (M/W/F), but the 5-day-a-week grind and no-calculator rule are giving me insane anxiety.

I'm tracking into the Integrated Health Studies (HS) major, so I desperately want to swap it for STAT 130 instead. The portal shows it's completely full right now.

Is anyone currently in a STAT 130 section planning to drop it before the deadline? Any section that starts before 2:00 PM works perfectly with my schedule.

If you have a morning or early afternoon seat and plan to drop, please PM me! We can coordinate a specific minute for you to drop it so I can try to instantly snipe the open seat on the XE portal.

Thanks so much, I really appreciate any help!",,Submission,5,0.7,https://www.reddit.com/r/uichicago/comments/1w0cqkj/anyone_dropping_stat_130_trying_to_swap_out_of/,https://www.reddit.com/r/uichicago/comments/1w0cqkj/anyone_dropping_stat_130_trying_to_swap_out_of/,[],,Question
1w0cgsb,2026-08-28 01:12:27,Intrepid-Drag9074,uichicago,Is there any pick up soccer in the rec center or around uic?,"
If not, is anybody down ",,Submission,7,0.8,https://www.reddit.com/r/uichicago/comments/1w0cgsb/is_there_any_pick_up_soccer_in_the_rec_center_or/,https://www.reddit.com/r/uichicago/comments/1w0cgsb/is_there_any_pick_up_soccer_in_the_rec_center_or/,[],,Question
1w0c04b,2026-08-28 00:51:47,Relevant_Tear_3333,uichicago,KN 230 and 232,has anyone already taken KN 230 and 232? I was wondering how tf to balance the work load. am I crazy or it's just a lot that we are expected to learn on our own. Im just looking for advice or maybe if someone knows the best way to study for this class?,,Submission,5,0.78,https://www.reddit.com/r/uichicago/comments/1w0c04b/kn_230_and_232/,https://www.reddit.com/r/uichicago/comments/1w0c04b/kn_230_and_232/,[],,Question
1w087tz,2026-08-27 22:11:28,Relative-Paint-3239,uichicago,Question Regarding Federal Loans,"Has any financial aid recipient had the problem of their grants being disbursed but not their federal loan? I've already reached out to Financial Aid and the Bursar's Office directly but am still awaiting a response, so any insight would be helpful to know if this has something to do with the Big Beautiful Bill or something else.",,Submission,1,0.6,https://www.reddit.com/r/uichicago/comments/1w087tz/question_regarding_federal_loans/,https://www.reddit.com/r/uichicago/comments/1w087tz/question_regarding_federal_loans/,[],,Question
1w07g4u,2026-08-27 21:41:32,Anon_uicstudent,uichicago,Easy classes to take for hours,"Hello! I am a senior and I need a couple of random classes to take just to fill in some hours to graduate. 

I completed my major and minor, so what are some easy classes to just get over with? 

(I’m just tryna graduate 🫩🙏🏼🙏🏼) ",,Submission,8,0.75,https://www.reddit.com/r/uichicago/comments/1w07g4u/easy_classes_to_take_for_hours/,https://www.reddit.com/r/uichicago/comments/1w07g4u/easy_classes_to_take_for_hours/,[],,Question
1w075b9,2026-08-27 21:30:09,Boosterman33,uichicago,Anyone currently taking CS415?,"If anyone here is currently taking cs415, could you please share what the grading breakdown looks like, if there's a group project, how many midterms, about the final etc. Also how are you liking the class, and difficulty wise. Thanks!",,Submission,0,0.5,https://www.reddit.com/r/uichicago/comments/1w075b9/anyone_currently_taking_cs415/,https://www.reddit.com/r/uichicago/comments/1w075b9/anyone_currently_taking_cs415/,[],,Question
1w067nz,2026-08-27 20:54:44,Soggy_Telephone_7447,uichicago,Somewhat normal anime fans?,"I'm a transfer junior looking to make friends w similar interests.. I'm into anime/manga/vidya etc. Female CS major (😬). Idk if UIC has many clubs for these specific interests but most ""anime"" adjacent clubs are awful, so looking for people outside of those 👍

Also not rlly into hololive but looking to get into it so hololive fans r good too..",,Submission,18,0.81,https://www.reddit.com/r/uichicago/comments/1w067nz/somewhat_normal_anime_fans/,https://www.reddit.com/r/uichicago/comments/1w067nz/somewhat_normal_anime_fans/,[],,Question
1w04cgh,2026-08-27 19:47:18,Chi-Guy--,uichicago,Student Sports Manager,Was wondering if anyone knows how to become a student manager for sports. I am looking for work since I currently have no money and want to make some. I figured that helping out some of the teams isn't a bad job and i really enjoy sports.,,Submission,0,0.5,https://www.reddit.com/r/uichicago/comments/1w04cgh/student_sports_manager/,https://www.reddit.com/r/uichicago/comments/1w04cgh/student_sports_manager/,[],,
1w04azt,2026-08-27 19:45:52,freshmemesoof,uichicago,WTF did yall see this,,,Submission,275,0.96,https://i.redd.it/n81tnoth1zlh1.png,https://www.reddit.com/r/uichicago/comments/1w04azt/wtf_did_yall_see_this/,"[""https://preview.redd.it/n81tnoth1zlh1.png?auto=webp&s=dd1f0b5c40ad50054e19ab706e6e7d6e15207ae4"", ""https://i.redd.it/n81tnoth1zlh1.png""]",,Discussion
1w027ga,2026-08-27 18:30:22,Capable_Meeting_8353,uichicago,CL 201 or BHIS 406,I need to take a medical terminology class but in between taking one of these. I know CL 201 is in person and BHIS 406 is online with deadlines. Anyone who has took any of these can you guys let me know how the workload was and if they’re very similar courses? ,,Submission,0,0.33,https://www.reddit.com/r/uichicago/comments/1w027ga/cl_201_or_bhis_406/,https://www.reddit.com/r/uichicago/comments/1w027ga/cl_201_or_bhis_406/,[],,
1w0257e,2026-08-27 18:28:00,Subject-Clue6809,uichicago,4th day of uic experience,"\\>wake up 6am

\\>Eyes can't open for shi

\\>Crawling out of bed cuz sickness

\\>Arrive early for 8:30 am class

\\> Homework is due same day

\\> Make it for your next 10am class

\\> Feel like taking a shi

\\>Goes to use restroom

\\>Gets flashbanged by whatever TF is in the toilet

\\> Walks 10 minutes to nearest restroom 

\\> Gets flashbanged again from toilet

\\> Misses 20 minutes of lecture

\\> Throws up 

\\>  Gets flashbanged again

\\>12pm class is soon

\\>Felt sleepy asf

\\>(Lemme close my eyes for 5 minutes)

\\>1:30 I wake up (misses entire lecture)

\\> Go back home

\\> dies

\\>Next day

\\>Repeat",,Submission,149,0.95,https://i.redd.it/9jssynhknylh1.jpeg,https://www.reddit.com/r/uichicago/comments/1w0257e/4th_day_of_uic_experience/,"[""https://preview.redd.it/9jssynhknylh1.jpeg?auto=webp&s=d7a39c7bf98582d76f66b04f5c19b3ee32ca4840"", ""https://i.redd.it/9jssynhknylh1.jpeg""]",,Meme
1vzyt17,2026-08-27 16:28:03,Ill_Respect571,uichicago,Be aware of scammers lurking around campus!,"I’m not sure if this is a pyramid scheme, but I wanted to share something I’ve noticed happening around campus so everyone can be aware.

There are people approaching students and asking about a “mentorship.” They’ll usually start with a compliment or a question about your appearance, then ask what year you are in school. At first it will feel like a completely normal, friendly conversation with another student that wants to make friends.

Then they’ll mention that they’ve already graduated and talk about how much they dislike their current job. From there, they’ll bring up an e-commerce business they started to help pay their bills and make extra money, and eventually ask to connect for a coffee chat or mentorship opportunity.

The first person approached me in the quad and it felt a little eerie at first but still a friendly conversation and we exchanged information for a coffee chat. It wasn’t until the second person that was walking her two dogs gave me the exact same spiel the next day did I realize my intuition was right. I don’t know what’s going on but please be aware. ",,Submission,124,0.98,https://www.reddit.com/r/uichicago/comments/1vzyt17/be_aware_of_scammers_lurking_around_campus/,https://www.reddit.com/r/uichicago/comments/1vzyt17/be_aware_of_scammers_lurking_around_campus/,[],,Discussion
1vzxgia,2026-08-27 15:38:39,Old_Physics2985,uichicago,Way to build up your resume?,"hi guys, I'm a sophomore in Finance, currently suffering when seeing most of my friends start participate in so many business-related club. Does anyone has any advice what club or org should I apply to get develop my career in business or add something useful to my resume? I'm so lost and fomo now. I know that I need to do something but I don't know where to start, hope to hear your response. For those who can get internship when you'r sophomore or junior. Can you give me some tips and how do you gets that? tyvm",,Submission,6,0.77,https://www.reddit.com/r/uichicago/comments/1vzxgia/way_to_build_up_your_resume/,https://www.reddit.com/r/uichicago/comments/1vzxgia/way_to_build_up_your_resume/,[],,Question
1vzofjg,2026-08-27 08:48:31,Ok-Falcon-878,uichicago,Looking to buy Aula en accion 1 Textbook,Is anyone selling their **Aula en Accion 1 textbook?**,,Submission,1,0.6,https://www.reddit.com/r/uichicago/comments/1vzofjg/looking_to_buy_aula_en_accion_1_textbook/,https://www.reddit.com/r/uichicago/comments/1vzofjg/looking_to_buy_aula_en_accion_1_textbook/,[],,
1vzkpam,2026-08-27 05:11:32,diablabonita,uichicago,Conversaciones Escritas 3E by Kim Potowski,Hi! I’m taking Span 113 this year and wondering if anyone has this textbook available for purchase or know where the official book “exchange” place would be to go? TIA! ,,Submission,0,0.5,https://www.reddit.com/r/uichicago/comments/1vzkpam/conversaciones_escritas_3e_by_kim_potowski/,https://www.reddit.com/r/uichicago/comments/1vzkpam/conversaciones_escritas_3e_by_kim_potowski/,[],,
1vzkb4k,2026-08-27 04:50:00,Constant_Sky6345,uichicago,STAT 381 - how many points is the final exam?,Honestly I don't feel like attending class,,Submission,0,0.23,https://www.reddit.com/r/uichicago/comments/1vzkb4k/stat_381_how_many_points_is_the_final_exam/,https://www.reddit.com/r/uichicago/comments/1vzkb4k/stat_381_how_many_points_is_the_final_exam/,[],,Question
1vzigtk,2026-08-27 03:16:00,gisvision,uichicago,Chem Lab Swap: Thursday 11 AM for 2 PM,"Hi, is anyone willing to trade chem 12t lab. I have lab at 11am Thursdays and I am looking for a 2pm on Thursdays instead. Dm me, thanks!",,Submission,0,0.25,https://www.reddit.com/r/uichicago/comments/1vzigtk/chem_lab_swap_thursday_11_am_for_2_pm/,https://www.reddit.com/r/uichicago/comments/1vzigtk/chem_lab_swap_thursday_11_am_for_2_pm/,[],,
1vzg9em,2026-08-27 01:35:21,VvVoiDzZz,uichicago,Transfer student help,Where do I go to get a parking registration and the Union Train Station I-card pass?,,Submission,0,0.5,https://www.reddit.com/r/uichicago/comments/1vzg9em/transfer_student_help/,https://www.reddit.com/r/uichicago/comments/1vzg9em/transfer_student_help/,[],,Question
1vzegs0,2026-08-27 00:15:29,Vivid-Schedule-4344,uichicago,UIC balance for fall semester,Does anybody else have an expensive balance who lives on campus ? ,,Submission,3,0.63,https://www.reddit.com/r/uichicago/comments/1vzegs0/uic_balance_for_fall_semester/,https://www.reddit.com/r/uichicago/comments/1vzegs0/uic_balance_for_fall_semester/,[],,
1vzd92o,2026-08-26 23:23:22,FlanFar5123,uichicago,UIC in the news for something productive: studying our city's TIF program.,And here's a direct link to the study: [https://greatcities.uic.edu/news-stories/chicagos-tax-increment-financing-who-paid-who-gained/](https://greatcities.uic.edu/news-stories/chicagos-tax-increment-financing-who-paid-who-gained/),,Submission,28,1.0,https://chicago.suntimes.com/the-watchdogs/2026/08/26/tif-tax-increment-financing-property-taxes-chicago-uic-great-cities-insitute,https://www.reddit.com/r/uichicago/comments/1vzd92o/uic_in_the_news_for_something_productive_studying/,"[""https://external-preview.redd.it/dztQEGVHmGZrV4sws1v_9dgEXpX3SrVJlIEJMDPN3wc.jpeg?auto=webp&s=5bc5de955b80af317d4f545d2f44558786524d41""]",,News
1vzcuho,2026-08-26 23:06:06,satukiyz,uichicago,anyone seen a lost wallet?,"my friend doesn’t have reddit so she asked me to pass this along :) 

hi all!   
i lost my wallet today walking back from class. i had classes in lincoln hall, bsb and was also at the library and ses !! PLEEEASEEE let me know if you saw/found it & \\*send me a dm on instagram!!!!! tysm

\\*send me a reddit pm so i can send her @ so this post doesn’t get taken down 🙂‍↕️ ",,Submission,2,0.75,https://www.reddit.com/gallery/1vzcuho,https://www.reddit.com/r/uichicago/comments/1vzcuho/anyone_seen_a_lost_wallet/,"[""https://preview.redd.it/gl3avxwcwslh1.jpg?width=1179&format=pjpg&auto=webp&s=eecdf834c5798a2387b1f6d47cbc857990a465a1"", ""https://preview.redd.it/96qtqwwcwslh1.jpg?width=1178&format=pjpg&auto=webp&s=6b8df3e0dd9c45ca14e19c705dff92e582f81236""]",,Question
1vzcj4p,2026-08-26 22:53:02,Admirable-Duck-2313,uichicago,Looking for gym buddy,"hey everyone

I wanna start going to the gym more consistently, but I'm an absolute beginner so I have no idea what I'm doing lol

would be amazing if someone could teach me the ropes. also always down to meet new people and make new friends

feel free to dm me if you're interested.",,Submission,10,0.86,https://www.reddit.com/r/uichicago/comments/1vzcj4p/looking_for_gym_buddy/,https://www.reddit.com/r/uichicago/comments/1vzcj4p/looking_for_gym_buddy/,[],,
1vzc1uc,2026-08-26 22:33:13,HAPPYLAB318,uichicago,Welcome back Students!,"Hi Students, welcome back! If you're looking for something fun to do, check out the many ways to get involved in ongoing research studies here at UIC. At the UIC Happy Lab, we're currently recruiting female participants for a study looking at how hormones influence motivation for reward and experiences of reward. For more info, visit our website at [happylabresearch.com/dash-study](http://happylabresearch.com/dash-study) You can contact us via our website or at [uichappylab@gmail.com](mailto:uichappylab@gmail.com) with any questions. 

https://preview.redd.it/vq9vugg8qslh1.jpg?width=1080&format=pjpg&auto=webp&s=bd704d2b00d1b3a06b99af8fffa28818baf16458

",,Submission,10,0.87,https://www.reddit.com/r/uichicago/comments/1vzc1uc/welcome_back_students/,https://www.reddit.com/r/uichicago/comments/1vzc1uc/welcome_back_students/,[],,
1vz9i3p,2026-08-26 20:54:42,emsifys,uichicago,while ppl are talking about being sick,Please wash your hands after blowing your nose 🙏🙏🙏 carry hand sanitizer with you but germs travel so far and spread so fast when you dont wash u hands!!,,Submission,35,0.93,https://www.reddit.com/r/uichicago/comments/1vz9i3p/while_ppl_are_talking_about_being_sick/,https://www.reddit.com/r/uichicago/comments/1vz9i3p/while_ppl_are_talking_about_being_sick/,[],,
1vz8yl0,2026-08-26 20:34:04,TortoiseGamer_YT,uichicago,Name of the WMSCOG Club on Campus,"Does anyone know the name of the WMSCOG (World Mission Society Church of God) club that is on campus, if there is any? 

They are the people that ask you to do a Bible study with them specifically to teach you about the ""True Sabbath,"" why Passover is necessary for salvation, God the Mother​, and a bunch of other slop. ​​​​

I transferred from Harper College of which there were a few of these cult evangelists and have been trying to learn more about them since, so if you have any information please let me know. ​​

  
Thanks!",,Submission,7,0.9,https://www.reddit.com/r/uichicago/comments/1vz8yl0/name_of_the_wmscog_club_on_campus/,https://www.reddit.com/r/uichicago/comments/1vz8yl0/name_of_the_wmscog_club_on_campus/,[],,Question
1vz8guo,2026-08-26 20:16:23,Travaldavas_Taz,uichicago,For the newcomers in CS and engineering,"So, I just want to welcome you guys and give you some hints and tricks to actually stay current with the classes and how to get the best and learn the best as you can without feeling lost. 

When you guys take the first classes, be ready to know the basics of the language, my first classes were in Java, I switched a bit and learned Python, I had a friend who is an engineer and they started with C++, so it does vary depending on the major.. 

If at some point it feels overwhelming and feel like the class is going super fast or don't even know what is happening, don't give up and continue coding, anything, even if its the most minimal thing, do not rely a lot on AI for your first classes, trust me, it's better to learn and know how to read code than just to prompt your way out of the whole program. 

I think most of you guys know leetcode and some other websites to practice algorithms and sql, etc.. but I actually found some other websites that personally helped me through learning to read code and debugging among the other things for my classes.. it's called getpacked.ai 

I honestly didn't rely on books a lot, although I remembered that the first courses were required, but honestly my tip for you guys would be to learn the definitions of what is a syntax, function, the OOP, etc and then just start coding, practice and learn.. I also got to learn a lot about how to read code from getpacked, it has some sections that are pretty cool tbh... 

Anyways, hope I got to help ease the mind to some of you guys ",,Submission,0,0.25,https://www.reddit.com/r/uichicago/comments/1vz8guo/for_the_newcomers_in_cs_and_engineering/,https://www.reddit.com/r/uichicago/comments/1vz8guo/for_the_newcomers_in_cs_and_engineering/,[],,Discussion
1vz7yyj,2026-08-26 19:58:36,CRWCDM,uichicago,NASA Space Apps Challenge Chicago,"Hi everyone, I'm one of the volunteers in charge of the NASA Space Apps Chicago hackathon and and want to make sure you're aware of our sign up today. Info below and a couple quick notes.  The event is free and we take sign ups on a first-come-first-serve:



* Our host, 1871, has room for 300 people.  If you want to be at the hackathon please sign up for the in-person option even if there is a large waitlist.  Given the rate of no-shows and cancellations, we expect to offer spots to several hundred people from the waiting list.  We may explore some overflow space nearby if demand warrants it.
* There is a new theme and the hackathon has moved within NASA to Citizen Science. This year’s challenges may be used to get the next man or woman to the moon and beyond.  
* We know that the job market is difficult this year, and we're doing our best to make sure that this is a great opportunity to network.  So far we have Microsoft,, CBOE Global Markets, and Optiver as sponsors and are actively working to bring in a couple other companies that are hiring.
* We’ll have a cash prize

**NASA Space Apps Challenge Chicago in Partnership with CIERA-Northwestern and 1871**

**Date:** November 14-15, 2026  
**Where:** 111 North Canal Street, hosted by [1871](https://1871.com/), Chicago’s largest innovation hub. We will be open overnight.  
**Cost:** Free

**What is it exactly:**

* NASA Space Apps is the world's largest hackathon, occurring in 500+ locations.  This is a unique opportunity to showcase your expertise in the exciting domain of space science, learn from faculty at our host institution, CIERA ([https://ciera.northwestern.edu/](https://ciera.northwestern.edu/)), and connect with like-minded students and professionals who share your passion.
* Come with a team or we'll help you form one there. You'll work for two days on a problem provided by NASA and present your solution in front of a panel of judges on November 15th.
* This year’s theme is The Next Frontier.  Join us to develop tools that benefit humanity and contribute to the science and technology propelling us to the Moon, Mars, and beyond.

**Who is it for:**

* Anyone with an interest in space and science. With support from experienced technical and subject matter experts, it’s a great opportunity for those participating in a hackathon for the first time.
* Data and Computer Science students, engineers, or any students who are looking for a chance to solve real world problems with real world data provided by NASA and partner space agencies
* Students who are looking for a chance to add something interesting to their portfolios and do something different and exciting

**What else is in it for students:**

* Take home some cool swag!
* Food will be provided — no need to bring your own
* Network with professionals from companies like **Optiver, CBOE Global Markets, Microsoft,** **Google,** and more. They'll be recruiting, judging, and mentoring at the event. 
* This global competition is your opportunity to showcase your skills and ideas to a wide-reaching, influential audience. 
* **Registration link :** [https://www.spaceappschallenge.org/2026/local-events/chicago/](https://www.spaceappschallenge.org/2026/local-events/chicago/)",,Submission,1,0.67,https://www.reddit.com/r/uichicago/comments/1vz7yyj/nasa_space_apps_challenge_chicago/,https://www.reddit.com/r/uichicago/comments/1vz7yyj/nasa_space_apps_challenge_chicago/,[],,
1vz5lyl,2026-08-26 18:36:00,Sea-Possession-8881,uichicago,Cant connect to wifi - it loads and prompts me to enter again,Got a new laptop - im a senior - and it can't connect to the wifi for its life? My user and password are correct it briefly loads and then prompts me to enter my information again. Am I able to go to a tech center or who do I contact about this? Would also appreciate any possible fixes others might have c: thanks!,,Submission,7,0.89,https://www.reddit.com/r/uichicago/comments/1vz5lyl/cant_connect_to_wifi_it_loads_and_prompts_me_to/,https://www.reddit.com/r/uichicago/comments/1vz5lyl/cant_connect_to_wifi_it_loads_and_prompts_me_to/,[],,
1vz5e2r,2026-08-26 18:28:37,peacefuldink,uichicago,Anyone that has a meal plan,That doesn’t use all their meals and has extra left over. Willing to pay if you can let me in with the extras to the dining hall. Dm if interested. ,,Submission,5,0.86,https://www.reddit.com/r/uichicago/comments/1vz5e2r/anyone_that_has_a_meal_plan/,https://www.reddit.com/r/uichicago/comments/1vz5e2r/anyone_that_has_a_meal_plan/,[],,Other
1vz4oqa,2026-08-26 18:04:00,blobaglob,uichicago,Is there any good tasting water on campus,All the water fountains I've found so far taste nasty,,Submission,2,0.57,https://www.reddit.com/r/uichicago/comments/1vz4oqa/is_there_any_good_tasting_water_on_campus/,https://www.reddit.com/r/uichicago/comments/1vz4oqa/is_there_any_good_tasting_water_on_campus/,[],,
1vz4mbv,2026-08-26 18:01:44,immatrythisnamethen,uichicago,Wifi at the library,"Im wondering if everyone have the same problem with the wifi at the library, the 4th floor in particular. I haven’t been able to use the wifi with my laptop since the first day back. Every time i try to connect, it asks for my credentials, i type it out then it asks for it again. Ts doing my head in.",,Submission,1,0.6,https://www.reddit.com/r/uichicago/comments/1vz4mbv/wifi_at_the_library/,https://www.reddit.com/r/uichicago/comments/1vz4mbv/wifi_at_the_library/,[],,
1vz43k3,2026-08-26 17:43:30,littlefudgecake,uichicago,Subletting Apt South Loop,"URGENT - I'm currently subletting one of the bedrooms in a 2BD 1BA apartment in the south loop! It has in unit washer, dryer, dishwasher. There’s a gym, common areas to study, and pretty rooftop view with seating, fireplace, and grills. The cost is 1,399 per month per person including all utilities except electricity which is $35-$45 per month. There's no roommate there yet, so the apartment is vacant at the moment!

I go to school nearby and got offered student housing the same day I signed the lease unfortunately and don’t wanna pay both… lmk if anyone is interested 🥲",,Submission,0,0.5,https://www.reddit.com/r/uichicago/comments/1vz43k3/subletting_apt_south_loop/,https://www.reddit.com/r/uichicago/comments/1vz43k3/subletting_apt_south_loop/,[],,Other
1vz1f1r,2026-08-26 16:08:36,BeechBlue,uichicago,Transportation from SSR to East campus,"I'm trying to figure out the best way to get transportation from the west campus (SSR) to the east campus. These first few days I tried the intercampus bus/semester express, which are fine in the morning but aren't really reliable in the afternoon/evening. 

I'm looking into the CTA but all the information I've found is kinda overwhelming, I come from the suburbs so I have little experience with public transport seeing as I mostly drive myself places.

If anyone has advice for someone new to city/unfamiliar with the bus system I would greatly appreciate it. Thanks!",,Submission,0,0.5,https://www.reddit.com/r/uichicago/comments/1vz1f1r/transportation_from_ssr_to_east_campus/,https://www.reddit.com/r/uichicago/comments/1vz1f1r/transportation_from_ssr_to_east_campus/,[],,Question
1vz02iu,2026-08-26 15:20:24,PressureSame9666,uichicago,Aula en acción,,,Submission,0,0.5,,https://www.reddit.com/r/uichicago/comments/1vz02iu/aula_en_acción/,[],,
1vz023p,2026-08-26 15:20:01,PressureSame9666,uichicago,Aula en acción,"Hello! I am willing to buy Aula en acción for my Spanish 101! because I do not want to pay $131 for a book. Some writings or drawings are fine. I don't really care as long as I am paying less. 

Publisher: Klett Languages

ISBN:  9788418907579",,Submission,0,0.5,https://www.reddit.com/r/uichicago/comments/1vz023p/aula_en_acción/,https://www.reddit.com/r/uichicago/comments/1vz023p/aula_en_acción/,[],,
1vyyyrz,2026-08-26 14:39:40,pepperonipizzarocks,uichicago,"PSA: If you’re sick, wear a mask or at least cover your mouth when you’re coughing/sneezing","No one else wants to catch your cold/flu germs

Note: sorry if the PSA is unnecessary but I kept hearing people coughing loudly around campus yesterday ",,Submission,67,0.9,https://www.reddit.com/r/uichicago/comments/1vyyyrz/psa_if_youre_sick_wear_a_mask_or_at_least_cover/,https://www.reddit.com/r/uichicago/comments/1vyyyrz/psa_if_youre_sick_wear_a_mask_or_at_least_cover/,[],,Discussion
1vyuccx,2026-08-26 11:25:47,omfggabriel,uichicago,Anybody else sick asf after the first day?,I feel like crap with a bad cough and congestion. I’m a commuter. Highly considering not going but its my second day of class. Should I suck it up or stay home? Anybody else catch something after Monday?,,Submission,27,0.97,https://www.reddit.com/r/uichicago/comments/1vyuccx/anybody_else_sick_asf_after_the_first_day/,https://www.reddit.com/r/uichicago/comments/1vyuccx/anybody_else_sick_asf_after_the_first_day/,[],,Discussion
1vymqs5,2026-08-26 04:25:03,Adventurous_Bed3572,uichicago,UIC Sublet from 8/27 - 9/1 !!,"Hi everyone!

I'm subletting my fully FURNISHED room in The Letterman (by ARC) from August 27 - September 1. It's a 3 bedrooms, 2 bathrooms apartment in a luxury building. CTA subway station right outside the building. Only 5 minutes away from UIC!

APARTMENT & ROOM

\\- Rent: $55/day or $330 for the entire stay.

\\- Dates: 8/27 - 9/1

\\- Furniture: Full size bed with pillows, blankets, and mattress, nightstand, dresser, closet, shoe rack.

\\- Apartment size: 3 bedrooms, 2 bathrooms. Share bathroom with only 1 person.

REQUIREMENTS:  
\\- Move-in fees: $330 + $300 deposit (refundable upon move-out on 9/1)

Please reply if interested, looking to close quickly!",,Submission,0,0.2,https://www.reddit.com/r/uichicago/comments/1vymqs5/uic_sublet_from_827_91/,https://www.reddit.com/r/uichicago/comments/1vymqs5/uic_sublet_from_827_91/,[],,Offer
1vym9py,2026-08-26 04:01:58,No_Definition3974,uichicago,chem 232 question about videos,for this class should i actually watch the videos uploaded by mohr/wardrop or watch chads prep/ organic chem tutor videos instead ? the videos take up a lot of time and so far not finding them super helpful but do they actually help out for the exams ?,,Submission,1,0.66,https://www.reddit.com/r/uichicago/comments/1vym9py/chem_232_question_about_videos/,https://www.reddit.com/r/uichicago/comments/1vym9py/chem_232_question_about_videos/,[],,Question
1vykoyq,2026-08-26 02:48:30,Hairy_Tip_4884,uichicago,Lockers Or Places to Put My Bag,"Im going to a concert, and im not trying to commute back home. Is there any lockers or places i could put my bag and get later? I probably wouldnt be able to pick my stuff up until 11pm so im not sure what buildings are open that late.",,Submission,7,0.99,https://www.reddit.com/r/uichicago/comments/1vykoyq/lockers_or_places_to_put_my_bag/,https://www.reddit.com/r/uichicago/comments/1vykoyq/lockers_or_places_to_put_my_bag/,[],,
1vyjkgg,2026-08-26 01:58:05,NoCandidate9719,uichicago,Freshman uic major change,"Hey everyone, I'm a freshman at UIC and we are only a few days into the fall semester. Honestly, I'm feeling really overwhelmed and confused about my future.  
Right now, I am registered as Undecided LAS, but I think I want to switch to Integrated Health Studies (IHS). I'm leaning toward dentistry, pharmacy, or maybe nursing, but I'm really scared of messing up my current schedule or dropping below my full-time credits  
My assigned advisor is Neil Baer, and I'm planning to do his online drop-in advising tomorrow morning. How do I go about it? Do I change my classes myself on the registration or wait for him? I’m just really stressed college is very stressful so far and I’m scared for my future lol",,Submission,4,0.85,https://www.reddit.com/r/uichicago/comments/1vyjkgg/freshman_uic_major_change/,https://www.reddit.com/r/uichicago/comments/1vyjkgg/freshman_uic_major_change/,[],,
1vyikpa,2026-08-26 01:13:12,Vangarol,uichicago,ACTG 211 with Kai Nguyen?,"Got a conflict in schedule and I might have to switch to another section of ACTG 211...the only slot open is with Kai Nguyen on M/W at 9:30 but I can't find him on RMP. I saw him on 210 class schedule last semester but ended up taking it with Eva Lord. Did anyone know how he is/how his class is? Just worried since my friends told me 211 is somewhat challenging, and I don't wanna fumble the bag",,Submission,2,0.75,https://www.reddit.com/r/uichicago/comments/1vyikpa/actg_211_with_kai_nguyen/,https://www.reddit.com/r/uichicago/comments/1vyikpa/actg_211_with_kai_nguyen/,[],,Question
1vygtgr,2026-08-25 23:56:37,ElFrostbyte,uichicago,Furry Student Union @ UIC RSO Discord!,"# Hello, I hope y'all have been well! Reposting this as I had to change the photos

The furry club is back at UIC, and we're now a full-on RSO group as

# Furry Student Union @ UIC !!!!

We're a group of UIC students that are fans of anthropomorphic animal characters or furries! Whether you are already a furry or just curious of what they are/about the community, we'd be glad to have you! We hang around and chat about campus life, furry media/art along with our own hobbies and interests!

Meetups occur weekly and they range from bowling at the SCE, gamenights\\* (Boardgames, Jackbox\\*) along with group outings with plans to go to the cherry blossom garden, Pokemon exhibit and mini-golfing later on! Occasionally, we have convention meetups as well (Most recently \\*\\*\\*MFF\\*\\*\\*). We've grown quite a bit over the year as there's more of us out here!

# You may find our group of UIC Connection at https://uic.campusgroups.com/fsuuic/club_signup

And our discord server, where we first started chatting and sharing our interests and advice! We'll be looking into organizing meetups soon and vote on such events at the link here! https://discord.gg/w2Ty3fcYE

# Join us to chill, ask questions and make new friends as this is all done in our Discord server!

For the moment,you may personally message me for any questions but have a lovely day y'all! Have a great first week of the semester!",,Submission,54,0.74,https://www.reddit.com/gallery/1vygtgr,https://www.reddit.com/r/uichicago/comments/1vygtgr/furry_student_union_uic_rso_discord/,"[""https://preview.redd.it/c98knjcg0mlh1.jpg?width=4080&format=pjpg&auto=webp&s=c5de1724006a98622e119c0f38f7b6cd156f27c8"", ""https://preview.redd.it/08bswlgg0mlh1.jpg?width=4096&format=pjpg&auto=webp&s=d81edbfa1c74158cb3afbbb13ce7138b43271665"", ""https://preview.redd.it/qrs6s4yf0mlh1.jpg?width=6041&format=pjpg&auto=webp&s=20a13122bbb88fd147521495586e99fc96826573"", ""https://preview.redd.it/c14e0mqg0mlh1.jpg?width=4000&format=pjpg&auto=webp&s=0d7de1e2ce44e348475cd13463d350e684c9e1af""]",,Image
1vygqdw,2026-08-25 23:52:55,Bings_R_us,uichicago,Full Crowd For The First Day,,,Submission,569,0.99,https://i.redd.it/23by9dyszllh1.jpeg,https://www.reddit.com/r/uichicago/comments/1vygqdw/full_crowd_for_the_first_day/,"[""https://preview.redd.it/23by9dyszllh1.jpeg?auto=webp&s=7e815abd97f4e995057bd18b428fa05a9f288670"", ""https://i.redd.it/23by9dyszllh1.jpeg""]",,Image
1vygp0u,2026-08-25 23:51:19,CompanyCommon9318,uichicago,"Senior year, w/o internship so far…how bad is it?","Title pretty much says it. I’m a mechanical engineering major and transferred from a community college. The timeline for my college education has been wonky because of my time in the military.   
I’ve worked on campus since I started here but wasn’t able to secure a single internship either summer. Thoughts? ",,Submission,15,0.89,https://www.reddit.com/r/uichicago/comments/1vygp0u/senior_year_wo_internship_so_farhow_bad_is_it/,https://www.reddit.com/r/uichicago/comments/1vygp0u/senior_year_wo_internship_so_farhow_bad_is_it/,[],,Discussion
1vygivk,2026-08-25 23:44:10,Academic-Type-7237,uichicago,MUS 100 Proctorio,"Hello, does any1 know the proctorio settings prof. andrew lewis uses? thanks.",,Submission,2,0.75,https://www.reddit.com/r/uichicago/comments/1vygivk/mus_100_proctorio/,https://www.reddit.com/r/uichicago/comments/1vygivk/mus_100_proctorio/,[],,
1vyggz3,2026-08-25 23:41:58,jojome02,uichicago,Looking for a Roommate!,"Hi! I’m a grad student at UIC and have a found a few 2/3 br apartments near the Little Italy/East Campus area. I’m looking for a roommate to sign the lease with—hopefully someone kind, clean, and responsible. If you’re interested, please send me a DM and I’ll give you more details. Thanks!",,Submission,3,0.8,https://www.reddit.com/r/uichicago/comments/1vyggz3/looking_for_a_roommate/,https://www.reddit.com/r/uichicago/comments/1vyggz3/looking_for_a_roommate/,[],,
1vygfuc,2026-08-25 23:40:33,Odd-Dragonfly5317,uichicago,Where can I post this?,Offering payment on if someone can drop a class (CME 315 10AM Lab). 🤲,,Submission,0,0.17,https://www.reddit.com/r/uichicago/comments/1vygfuc/where_can_i_post_this/,https://www.reddit.com/r/uichicago/comments/1vygfuc/where_can_i_post_this/,[],,Discussion
1vyg3jo,2026-08-25 23:26:09,ResponsibleAd3877,uichicago,Is aspire grant something I can never get?,I didn’t qualify for aspire because apparently I did the Fafsa too late by 3 days :/ and i have the lowest index. I wanted to know if I can qualify for it now for next year since I messed up doing my fafsa late. Or am I just forever cooked ,,Submission,8,0.87,https://www.reddit.com/r/uichicago/comments/1vyg3jo/is_aspire_grant_something_i_can_never_get/,https://www.reddit.com/r/uichicago/comments/1vyg3jo/is_aspire_grant_something_i_can_never_get/,[],,Question
1vyeius,2026-08-25 22:21:00,Jazzlike-Virus6790,uichicago,Ece 346 (dm me),"If you are taking this ECE 346 with a lab time that isnt friday 8am and are planning on dropping it. Please let me know, ill buy you food ",,Submission,3,0.8,https://www.reddit.com/r/uichicago/comments/1vyeius/ece_346_dm_me/,https://www.reddit.com/r/uichicago/comments/1vyeius/ece_346_dm_me/,[],,
1vybbgk,2026-08-25 20:21:16,vktp_,uichicago,Declining financial aid / loans,"1. Has anyone declined their financial aid notification and was offered more ? If so, how did you do it?

2. If you've accepted a student loan how is the repayment process ?",,Submission,7,0.99,https://www.reddit.com/r/uichicago/comments/1vybbgk/declining_financial_aid_loans/,https://www.reddit.com/r/uichicago/comments/1vybbgk/declining_financial_aid_loans/,[],,Question
1vy91i9,2026-08-25 19:01:18,ConcertObjective5136,uichicago,Where my older UIC people at,"Hi, I’m a transfer student at UIC and I’m 24 years old. I took a break during covid and I finally am trying to finish my bachelors, but after yesterday I lost my spirits a little bit because everyone seemed really young and I felt like a fraud lol. I know I shouldn’t care about my age nor be around people that care but I was so different when I was 18 vs 25. I was wondering if there’s a club where I can meet people around my age??",,Submission,63,0.96,https://www.reddit.com/r/uichicago/comments/1vy91i9/where_my_older_uic_people_at/,https://www.reddit.com/r/uichicago/comments/1vy91i9/where_my_older_uic_people_at/,[],,
1vy8xlx,2026-08-25 18:57:38,bowieshouse,uichicago,hotspots going crazy today,,,Submission,69,0.95,https://v.redd.it/mlfrt5f3jklh1,https://www.reddit.com/r/uichicago/comments/1vy8xlx/hotspots_going_crazy_today/,"[""https://external-preview.redd.it/MmpuczZiYzNqa2xoMT7gl-swmmUy1OaI0NCCkpHP5UPTZvKGxxT5QimI4ihJ.jpeg?format=pjpg&auto=webp&s=eca9d80def317c469a707364e1846c01b1d15db7""]",,
1vy7ums,2026-08-25 18:19:25,flick12349,uichicago,Wi-Fi outage on campus,Are any of you guys also experiencing wifi issues right now? None of my devices want to connect and it’s soooooooooooooooooooooooooooooo annoying…,,Submission,27,0.88,https://www.reddit.com/r/uichicago/comments/1vy7ums/wifi_outage_on_campus/,https://www.reddit.com/r/uichicago/comments/1vy7ums/wifi_outage_on_campus/,[],,Question
1vy4hsa,2026-08-25 16:20:59,ivory-kitten-1209,uichicago,Female roommate needed,"Hi guys! I’m looking for a female roommate who’s willing to share a room! 

**Rent:** Around $600/month

**Utilities:** Only split gas and electricity

**Location:** Just a 5-minute walkable distance to UIC!

**Who we're looking for:** A friendly, clean, and respectful female roommate.

Dm me for more details!",,Submission,3,0.8,https://www.reddit.com/r/uichicago/comments/1vy4hsa/female_roommate_needed/,https://www.reddit.com/r/uichicago/comments/1vy4hsa/female_roommate_needed/,[],,
1vy4ftc,2026-08-25 16:18:59,Far_Assignment_4658,uichicago,Advising is the worst part of this school,"I forgot to submit my advising form until last tuesday which is completely my fault, but I sent my advisor an email asking if there was anything else I should do only to get no response for 4 days so I sent a follow up email saying that I wasn't sure if she saw my first email. I got a response yesterday crashing out on me calling me irresponsible or whatever and then only lifting the hold for a day. I got all my classes but now I can't adjust anything since the hold is back.  ",,Submission,49,0.92,https://www.reddit.com/r/uichicago/comments/1vy4ftc/advising_is_the_worst_part_of_this_school/,https://www.reddit.com/r/uichicago/comments/1vy4ftc/advising_is_the_worst_part_of_this_school/,[],,
1vy49lo,2026-08-25 16:12:48,glitterpal-,uichicago,PSCH 320 Textbook PDF?,"does anyone know where i can find the textbook: Human Development: A Life-Span View | 9th Edition  
**Robert V. Kail/John C. Cavanaugh**

**i feel like i searched the entire internet for a pdf and i can’t find anything a link to a pdf would be helpful**

**9th edition or 10e**

**thank you!!**",,Submission,2,0.75,https://www.reddit.com/r/uichicago/comments/1vy49lo/psch_320_textbook_pdf/,https://www.reddit.com/r/uichicago/comments/1vy49lo/psch_320_textbook_pdf/,[],,Question
1vy3uj4,2026-08-25 15:58:10,Working-CityFoodie,uichicago,September 1st: Room/Apt Wanted ~ $1300,,,Submission,1,0.66,,https://www.reddit.com/r/uichicago/comments/1vy3uj4/september_1st_roomapt_wanted_1300/,[],,Question
1vy3mcb,2026-08-25 15:49:55,Bhavu_Private_Tutor,uichicago,How to help with homesickness for brother in college?,"My brother moved to his dorm Sunday night, and me and him are total opposites in personalities. Me being an extrovert I still experienced homesickness intensely, he is an introvert and hates any little change in life and takes time to adapt and settle in. But despite me knowing all of this and being a very supportive sister, I would love to know how else I can make him feel better from a distance? He is one hour away from home on the Metra, and lives in Cty single right now. My parents cooked most meals for his week and have packed that for him. He mainly needs to cook dinners and for lunch he just needs to cook some rice to pair along his curries. I tried talking him to explore some more bits of the campus to get a feel around but he seems very uninterested. He keeps saying he is lacking appetite and just things don’t feel like home. We FaceTime anytime he has free time available and do it at regular times as well. I really does hurt to see him very dull, sulking and just lifeless almost even tho he keeps saying he is fine. I am planning to visit him on Thursday to stop by say hi and maybe walk him around campus so he feels safe once I leave to explore those areas on his own. He is also planning to come home every weekend so (Friday nights to Sunday nights). He is waking up on his own, getting ready, and attempting to go to the classes, I think the biggest is his lack of appetite for me to deal with and not have my mom at home stressed about his health and all. Will it get better with time?🥺🥺 ",,Submission,10,0.85,https://www.reddit.com/r/uichicago/comments/1vy3mcb/how_to_help_with_homesickness_for_brother_in/,https://www.reddit.com/r/uichicago/comments/1vy3mcb/how_to_help_with_homesickness_for_brother_in/,[],,Question
1vy10hx,2026-08-25 14:12:35,subatomicdelirium,uichicago,Quiet rooms for a Dr. appointment?,Hey everybody! Does anyone have any recommendations for a quiet room with privacy on campus? I have a virtual dr appointment in between classes and don’t want to air out all my information in front of other students. ,,Submission,3,0.85,https://www.reddit.com/r/uichicago/comments/1vy10hx/quiet_rooms_for_a_dr_appointment/,https://www.reddit.com/r/uichicago/comments/1vy10hx/quiet_rooms_for_a_dr_appointment/,[],,Question
1vxz9o0,2026-08-25 13:03:34,omfggabriel,uichicago,what time do headliners usually come out for spark fest?,really wanna see vince but have another concert that day. was wondering if i’d be able to squeeze both in one evening. ik its from 4-10 but anybody know what time headliners usually come out?,,Submission,2,0.75,https://www.reddit.com/r/uichicago/comments/1vxz9o0/what_time_do_headliners_usually_come_out_for/,https://www.reddit.com/r/uichicago/comments/1vxz9o0/what_time_do_headliners_usually_come_out_for/,[],,Question
1vxrc5y,2026-08-25 05:58:40,NoCandidate9719,uichicago,Econ 121 with Behzod Ahundjanov 10 am class,"Econ 121 Anybody taking Econ 121 with Behzod Ahundjanov, are we supposed to meet this week on Thursday for the discussion or are we not supposed to? I’m confused! ",,Submission,2,0.75,https://www.reddit.com/r/uichicago/comments/1vxrc5y/econ_121_with_behzod_ahundjanov_10_am_class/,https://www.reddit.com/r/uichicago/comments/1vxrc5y/econ_121_with_behzod_ahundjanov_10_am_class/,[],,
1vxpg03,2026-08-25 04:15:19,Mammoth_Aspect8765,uichicago,Easy business electives,What are some ways business electives to take? ,,Submission,2,0.99,https://www.reddit.com/r/uichicago/comments/1vxpg03/easy_business_electives/,https://www.reddit.com/r/uichicago/comments/1vxpg03/easy_business_electives/,[],,Question
1vxow1y,2026-08-25 03:47:07,Apart_Implement7425,uichicago,does anyone know good spots for studying and napping?,so this was our first day and im also new to UIC. i was wondering if anyone could provide good napping spots and studying spots or maybe both or 2 in 1. id greatly appreciate it thanks,,Submission,4,1.0,https://www.reddit.com/r/uichicago/comments/1vxow1y/does_anyone_know_good_spots_for_studying_and/,https://www.reddit.com/r/uichicago/comments/1vxow1y/does_anyone_know_good_spots_for_studying_and/,[],,Question
1vxobjn,2026-08-25 03:18:55,AdventurousTax5825,uichicago,"Where is Sammy’s frat, is it close to campus? How do I get an invite? What’s their insta?",,,Submission,0,0.25,https://www.reddit.com/r/uichicago/comments/1vxobjn/where_is_sammys_frat_is_it_close_to_campus_how_do/,https://www.reddit.com/r/uichicago/comments/1vxobjn/where_is_sammys_frat_is_it_close_to_campus_how_do/,[],,Question
1vxo0yc,2026-08-25 03:04:52,Thin_Ad868,uichicago,Does anyone know about Giedrius Subacius?,"anyone have this class? he hasn’t uploaded anything on canvas, do I just not do anything? I have two classes tomorrow, this one and one at 3:30 - 4:45 pm. so do I just not go to uic until my other class?",,Submission,2,0.75,https://i.redd.it/1vafzk1psflh1.jpeg,https://www.reddit.com/r/uichicago/comments/1vxo0yc/does_anyone_know_about_giedrius_subacius/,"[""https://preview.redd.it/1vafzk1psflh1.jpeg?auto=webp&s=f072187ee61fbaab3dc5509db66c0c5c1c9c4711"", ""https://i.redd.it/1vafzk1psflh1.jpeg""]",,
1vxneh5,2026-08-25 02:35:41,Forward-Cut-1626,uichicago,"Need help choosing between IDS 422, IDS 420 & IDS 476","I’m a Data Science student concentrating in Business Analytics, and I’m in my last semester. I need to take two electives from IDS 422, IDS 420, and IDS 476, but I’m having a really hard time deciding which two to take.

For anyone who has taken these classes, could you share your experience with them? Which two would you recommend, and why?

When it comes to the schedule and timings, all three classes fit perfectly, so that isn’t a factor in my decision.

Any advice would be greatly appreciated!!!",,Submission,0,0.5,https://www.reddit.com/r/uichicago/comments/1vxneh5/need_help_choosing_between_ids_422_ids_420_ids_476/,https://www.reddit.com/r/uichicago/comments/1vxneh5/need_help_choosing_between_ids_422_ids_420_ids_476/,[],,Question
1vxmd5v,2026-08-25 01:48:49,Loud-Bus-8130,uichicago,What should I do if my class doesn't seem to have a location?,I have CHE:205 tomorrow at 8am but the location isn't posted anywhere what should I do? ,,Submission,1,0.67,https://www.reddit.com/r/uichicago/comments/1vxmd5v/what_should_i_do_if_my_class_doesnt_seem_to_have/,https://www.reddit.com/r/uichicago/comments/1vxmd5v/what_should_i_do_if_my_class_doesnt_seem_to_have/,[],,Question
1vxlxpl,2026-08-25 01:29:24,Willing-Confidence38,uichicago,English proficiency for international students,"I am an international student planning to apply to the UIC. I attended a U.S. high school and would like to clarify the English Language Proficiency requirement waiver policy.

Specifically, I would like to know: how many years of attendance at a U.S. high school are required to qualify for the English proficiency test waiver?",,Submission,2,0.75,https://www.reddit.com/r/uichicago/comments/1vxlxpl/english_proficiency_for_international_students/,https://www.reddit.com/r/uichicago/comments/1vxlxpl/english_proficiency_for_international_students/,[],,
1vxjudp,2026-08-24 23:59:14,WhereHasTheSenseGone,uichicago,UIC Maintenance Tonight,"Posting this in case you have WiFi problems tomorrow

To significantly improve the speed and reliability of authentication to the campus wireless networks, Technology Solutions will be performing maintenance on wireless network authentication servers tonight between 11:00 PM and 12:00 AM.

New connections to the UIC-WiFi network may fail briefly during this maintenance window.

Following this maintenance, if you experience a problem connecting to UIC-WiFi, please ""forget"" the UIC-WiFi network on your devices and then reconnect. Individuals using Apple devices will be prompted to trust a new security certificate for ""clearpass.uic.edu"" - note that this is a valid certificate and can be safely trusted.

For questions, or to report an IT issue, visit help.uic.edu.",,Submission,18,0.91,https://status.uic.edu/maintenances/288700,https://www.reddit.com/r/uichicago/comments/1vxjudp/uic_maintenance_tonight/,[],EE Alum & IT Staff,News
1vxiz22,2026-08-24 23:22:21,avicado19,uichicago,ISO Aula en acción 2 textbook,"\\*\\*actually **ISO Aula 1**, NOT 2 (oops)\\*\\*



Looking for any used **Aula en acción 1** textbooks I can buy off somebody! Comment below please and thank you <3

(I'd rather not have to print out the whole thing lol)",,Submission,0,0.5,https://www.reddit.com/r/uichicago/comments/1vxiz22/iso_aula_en_acción_2_textbook/,https://www.reddit.com/r/uichicago/comments/1vxiz22/iso_aula_en_acción_2_textbook/,[],,
1vximl1,2026-08-24 23:07:55,Low_Locksmith4696,uichicago,How does everyone actually get to campus?,"Blue Line from Forest Park is taking me almost an hour door to door and I'm losing my mind. Do most of you drive? And if so, where do you park? Genuinely asking because I'm considering just driving and eating the parking cost at this point.",,Submission,15,0.83,https://www.reddit.com/r/uichicago/comments/1vximl1/how_does_everyone_actually_get_to_campus/,https://www.reddit.com/r/uichicago/comments/1vximl1/how_does_everyone_actually_get_to_campus/,[],,Question
1vxeoxz,2026-08-24 20:36:01,Ol_Sam,uichicago,Enjoy the green while it lasts,"See how our campus is full of green trees and plants?

It’s beautiful, right? With the nature perfectly complimenting the brutalist buildings?

Don’t get used to it.

In just two months, our campus will be transformed into a windy wasteland. As every tree goes bare, the grass will be the only green thing left. Until it’s covered in snow, during which will take that away too.

“But that’s just for winter!” you say. “Spring will bring the green back!”

In Chicago, winter is endless. The trees remain bare, month after month.

Around March you’ll start thinking the campus will start being green again. You thought wrong. March goes by. April goes by. 

Soon enough, it’s May, and the school year is ending just as the green starts to come back. As summer approaches, the campus is back to being green again. But alas, summer is the time most of us are gone. 

The moral of the story is that the campus is green and beautiful. Enjoy it. Spend time outside. Go for walks. Winter will ruin all of this, and last for a whole 6 months.",,Submission,142,0.91,https://www.reddit.com/r/uichicago/comments/1vxeoxz/enjoy_the_green_while_it_lasts/,https://www.reddit.com/r/uichicago/comments/1vxeoxz/enjoy_the_green_while_it_lasts/,[],,
1vxeldi,2026-08-24 20:32:18,BeatTheGreat,uichicago,Back to analog studying I guess,,,Submission,92,1.0,https://v.redd.it/w8xsf1m3vdlh1,https://www.reddit.com/r/uichicago/comments/1vxeldi/back_to_analog_studying_i_guess/,"[""https://external-preview.redd.it/aDBucmw4ajN2ZGxoMf9vdXIyk9ee0jTRVnzJInNemFN3sRnFg85Us5Jfs5Dr.png?format=pjpg&auto=webp&s=8766ca380b93a608225bff8982a6579f2aef55cf""]",Poli Sci | No Personality,Meme
1vxe7ih,2026-08-24 20:18:18,Plastic_Art_1962,uichicago,"Free UIC-only app: all the job boards in one feed, plus subleases, rides, and prof reviews","Quick one. [uicloop.com](http://uicloop.com) , locked to verified [uic.edu](http://uic.edu) accounts only.   
New this week: \\*\\*Jobs.\\*\\* Postings from UIC Jobs, Handshake, and other boards aggregated into one feed, so you're not checking five sites to find the same twelve openings.

Also on there:

\\- Campus feed  
\\- Free food alerts  
\\- Subleases and housing  
\\- Rides   
\\- Study partners by course  
\\- Professor reviews

Sign in with your UIC Microsoft or Google account and you're in. Free, no ads.

Semester just started, which is when the jobs and sublease stuff actually matters. Feedback and bug reports welcome, I'm the one building it.",,Submission,5,0.8,https://i.redd.it/wsaebowasdlh1.png,https://www.reddit.com/r/uichicago/comments/1vxe7ih/free_uiconly_app_all_the_job_boards_in_one_feed/,"[""https://preview.redd.it/wsaebowasdlh1.png?auto=webp&s=6d1ea7604d052360c52580047f7e58ac37748bb6"", ""https://i.redd.it/wsaebowasdlh1.png""]",,
1vxdvuw,2026-08-24 20:06:33,Ol_Sam,uichicago,I will always hate UIC wifi,"UIC wifi is the worst. I never expect it to improve every year, and I end up being correct. It never does improve. Year after year. Websites taking 5 minutes to load. Inability to do online homework. Error messages. Constant dropping from my online games (I live on campus). We pay so, so, so much money to be in these and they won’t even give us a working resource for them. It’s absolutely ridiculous.",,Submission,39,0.94,https://www.reddit.com/r/uichicago/comments/1vxdvuw/i_will_always_hate_uic_wifi/,https://www.reddit.com/r/uichicago/comments/1vxdvuw/i_will_always_hate_uic_wifi/,[],,
1vxdndp,2026-08-24 19:58:14,Arcreator1,uichicago,Link to access XE Registration without my.uic to find classes,"I don't know if anyone else was able to access their registration to find their classes today, but atleast with my.uic down, I couldn't log in. So without either my.uic or XE Registration I was barely finding my classes through canvas and emailing my professors. But I randomly found a link on the biomedical engineering page that links to XE Registration without needing my.uic.

Here's the link for anyone else who also didn't save their lecture rooms ahead of time, and can't find their classes either.

[banner.apps.uillinois.edu/StudentRegistrationSSB/ssb/term/termSelection?mode=search&mepCode=2UIC](https://banner.apps.uillinois.edu/StudentRegistrationSSB/ssb/term/termSelection?mode=search&mepCode=2UIC)

Edit: Seems like they finally fixed the portal as soon as I found an alternative",,Submission,4,0.86,https://www.reddit.com/r/uichicago/comments/1vxdndp/link_to_access_xe_registration_without_myuic_to/,https://www.reddit.com/r/uichicago/comments/1vxdndp/link_to_access_xe_registration_without_myuic_to/,[],Giving Up | Winter 2026,Discussion
1vxc04f,2026-08-24 18:59:45,SuccessfulScar7401,uichicago,Is parking always this bad first semester?,"This is my first year parking in Halsted lot, is it always this much of a mess and fully packed by ten? There was a giant line and a guy telling people to go park in the Harrison lot",,Submission,2,0.75,https://www.reddit.com/r/uichicago/comments/1vxc04f/is_parking_always_this_bad_first_semester/,https://www.reddit.com/r/uichicago/comments/1vxc04f/is_parking_always_this_bad_first_semester/,[],,Discussion
1vxaqgh,2026-08-24 18:16:08,DocumentMoney7146,uichicago,Chick-fil-a Out of Stock at 1:15????,"this shit is ridiculous, did they just not anticipate these many incoming freshmen cause how you run out the first day this soon???",,Submission,27,0.83,https://www.reddit.com/r/uichicago/comments/1vxaqgh/chickfila_out_of_stock_at_115/,https://www.reddit.com/r/uichicago/comments/1vxaqgh/chickfila_out_of_stock_at_115/,[],,Question
1vxaojh,2026-08-24 18:14:19,Nismo_Tuning,uichicago,Does anyone have a copy of this ECON 120 textbook?,I'm broke and I only have $13 left in my account. ,,Submission,1,0.67,https://i.redd.it/44n3tg6h6dlh1.png,https://www.reddit.com/r/uichicago/comments/1vxaojh/does_anyone_have_a_copy_of_this_econ_120_textbook/,"[""https://preview.redd.it/44n3tg6h6dlh1.png?auto=webp&s=bc59ee9b8adb2fb1b6174a38628bf67e864acfdb"", ""https://i.redd.it/44n3tg6h6dlh1.png""]",Basketweaving | 2030,Question
1vxa3y6,2026-08-24 17:54:21,Effective-Wrap5468,uichicago,Who of these is good/bad ?,For chem 232 Ta’s ,,Submission,0,0.44,https://i.redd.it/8e2vka6x2dlh1.jpeg,https://www.reddit.com/r/uichicago/comments/1vxa3y6/who_of_these_is_goodbad/,"[""https://preview.redd.it/8e2vka6x2dlh1.jpeg?auto=webp&s=54d042200ee335a04e92df5dd20d0708da9e50eb"", ""https://i.redd.it/8e2vka6x2dlh1.jpeg""]",,Question
1vx8rmt,2026-08-24 17:07:31,nonchalantmexicann,uichicago,+1hr for parking pass,"anyone looking to get their parking pass, i recommend you come after your classes. i’ve been in line for OVER an hour now🥀",,Submission,13,0.87,https://www.reddit.com/r/uichicago/comments/1vx8rmt/1hr_for_parking_pass/,https://www.reddit.com/r/uichicago/comments/1vx8rmt/1hr_for_parking_pass/,[],,
1vx77d0,2026-08-24 16:11:52,fettywapfanboy,uichicago,UIC WiFi Problems,Is the UIC WiFi tweaking for anyone else rn? I’m in BSB 250 and it’s garbage,,Submission,18,0.95,https://www.reddit.com/r/uichicago/comments/1vx77d0/uic_wifi_problems/,https://www.reddit.com/r/uichicago/comments/1vx77d0/uic_wifi_problems/,[],,
1vx6bef,2026-08-24 15:39:41,yeahBirdy,uichicago,hlps parking lol,"how does nobody know how to park 😭 like so many people on and over the lines omg 

also it feels considerably more sold this year",,Submission,9,0.85,https://www.reddit.com/r/uichicago/comments/1vx6bef/hlps_parking_lol/,https://www.reddit.com/r/uichicago/comments/1vx6bef/hlps_parking_lol/,[],,
1vx60lg,2026-08-24 15:28:45,Fine-Awareness-7827,uichicago,Chemistry 234 any advice or tips,Does any one have any notes previously from this clsss that will help me or what resources helped you succeeded in this class ,,Submission,1,0.67,https://www.reddit.com/r/uichicago/comments/1vx60lg/chemistry_234_any_advice_or_tips/,https://www.reddit.com/r/uichicago/comments/1vx60lg/chemistry_234_any_advice_or_tips/,[],,
1vx5zm8,2026-08-24 15:27:44,Fine-Awareness-7827,uichicago,Math 181 any advice for the class,I haven’t taken math calc since a while I was wondering if anyone has any notes or tips for this class. If you took it last spring lmk plssss ,,Submission,2,0.8,https://www.reddit.com/r/uichicago/comments/1vx5zm8/math_181_any_advice_for_the_class/,https://www.reddit.com/r/uichicago/comments/1vx5zm8/math_181_any_advice_for_the_class/,[],,
1vx5y2j,2026-08-24 15:26:13,Fine-Awareness-7827,uichicago,Uic portal login down for anyone,I can’t access my.Uic.portal is there an issue with anyone else ,,Submission,13,0.94,https://www.reddit.com/r/uichicago/comments/1vx5y2j/uic_portal_login_down_for_anyone/,https://www.reddit.com/r/uichicago/comments/1vx5y2j/uic_portal_login_down_for_anyone/,[],,
1vx40vy,2026-08-24 14:14:13,kha-millaa,uichicago,Already late to class,"Late to class, phone dying, can't find my room, is it ggs for me? Should I go to class or js skip it the first day? 😢",,Submission,27,0.89,https://www.reddit.com/r/uichicago/comments/1vx40vy/already_late_to_class/,https://www.reddit.com/r/uichicago/comments/1vx40vy/already_late_to_class/,[],,
1vwx1pc,2026-08-24 08:40:03,desirientt,uichicago,"do we need new student IDs, and will my ventra ID update with the new UPASS i paid for?","i’m a sophomore, so this is my first time needing to know this. thanks in advance lol ",,Submission,3,1.0,https://www.reddit.com/r/uichicago/comments/1vwx1pc/do_we_need_new_student_ids_and_will_my_ventra_id/,https://www.reddit.com/r/uichicago/comments/1vwx1pc/do_we_need_new_student_ids_and_will_my_ventra_id/,[],,Question
1vwum42,2026-08-24 06:15:23,zlorpianfromspace,uichicago,Hitting macros at UIC,"Hi, I’m pretty serious with body building and before coming to UIC i’ve had macros I hit consistently every day (265g protein, 500g carbs, 10g fat). I’m aware that this is pretty extreme so the college’s food options probably won’t be able to accommodate it but  for anyone else who’s into weightlifting here are there any specific dining areas/options in the campus that would be good for getting in a somewhat high amount of carbs/protein while minimizing fats? I’ve been starving the past few days on 7/11 protein bars and energy drinks. ",,Submission,0,0.5,https://www.reddit.com/r/uichicago/comments/1vwum42/hitting_macros_at_uic/,https://www.reddit.com/r/uichicago/comments/1vwum42/hitting_macros_at_uic/,[],,
1vwswy3,2026-08-24 04:40:39,Apart_Implement7425,uichicago,i got billy jackson as my instructor and this is my first semester ever at uic,"hey guys, so this is gonna be the start of my first year at UIC and ive already heard bad things about this guy named billy jackson. im having him in my math 165 class and im unsure whether or not to be scared or if i should be calm or something. anyways, i guess the question im trying to ask here is if im cooked? ",,Submission,0,0.45,https://www.reddit.com/r/uichicago/comments/1vwswy3/i_got_billy_jackson_as_my_instructor_and_this_is/,https://www.reddit.com/r/uichicago/comments/1vwswy3/i_got_billy_jackson_as_my_instructor_and_this_is/,[],,
1vwsud7,2026-08-24 04:36:40,wafflwenjoyer,uichicago,Need Davvaro 1 for ITAL 101,"Hi, I need this textbook and I was wondering if there are other methods of obtaining it. (such as purchasing it from someone for cheaper that has already used it). There doesnt seem to be an online ways to get it... if you know of any options please respond so i can dm you, thanks!",,Submission,1,0.67,https://www.reddit.com/r/uichicago/comments/1vwsud7/need_davvaro_1_for_ital_101/,https://www.reddit.com/r/uichicago/comments/1vwsud7/need_davvaro_1_for_ital_101/,[],,Question
1vwsdzj,2026-08-24 04:12:08,Necessary_Window_960,uichicago,Question on ECE 465,"How hard is the class, I have heard nothing but complaints on how hard this class is. If I'm going to attend every lecture and go to office hours in case I don't get something will I be good?",,Submission,1,0.67,https://www.reddit.com/r/uichicago/comments/1vwsdzj/question_on_ece_465/,https://www.reddit.com/r/uichicago/comments/1vwsdzj/question_on_ece_465/,[],,Question
1vws6ux,2026-08-24 04:01:56,Positive_Lysine,uichicago,MUS 127 Does Bruno Mars count as Latin American or Spanish music.?,"For those who took this class, the papers require us to write about live Latin American or Spanish music. I'm already planning to go to a Bruno Mars concert, do you think he'll count as Latin American music, especially with his newest album?",,Submission,0,0.22,https://www.reddit.com/r/uichicago/comments/1vws6ux/mus_127_does_bruno_mars_count_as_latin_american/,https://www.reddit.com/r/uichicago/comments/1vws6ux/mus_127_does_bruno_mars_count_as_latin_american/,[],,Question
1vwqlr5,2026-08-24 02:43:33,AccountantNo1056,uichicago,Will I get in? 2.6 gpa Health science major transfer,"I’m in cc rn in Michigan and a junior this year. I had a really depressing time my freshman at another uni. I then transferred to cc where I transferred my credits from uni to the cc and started taking cc classes. Clearly i’ve been having a difficult time in cc hence the gpa, but i’m planning on taking more classes and retaking the classes i’ve failed. To increase my gpa. I lowkey know the answer but I would like assurance and thoughts. Thanks!",,Submission,0,0.5,https://www.reddit.com/r/uichicago/comments/1vwqlr5/will_i_get_in_26_gpa_health_science_major_transfer/,https://www.reddit.com/r/uichicago/comments/1vwqlr5/will_i_get_in_26_gpa_health_science_major_transfer/,[],,Question
1vwoqdp,2026-08-24 01:14:24,ComfortableClick4530,uichicago,Super sad right now,"Hey everyone im super sad right now. I wont be able to attend to the Fall Term. Im not even sure if i might even be able to stay in school now. I have a payment hold because i havent been able to pay tuition. Im living on my car as im writing this. Im hoping one day I can come back to school I hate my life dude all I ever wanted was just to get an education. Im a student of need as well I dont even have a mother or a father. Im 22 right now but I already feel like a wasted my life. 

  
Is there something i can even do at this point?",,Submission,180,0.96,https://www.reddit.com/r/uichicago/comments/1vwoqdp/super_sad_right_now/,https://www.reddit.com/r/uichicago/comments/1vwoqdp/super_sad_right_now/,[],,Discussion
1vwnyh5,2026-08-24 00:38:19,willowlife3000,uichicago,Clubs at Uic?,I want to try making friends at UIC as a second year and I know it’s hard because most commute (me). Are there any clubs that aren’t academic based?,,Submission,7,0.89,https://www.reddit.com/r/uichicago/comments/1vwnyh5/clubs_at_uic/,https://www.reddit.com/r/uichicago/comments/1vwnyh5/clubs_at_uic/,[],,Question
1vwnwf1,2026-08-24 00:35:32,KreamyBeef,uichicago,Thoughts on my schedule? (last semester),"CS480  
CS407    
CS421    
MATH220",,Submission,0,0.5,https://i.redd.it/5tz7zz2lx7lh1.jpeg,https://www.reddit.com/r/uichicago/comments/1vwnwf1/thoughts_on_my_schedule_last_semester/,"[""https://preview.redd.it/5tz7zz2lx7lh1.jpeg?auto=webp&s=9ad76b2c30662cf5a0fe5f7b1ef6476cabd25e16"", ""https://i.redd.it/5tz7zz2lx7lh1.jpeg""]",Mediocre CS Student,Discussion
1vwk9tk,2026-08-23 21:57:59,Successful_Watch_114,uichicago,Already lost my ID (please help),"I'm a freshman and I already lost my ID before classes even started. The last I saw it was on Thursday when I used it to get into the courtyard (my dorm). I think that I might have left it with the person at move-in (which was on Thursday) to get a cart and I forgot to get it back, but now they're gone and I don't know where to find them. Is there a lost and found or anything I can do about this? I'm just glad you can use your uin to get into the food court and the dorms, but I don't know how long I can do that for.",,Submission,2,0.53,https://www.reddit.com/r/uichicago/comments/1vwk9tk/already_lost_my_id_please_help/,https://www.reddit.com/r/uichicago/comments/1vwk9tk/already_lost_my_id_please_help/,[],,Question
1vwj1jk,2026-08-23 21:07:28,distanttravelerz,uichicago,how bad is it…,"Applying to UIC pre-nursing major. Looking to be an on campus student. How bad are the dorms? I’ve seen a lot of terrible posts and it’s definitely scaring me a bit. My housing budget is \\~$20k a year. If there’s an issue is the school responsive or am I gonna have to bug them numerous times to fix even a mild issue 😅

Also how’s the dorm life, are people pretty friendly and welcoming? How does night life work when there’s so many commuter students?  Is it difficult to find your “place” in campus? ",,Submission,17,0.95,https://www.reddit.com/r/uichicago/comments/1vwj1jk/how_bad_is_it/,https://www.reddit.com/r/uichicago/comments/1vwj1jk/how_bad_is_it/,[],,Question
1vwhmjg,2026-08-23 20:11:59,GoodImpress2925,uichicago,Which class should I drop?,"I am taking a lot of classes this semester (sophomore year), and I am taking 25 credits: ACTG 315 (Raval), 355 and 470 (Josephson), FIN 300 (O'Brien), ECON 120 (Ahundjanov), MKTG 360, IDS 270, and BA 289. 

I am not sure if I will drop any classes, but considering Professor Raval has a flipped classroom, and the other 2 accounting classes are test-heavy, I am debating between dropping either ACTG 355 or 470. Which of these classes has a lighter workload and is easier to do well? I also know that there is an option to take the AICPA exam as the final for 470, which would be easier because it's open book etc, but since I am a sophomore, I don't know if I could take it that way.

Recommendations?",,Submission,1,0.67,https://www.reddit.com/r/uichicago/comments/1vwhmjg/which_class_should_i_drop/,https://www.reddit.com/r/uichicago/comments/1vwhmjg/which_class_should_i_drop/,[],,Question
1vwg6fe,2026-08-23 19:16:16,niki161306,uichicago,How bad is parking?,"I still haven’t gotten my parking pass since I haven’t been able to get my ID yet, so I was planning on just parking at HLPS as a visitor until I get it figured out. My classes start at 9am mon/weds/fri and 3:30pm tues/thurs. Will I be able to get a spot or am I cooked😭?  
Any other parking spot recommendations would be appreciated I have no idea what I’m doing. ",,Submission,1,0.67,https://www.reddit.com/r/uichicago/comments/1vwg6fe/how_bad_is_parking/,https://www.reddit.com/r/uichicago/comments/1vwg6fe/how_bad_is_parking/,[],,Question
1vwbfrr,2026-08-23 16:17:33,New-Statistician-422,uichicago,UIC BA 200,,,Submission,5,0.83,https://i.redd.it/fvro4vnqg5lh1.jpeg,https://www.reddit.com/r/uichicago/comments/1vwbfrr/uic_ba_200/,"[""https://preview.redd.it/fvro4vnqg5lh1.jpeg?auto=webp&s=d6bffb74ea10be679e6c3006403f90a1ad4ca821"", ""https://i.redd.it/fvro4vnqg5lh1.jpeg""]",,
1vwau9i,2026-08-23 15:54:59,Open-Bison-9568,uichicago,My bathroom upon moving into SSR,"The room condition report in starrez rates this as “average.” There you have it: UIC housing considers this average conditions.

update: campus housing did send a janitor to clean the floors and bathtub in my room on Monday. I appreciate the issue being dealt with despite being a bit upset this was the state of the room upon move-in. I’m still waiting for them to replace the caulk",,Submission,112,0.98,https://www.reddit.com/gallery/1vwau9i,https://www.reddit.com/r/uichicago/comments/1vwau9i/my_bathroom_upon_moving_into_ssr/,"[""https://preview.redd.it/4yqew64kc5lh1.jpg?width=4032&format=pjpg&auto=webp&s=72d778ac4c112f539041936c45fefce2d0b89f05"", ""https://preview.redd.it/mbo7y44kc5lh1.jpg?width=5712&format=pjpg&auto=webp&s=0d1936eb14ef1af4ea93e0bf37336419ec8f17dc""]",,
1vvzzxo,2026-08-23 06:56:38,BackgroundLocation36,uichicago,Finding PEB classrooms,"I’m an incoming freshman at uic and i’m wondering if anyone who’s taken classes in the PEB can tell me where classroom B15 is? I was able to find B06 and the other PEB classroom, but could not seem to find B15, pls help!",,Submission,0,0.33,https://www.reddit.com/r/uichicago/comments/1vvzzxo/finding_peb_classrooms/,https://www.reddit.com/r/uichicago/comments/1vvzzxo/finding_peb_classrooms/,[],,
1vvyhnr,2026-08-23 05:31:09,Spiwity,uichicago,Shoutout to the IDS majors,I feel lonely so wanna shout out some of the peeps majoring in IDS (me included),,Submission,11,0.81,https://www.reddit.com/r/uichicago/comments/1vvyhnr/shoutout_to_the_ids_majors/,https://www.reddit.com/r/uichicago/comments/1vvyhnr/shoutout_to_the_ids_majors/,[],,Discussion
1vvy27l,2026-08-23 05:07:22,No_Definition3974,uichicago,Anyone here taken physics at NEIU ?,specifically over the summer ? physics 131 or 132 ?,,Submission,0,0.5,https://www.reddit.com/r/uichicago/comments/1vvy27l/anyone_here_taken_physics_at_neiu/,https://www.reddit.com/r/uichicago/comments/1vvy27l/anyone_here_taken_physics_at_neiu/,[],,Question
1vvvkrj,2026-08-23 02:57:15,Less_Membership_4912,uichicago,Are UIC Dorms Killing Us? Serious Mold/Air Quality Concerns,"I wanted to see if anyone else living in UIC housing has experienced anything similar to this.

Starting sometime in the spring, I began having problems with my breathing/lungs. I went to my doctor about it, and we couldn't really figure out what was causing it. My doctor even mentioned that I might be developing or have asthma.

The weird part is that as soon as the school year ended and I went back home, the problems pretty much completely went away. Then, when I came back to UIC for summer classes, they started again.

I recently saw a post on this subreddit from someone talking about finding a lot of mold in/behind the walls of their dorm and developing various health problems while living there (and they had pictures/proof to back it up). I can't find the post anymore because I think they deleted it, and I don't live in the same dorm as that person, but it made me wonder if something in the dorm environment could be causing my symptoms.

What really made me suspicious is what happened this week. I had been home for the past couple of weeks and was having basically no breathing problems. I just moved back into my dorm for the fall semester, spent one night here, and my lung/breathing problems immediately came back.

I'm not saying for certain that mold is the cause, but at this point the connection between being in the dorm and my symptoms seems pretty hard to ignore.

Has anyone else living in UIC dorms experienced breathing problems, asthma-like symptoms, coughing, chest tightness, allergies, or anything similar that seems to improve when you leave the dorm?

I'm also not really sure what I'm supposed to do if the dorm actually is causing this. I don't have somewhere else to live for the semester, so I'd really appreciate hearing from anyone who has dealt with something similar or knows who at UIC I should contact about having the room/building checked.",,Submission,30,0.92,https://www.reddit.com/r/uichicago/comments/1vvvkrj/are_uic_dorms_killing_us_serious_moldair_quality/,https://www.reddit.com/r/uichicago/comments/1vvvkrj/are_uic_dorms_killing_us_serious_moldair_quality/,[],,Discussion
1vvuwqc,2026-08-23 02:23:21,Issaacc_newton,uichicago,Any tips for my classes or prof?,"I am also taking HN 202 and HIST 101.

Math 210- Christine Eagles

Phys 260- Mark Schlossman

Me 205- Mohammad Ghashami

Cme 201- Scott Banjavcic

Hn 202- Giamila Fantuzzi

Hist 101- John Abbott",,Submission,4,0.83,https://i.redd.it/r6yykppwb1lh1.jpeg,https://www.reddit.com/r/uichicago/comments/1vvuwqc/any_tips_for_my_classes_or_prof/,"[""https://preview.redd.it/r6yykppwb1lh1.jpeg?auto=webp&s=61bb0875956e7861c553e4f54600f35eee47c2a7"", ""https://i.redd.it/r6yykppwb1lh1.jpeg""]",Mechanical Engineering | 2029,
1vvufyw,2026-08-23 02:00:00,EstablishmentBig9581,uichicago,Are there any students making their own UIC merch?,I know some other colleges have student organizations make their own clothes and selling them. I was wondering if UIC has anything similar since the official merch is pretty basic,,Submission,8,0.9,https://www.reddit.com/r/uichicago/comments/1vvufyw/are_there_any_students_making_their_own_uic_merch/,https://www.reddit.com/r/uichicago/comments/1vvufyw/are_there_any_students_making_their_own_uic_merch/,[],,Question
1vvs6bn,2026-08-23 00:11:18,Old_Physics2985,uichicago,Anyone ever study abroad with UIC?,"Hi everyone, I a sophomore finace major, I plan to go study abroad in Japan next semester, I really love that country and really want to be there one day. I plan to go through UIC program in Toyo uni. Have anyone experienced study abroad program of our school? Is it well support and is it cost too much? Pls tell me your story and advice. tyvm",,Submission,9,0.82,https://www.reddit.com/r/uichicago/comments/1vvs6bn/anyone_ever_study_abroad_with_uic/,https://www.reddit.com/r/uichicago/comments/1vvs6bn/anyone_ever_study_abroad_with_uic/,[],,Question
1vvrsdx,2026-08-22 23:54:25,AdSecure6521,uichicago,PLEASE HELP ME: can i get into UIC? it’s my DREAM school!!!,"Major: Bio

GPA: 3.85 uw with 9 APs and 8 honors

Context: In-state, first gen, low income (family makes less than 75k) 

Always wanted to go to UIC because I loved the school, and it has many opportunities for pre-meds because it’s right in the middle of Chicago! ",,Submission,0,0.48,https://www.reddit.com/r/uichicago/comments/1vvrsdx/please_help_me_can_i_get_into_uic_its_my_dream/,https://www.reddit.com/r/uichicago/comments/1vvrsdx/please_help_me_can_i_get_into_uic_its_my_dream/,[],,Question
1vvpegd,2026-08-22 22:07:35,strawberriescherriez,uichicago,how good are my professors?,,,Submission,0,0.33,https://i.redd.it/we0f2t2a20lh1.jpeg,https://www.reddit.com/r/uichicago/comments/1vvpegd/how_good_are_my_professors/,"[""https://preview.redd.it/we0f2t2a20lh1.jpeg?auto=webp&s=bd5d8199bd368daec89209542949388415c19cc6"", ""https://i.redd.it/we0f2t2a20lh1.jpeg""]",,Question
1vvnlw7,2026-08-22 20:51:49,CriticalRelative5969,uichicago,CS 480 with kumar?,Anybody take it with him? Looking to see what the attendance policies were,,Submission,0,0.5,https://www.reddit.com/r/uichicago/comments/1vvnlw7/cs_480_with_kumar/,https://www.reddit.com/r/uichicago/comments/1vvnlw7/cs_480_with_kumar/,[],,Question
1vvkopm,2026-08-22 18:56:09,lil_strawberry__,uichicago,is anyone else able to connect to the uic-wifi?,"i’ve been able to connect my phone and my ipad to the wifi, but not my laptop. i’m honestly confused because when i came to uic for student advising, my laptop connected to the uic-wifi just fine. is anyone else having this issue?",,Submission,2,0.67,https://www.reddit.com/r/uichicago/comments/1vvkopm/is_anyone_else_able_to_connect_to_the_uicwifi/,https://www.reddit.com/r/uichicago/comments/1vvkopm/is_anyone_else_able_to_connect_to_the_uicwifi/,[],BA | ‘30,Question
1vv96b9,2026-08-22 10:48:21,ghost_BM,uichicago,Did anyone take AHS 393?,"Basically I was thinking of taking it for my major, IHS (concentration in health and science), but I need to get “advisor approval,” and I noticed some students already left the class, so I was assuming the syllabus looked deadly.

Does anyone have the syllabus for it or did anyone take the class before?  

Btw if I take it, it’s online.

Also what does the class like? Do I have to work/volunteer somewhere, or is it just online assignments?

Thank you!",,Submission,0,0.5,https://www.reddit.com/r/uichicago/comments/1vv96b9/did_anyone_take_ahs_393/,https://www.reddit.com/r/uichicago/comments/1vv96b9/did_anyone_take_ahs_393/,[],,Question
1vv55oj,2026-08-22 06:54:05,alexgmeatrider,uichicago,Lost my dorm key...,"Hello guys, I'm posting here in case anyone has had this happen to them too, but essentially I lost both keys to my courtyard suite and to my individual dorm room. I was told I might have to pay up to 1K because they have to change the locks and keys for my suite mates as well. 

I cannot afford that, and I feel ridiculous for losing it but I'm still looking. Has anyone experienced this? Any advice appreciated :(",,Submission,2,0.58,https://www.reddit.com/r/uichicago/comments/1vv55oj/lost_my_dorm_key/,https://www.reddit.com/r/uichicago/comments/1vv55oj/lost_my_dorm_key/,[],,
1vv3xs6,2026-08-22 05:46:25,Dry_Pomegranate2448,uichicago,Pre-Pharm/ PharmD Acceptances,"Hello, I’m currently planning to apply in the 2027 cycle and wanted to know about past students who got accepted and what your healthcare experience for your applications was like. I’ve been working as a CNA at a neuroscience floor for about 3 years with a good reputation and I’ve been having no luck getting a job as a pharmacy tech (still applying to this date) so my question is, are my chances of being accepted lower if I don’t end up working in a pharmacy? Just a bit worried & need advice.",,Submission,0,0.5,https://www.reddit.com/r/uichicago/comments/1vv3xs6/prepharm_pharmd_acceptances/,https://www.reddit.com/r/uichicago/comments/1vv3xs6/prepharm_pharmd_acceptances/,[],,Question
1vv1f8w,2026-08-22 03:35:57,Proud_Category5972,uichicago,Rate my schedule,Can y’all tell me if its good or bad. I also have to commute there 1 hour ish.,,Submission,4,0.8,https://i.redd.it/sf18z55yjukh1.jpeg,https://www.reddit.com/r/uichicago/comments/1vv1f8w/rate_my_schedule/,"[""https://preview.redd.it/sf18z55yjukh1.jpeg?auto=webp&s=2c6f584cee002942b9974ae430e3e8f652ef123d"", ""https://i.redd.it/sf18z55yjukh1.jpeg""]",,Discussion
1vv1car,2026-08-22 03:31:56,Emotional_Escape_270,uichicago,Commons west SEWAGE leak.,"Background. I just moved in to my cmw room TODAY. my roommate warned me that there was a small leak of water, fine no issue. we call to get it fixed sometime. we come back after dinner and there is a huge puddle rapidly growing by the minute, and it smells horrible like piss!!!! we call to get it fixed they come and kick us out and when we come back they didn’t do anything. they said there’s nothing they can do until morning. and when we came back it smelled even worse unbearable that i even threw up, and they turned off our ac to try to fix it so im even more nauseous from being hot!!! they told us we have to stay there tonight nothing they can do!!! I am so disappointed in uic and i am genuinely considering suing, there is actual sewage on the floor of our entire room!!!! Everything smells like it too.",,Submission,34,0.95,https://www.reddit.com/r/uichicago/comments/1vv1car/commons_west_sewage_leak/,https://www.reddit.com/r/uichicago/comments/1vv1car/commons_west_sewage_leak/,[],,
1vv0tnd,2026-08-22 03:06:07,TourEnvironmental990,uichicago,Commuting near Ohare,"Just wondering, is anyone commuting near Rosemont/ ohare and taking the blue line to Uic halsted? ",,Submission,0,0.5,https://www.reddit.com/r/uichicago/comments/1vv0tnd/commuting_near_ohare/,https://www.reddit.com/r/uichicago/comments/1vv0tnd/commuting_near_ohare/,[],,
1vv0bhs,2026-08-22 02:41:34,KneeAggravating8538,uichicago,% of Students That Live Near Campus?,"The official statistic is that around 90% of students live off campus at UIC. But how many students live near campus? I don’t know how you would get this statistic, but I was just curious as to if anyone knows. I live in Chicagoland but I’m moving to an apartment near campus, just wondering how many others are doing the same.",,Submission,4,0.75,https://www.reddit.com/r/uichicago/comments/1vv0bhs/of_students_that_live_near_campus/,https://www.reddit.com/r/uichicago/comments/1vv0bhs/of_students_that_live_near_campus/,[],,Question
1vv04i0,2026-08-22 02:31:53,TourEnvironmental990,uichicago,Chem 232 + chem 233,"Is it more common to split up organic chemistry lecture and lab into two different semesters? This isn’t common for other schools that I know of, but my advisor recommended for them to be split up. I also heard people taking chem 233 and chem 234 together… any thoughts? ",,Submission,0,0.5,https://www.reddit.com/r/uichicago/comments/1vv04i0/chem_232_chem_233/,https://www.reddit.com/r/uichicago/comments/1vv04i0/chem_232_chem_233/,[],,
1vv016x,2026-08-22 02:27:19,TourEnvironmental990,uichicago,Any tips for Anatomy lecture + lab?,,,Submission,1,0.67,https://www.reddit.com/r/uichicago/comments/1vv016x/any_tips_for_anatomy_lecture_lab/,https://www.reddit.com/r/uichicago/comments/1vv016x/any_tips_for_anatomy_lecture_lab/,[],,Question
1vuz6v5,2026-08-22 01:46:47,HunnadGranDan,uichicago,Best hang out spots/bars to meet other UIC students,"Hey everyone, I'm a new transfer student and I was wondering what the most fun places are to socialize and meet new friends on campus. Also are there any good bars nearby(I'm over 21)?",,Submission,20,0.92,https://www.reddit.com/r/uichicago/comments/1vuz6v5/best_hang_out_spotsbars_to_meet_other_uic_students/,https://www.reddit.com/r/uichicago/comments/1vuz6v5/best_hang_out_spotsbars_to_meet_other_uic_students/,[],,Question
1vuy1wa,2026-08-22 00:53:58,Scared_Replacement77,uichicago,How to turn on AC in TBH 4-person style,"Hey u'all, I just moved in, and I don't really know how to get the AC in my room working. In the common area it works just fine, but I can't find any control unit inside my room, can anyone help😭",,Submission,0,0.5,https://www.reddit.com/r/uichicago/comments/1vuy1wa/how_to_turn_on_ac_in_tbh_4person_style/,https://www.reddit.com/r/uichicago/comments/1vuy1wa/how_to_turn_on_ac_in_tbh_4person_style/,[],,Question
1vuxta7,2026-08-22 00:43:05,bitzz-,uichicago,U-PASS+ not showing up?,"Has anyone else had issues with their U-PASS+ not showing up in Ventra?  
I opted into U-PASS+ but I never got the $380 charge on my UIC account, and the Metra pass still isn’t showing in Ventra. I checked and my Ventra account/login info is correct.  
I’m taking the 7:30 Metra Monday for a 10 AM class, so I’m kinda worried about getting this sorted out. Metra told me they’re closed until Monday.  
Has anyone had this happen before? Should I contact UIC or Metra?",,Submission,1,0.67,https://www.reddit.com/r/uichicago/comments/1vuxta7/upass_not_showing_up/,https://www.reddit.com/r/uichicago/comments/1vuxta7/upass_not_showing_up/,[],,Question
1vuwton,2026-08-21 23:59:11,vvvthi,uichicago,Rate my scedule and what should i do next?,"This is my schedule, and i really don't know what to do next. Should i prepare anything for my classes and try to make some friends in these classes? ",,Submission,4,0.71,https://i.redd.it/kn36650ahtkh1.jpeg,https://www.reddit.com/r/uichicago/comments/1vuwton/rate_my_scedule_and_what_should_i_do_next/,"[""https://preview.redd.it/kn36650ahtkh1.jpeg?auto=webp&s=7c02f7f18a6d99f681574640d33c7606543efe0c"", ""https://i.redd.it/kn36650ahtkh1.jpeg""]",,
1vuq2t2,2026-08-21 19:26:49,Illustrious-Panda385,uichicago,How is CS 488?,"So I only have 15 technical credits and CS 401/499 before I can graduate. So far I have CS 440/488/418/450/378 for this semester. I was wondering if it's worth it to swap CS 488 for CS 401. I also want to take suggestions on how I can divide this schedule up while staying elegible to keep my scholarships and fafsa because I don't have anymore gen eds.

Edit: I would also like to ask how CS 378 is. It's also confusing me on how I have 99 completed hours but I need 128 credit hours to get my degree. I've done everything except for the free hours and my technicals.",,Submission,2,0.75,https://www.reddit.com/r/uichicago/comments/1vuq2t2/how_is_cs_488/,https://www.reddit.com/r/uichicago/comments/1vuq2t2/how_is_cs_488/,[],,Question
1vup3oc,2026-08-21 18:51:16,Boosterman33,uichicago,CS 421 Natural Language Processing,"I know this class is offered in the fall, and it seems like a fairly easy class since its grade distribution is pretty good. I wanted to know if it's offered in the spring as well and if it's as easy as it is in the fall? Thanks!",,Submission,1,0.67,https://www.reddit.com/r/uichicago/comments/1vup3oc/cs_421_natural_language_processing/,https://www.reddit.com/r/uichicago/comments/1vup3oc/cs_421_natural_language_processing/,[],,
1vuopmx,2026-08-21 18:37:24,Dawglover15,uichicago,How do I get department approval for a class that says “department approval required”?,,,Submission,1,0.6,https://www.reddit.com/r/uichicago/comments/1vuopmx/how_do_i_get_department_approval_for_a_class_that/,https://www.reddit.com/r/uichicago/comments/1vuopmx/how_do_i_get_department_approval_for_a_class_that/,[],,Question
1vunteh,2026-08-21 18:05:13,Valuable_Lock_9630,uichicago,"Syllabus for CS 211, 251, or 261?","Does anyone have the syllabus for any of the following courses: CS 211, CS 251, or CS 261?

If you have one, could you send me a link? I’d really appreciate it. Thanks!",,Submission,0,0.5,https://www.reddit.com/r/uichicago/comments/1vunteh/syllabus_for_cs_211_251_or_261/,https://www.reddit.com/r/uichicago/comments/1vunteh/syllabus_for_cs_211_251_or_261/,[],,Question
1vunrpa,2026-08-21 18:03:22,thefattcat13,uichicago,How to pick up UPASS,"New student here. I opted in for UPASS. I know the pickup line is in the basement of the student east center, but do I have to pay for the card first through the registrar and then wait to get my email to pick up? Or can I wait to pay later and still receive an email?",,Submission,3,0.67,https://www.reddit.com/r/uichicago/comments/1vunrpa/how_to_pick_up_upass/,https://www.reddit.com/r/uichicago/comments/1vunrpa/how_to_pick_up_upass/,[],,Question
1vugfwl,2026-08-21 13:29:59,Pleasant_Tiger6304,uichicago,Where do we go for dorm move in?,I’m a returning student and I was wondering if it’s the same as last year where we go in the giant line in the parking lot for our keys.,,Submission,0,0.5,https://www.reddit.com/r/uichicago/comments/1vugfwl/where_do_we_go_for_dorm_move_in/,https://www.reddit.com/r/uichicago/comments/1vugfwl/where_do_we_go_for_dorm_move_in/,[],,Question
1vu7o29,2026-08-21 05:50:33,Beautiful-Relief-376,uichicago,does anyone know if I still have time to drop all my classes before I get charged for this term? or am I going to get charged already?,,,Submission,0,0.44,https://www.reddit.com/r/uichicago/comments/1vu7o29/does_anyone_know_if_i_still_have_time_to_drop_all/,https://www.reddit.com/r/uichicago/comments/1vu7o29/does_anyone_know_if_i_still_have_time_to_drop_all/,[],,Question
1vu6bsd,2026-08-21 04:38:56,kha-millaa,uichicago,Find information on refunds?,"I see everyone talking about refunds, how do I know if I'll get one because right now I owe money so I don't think its possible 😕",,Submission,1,1.0,https://www.reddit.com/r/uichicago/comments/1vu6bsd/find_information_on_refunds/,https://www.reddit.com/r/uichicago/comments/1vu6bsd/find_information_on_refunds/,[],,Question
1vu45ei,2026-08-21 02:51:49,AdventurousTax5825,uichicago,"The best/chill places in the city that accept fakes (restaurants,clubs,speakeasy’s, bars,rooftops)",,,Submission,0,0.22,https://www.reddit.com/r/uichicago/comments/1vu45ei/the_bestchill_places_in_the_city_that_accept/,https://www.reddit.com/r/uichicago/comments/1vu45ei/the_bestchill_places_in_the_city_that_accept/,[],,
1vu3l5j,2026-08-21 02:25:16,Prestigious_Ear1803,uichicago,When will refunds be deposited?,Does anyone know when refunds will be deposited into our bank accounts? I heard someone say they start on Friday tomorrow but I am not sure.,,Submission,5,1.0,https://www.reddit.com/r/uichicago/comments/1vu3l5j/when_will_refunds_be_deposited/,https://www.reddit.com/r/uichicago/comments/1vu3l5j/when_will_refunds_be_deposited/,[],,Question
1vu2p6c,2026-08-21 01:44:14,BrightWoman-581,uichicago,UIC Gender and Women’s Studies Classes,,,Submission,0,0.5,,https://www.reddit.com/r/uichicago/comments/1vu2p6c/uic_gender_and_womens_studies_classes/,[],,
1vu18p0,2026-08-21 00:37:35,Intrepid-Drag9074,uichicago,I got no fafsa and no scholarships and just lost my job any recommendations?,"I gotta pay like 9k a semester, im transferring from community with a 3.7 in mech e and uic is giving me no help even tho I explained my situation to them. Any scholarship recommendations or is it too late to start applying?",,Submission,11,0.82,https://www.reddit.com/r/uichicago/comments/1vu18p0/i_got_no_fafsa_and_no_scholarships_and_just_lost/,https://www.reddit.com/r/uichicago/comments/1vu18p0/i_got_no_fafsa_and_no_scholarships_and_just_lost/,[],,Question
1vu14ly,2026-08-21 00:32:32,Mobile_Variation_844,uichicago,Am I weird?,"I see so many ""should i buy X book for Y class?"" And here i am with idk how many semesters of college just waiting for syllabus week to find that out",,Submission,21,0.96,https://www.reddit.com/r/uichicago/comments/1vu14ly/am_i_weird/,https://www.reddit.com/r/uichicago/comments/1vu14ly/am_i_weird/,[],,Question
1vty3wf,2026-08-20 22:26:04,Ol_Sam,uichicago,Closed lounges in TBH,"Why are there so many rooms labeled as “audited”? They are locked and have the windows blacked out, it seems that they are permanently left like this. It’s so unfair. There are already very few lounges in TBH and now we can’t even use half of them.",,Submission,5,1.0,https://www.reddit.com/r/uichicago/comments/1vty3wf/closed_lounges_in_tbh/,https://www.reddit.com/r/uichicago/comments/1vty3wf/closed_lounges_in_tbh/,[],,
1vtxaip,2026-08-20 21:54:16,Appropriate_Knee_482,uichicago,Do I need to purchase the book for them 123?,Do I need to purchase the book or can I get it online for free or do we not use it? Thanks. (The ,,Submission,4,1.0,https://www.reddit.com/r/uichicago/comments/1vtxaip/do_i_need_to_purchase_the_book_for_them_123/,https://www.reddit.com/r/uichicago/comments/1vtxaip/do_i_need_to_purchase_the_book_for_them_123/,[],,Question
1vtu9i0,2026-08-20 19:59:29,Opening-Fig8823,uichicago,Cannot log in to Tripshot,"I downloaded Tripshot, a newly implemented service, in preparation for using night rides during the semester. 

But when I log in with my net ID, it only says ""error,"" and UIC is not on the list. 

Could this issue be occurring because I'm using an Android phone? How did everyone log in? ",,Submission,1,0.67,https://www.reddit.com/r/uichicago/comments/1vtu9i0/cannot_log_in_to_tripshot/,https://www.reddit.com/r/uichicago/comments/1vtu9i0/cannot_log_in_to_tripshot/,[],,
1vtt4gf,2026-08-20 19:18:05,eternallyfish,uichicago,CODE RED training for RSOs,"no hate to csi and usg but why is it 6 hours and needs 1 rep to be there the whole time on this saturday? 

i might have to go as president of one of my rsos and secretary for another rso but what am i supposed to do, clone myself? i have had my move in date set as this saturday since early july 😭 im sure it's not just me who moves in the saturday before school starts either like... it's such an inconvenient time for anyone 

also none of my e-board wants to go, duh, because it's 6 hours of 'training'? and if one of my e-board members does find time to go, then i should compensate them because i know it's a huge favor 🫪 .

at least.. they provide food and refreshments at the event... but being in sce for 6 hours... shouldn't the school pay us atp? food isn't compensation, food is a basic need for holding us hostage at an event

asking my friends who are e-board members of other clubs to go on my behalf (shhh, they're general body members of my club so it's okay)...

and i NEED my club at involvement fair because we NEED members 😬 lowk csi might be trolling for this one... i dont even care about the funding but i care about the fair

is anyone else having trouble with this or is it honestly just me..?",,Submission,5,0.8,https://www.reddit.com/r/uichicago/comments/1vtt4gf/code_red_training_for_rsos/,https://www.reddit.com/r/uichicago/comments/1vtt4gf/code_red_training_for_rsos/,[],,Question
1vtsi6k,2026-08-20 18:58:09,Beautiful-Relief-376,uichicago,did I get no scholarships?,"I got this in the morning, but I am confused. Last year, on the paid section, it had the same written amount where it says accepted, but now it says 0. Also, where it has scholarships and grants, it also says 0?",,Submission,7,0.83,https://i.redd.it/cby0vumnukkh1.jpeg,https://www.reddit.com/r/uichicago/comments/1vtsi6k/did_i_get_no_scholarships/,"[""https://preview.redd.it/cby0vumnukkh1.jpeg?auto=webp&s=d50c40fa69e5db11099d7ed6c1446583bac010d3"", ""https://i.redd.it/cby0vumnukkh1.jpeg""]",,
1vts58g,2026-08-20 18:45:47,BigYogurtcloset3381,uichicago,Fafsa direct plus loans,Hey I’m just wondering if anyone’s direct plus loans has been put into their UI pay yet. I haven’t gotten mine yet and not sure if it’s everyone or just me.,,Submission,2,0.72,https://www.reddit.com/r/uichicago/comments/1vts58g/fafsa_direct_plus_loans/,https://www.reddit.com/r/uichicago/comments/1vts58g/fafsa_direct_plus_loans/,[],,Question
1vtlv7j,2026-08-20 14:59:10,Working-CityFoodie,uichicago,ASAP/Aug 31st Move: Room/Apt Wanted ~ $1300,,,Submission,1,0.67,,https://www.reddit.com/r/uichicago/comments/1vtlv7j/asapaug_31st_move_roomapt_wanted_1300/,[],,Question
1vti9bh,2026-08-20 12:34:24,Thin_Ad868,uichicago,Found this funny,,,Submission,0,0.2,https://www.reddit.com/gallery/1vti9bh,https://www.reddit.com/r/uichicago/comments/1vti9bh/found_this_funny/,"[""https://preview.redd.it/rbu57866yikh1.jpg?width=1080&format=pjpg&auto=webp&s=f13d3f4591c7826f752577381bcc82ec3b916740"", ""https://preview.redd.it/mo3cm966yikh1.jpg?width=1080&format=pjpg&auto=webp&s=52939052b994fc7e12f78516fef89f9c2c417f52""]",,
1vti8kd,2026-08-20 12:33:33,Thin_Ad868,uichicago,Rate my schedule,"This is what I got, the Urban Studies are online ",,Submission,3,0.71,https://www.reddit.com/gallery/1vti8kd,https://www.reddit.com/r/uichicago/comments/1vti8kd/rate_my_schedule/,"[""https://preview.redd.it/1xip234uxikh1.jpg?width=1080&format=pjpg&auto=webp&s=6b31de455960a711cedcd8446b633e4a792206b8"", ""https://preview.redd.it/bpfwr14uxikh1.jpg?width=1080&format=pjpg&auto=webp&s=107c25bd9bbf5d87c02c5674eea9226e6e071a50""]",,
1vthvzx,2026-08-20 12:17:59,Legal_Accountant883,uichicago,UIC elective (from a non-affiliated university),,,Submission,0,0.5,,https://www.reddit.com/r/uichicago/comments/1vthvzx/uic_elective_from_a_nonaffiliated_university/,[],,Question
1vtbdtk,2026-08-20 06:19:45,Puzzleheaded_Mess622,uichicago,Information technology courses,I was looking through some majors and I was wondering why information technology has very few courses compared to others I have seen,,Submission,0,0.5,https://www.reddit.com/r/uichicago/comments/1vtbdtk/information_technology_courses/,https://www.reddit.com/r/uichicago/comments/1vtbdtk/information_technology_courses/,[],,Question
1vt9bt5,2026-08-20 04:27:39,TourEnvironmental990,uichicago,Anatomy vs Organic Chemistry,"I’m a UIC transfer student this fall and I was wondering if anatomy + lab (kn 230+232) is easier than organic chemistry (chem 232- not including lab). I found an opening for anatomy lab and now my schedule would just be on Mondays, Wednesdays, and Fridays, which would be better for my commute. My other classes are HN 202, ECON 120, BIO 120, and AHS 200. Any suggestions? And does anyone know if the anatomy book is over 200 dollars or if there’s an alternative? Thanks! ",,Submission,0,0.5,https://www.reddit.com/r/uichicago/comments/1vt9bt5/anatomy_vs_organic_chemistry/,https://www.reddit.com/r/uichicago/comments/1vt9bt5/anatomy_vs_organic_chemistry/,[],,
1vt8gvr,2026-08-20 03:45:20,Pix_Boss,uichicago,Good Scheduling Tips?,"Hi there, so I'm currently a freshman and I really want to make sure I have everything organized, however everything is lowkey all over the place. I was wondering if anyone had any good advise they'd like to share about how they stay on top of everything that they do and how they schedule things and keep track of it?

I'm currently using google maps, but I'm sure that there are better alternatives. Thanks!",,Submission,2,0.75,https://www.reddit.com/r/uichicago/comments/1vt8gvr/good_scheduling_tips/,https://www.reddit.com/r/uichicago/comments/1vt8gvr/good_scheduling_tips/,[],,Question
1vt6vfu,2026-08-20 02:28:47,Realistic-Ad-3833,uichicago,Is blackboard not working for anyone else?,Title. Already cleared cookies and used alternative browser. Also changed my net ID password. Same error message pops up,,Submission,2,0.75,https://www.reddit.com/r/uichicago/comments/1vt6vfu/is_blackboard_not_working_for_anyone_else/,https://www.reddit.com/r/uichicago/comments/1vt6vfu/is_blackboard_not_working_for_anyone_else/,[],,Question
1vt6oyt,2026-08-20 02:20:34,lilyakaleechy,uichicago,How to change majors?,"I made an account just for this because i’m completely lost. I am an upcoming freshman that is currently in buisness but I want to change to psychology. I already emailed my advisors for help and they responded with the deadline being past due and that I’ll have to wait for spring semester, which I understand. The only confusion I have currently is that there is a kind of session with the “LASTICT” I have to do but I have no clue what/who that is and how I can meet with them…their page on the website isn’t very helpful and informative too. Can anyone help me? Thank you very much! ",,Submission,2,0.67,https://www.reddit.com/r/uichicago/comments/1vt6oyt/how_to_change_majors/,https://www.reddit.com/r/uichicago/comments/1vt6oyt/how_to_change_majors/,[],,Question
1vt3lx8,2026-08-20 00:03:59,Full-Potato-3698,uichicago,Is 18 credit hours too much for a first semester freshman?,"My advisor a couple of days ago send me an email saying that she recommends me taking 14-16 hours of courses, however because half of my courses are online and the other half are in person I thought it would be an easy workload, also I'm a CLJ so the coursework isn't hard as science or other majors. I'm stuck in between because I want to graduate in three years, and would have to do 17 or more hours per semester. Hope I could hear some advice about this issue",,Submission,10,0.92,https://www.reddit.com/r/uichicago/comments/1vt3lx8/is_18_credit_hours_too_much_for_a_first_semester/,https://www.reddit.com/r/uichicago/comments/1vt3lx8/is_18_credit_hours_too_much_for_a_first_semester/,[],,Question
1vt0cx5,2026-08-19 21:52:20,Mammoth_Fudge6614,uichicago,Selling a book for SPAN 101 Students for $5,"Hi, if you’re taking spanish 101 I am selling a reading book that you’ll need for class called “El Sombrero.” I’m selling mine for 5$. DM if you’re interested!!! ",,Submission,0,0.5,https://www.reddit.com/gallery/1vt0cx5,https://www.reddit.com/r/uichicago/comments/1vt0cx5/selling_a_book_for_span_101_students_for_5/,"[""https://preview.redd.it/e78wukftkekh1.jpg?width=4284&format=pjpg&auto=webp&s=b4ee879709b9c6d5ab59c8307fe03f74402916a5"", ""https://preview.redd.it/r2nt7kftkekh1.jpg?width=4284&format=pjpg&auto=webp&s=af6189b458ce5b271e150b616fa02c9179dfc415""]",,
1vsypkr,2026-08-19 20:49:16,Illustrious-Panda385,uichicago,Is my schedule doable for fall 2026?,It's a lot of technical electives. Which ones should I keep or drop?,,Submission,15,0.8,https://i.redd.it/ubslnxjk9ekh1.jpeg,https://www.reddit.com/r/uichicago/comments/1vsypkr/is_my_schedule_doable_for_fall_2026/,"[""https://preview.redd.it/ubslnxjk9ekh1.jpeg?auto=webp&s=f67b91a2ddaeb900aa9d6d53c1b17d63944a6652"", ""https://i.redd.it/ubslnxjk9ekh1.jpeg""]",,Question
1vswxaz,2026-08-19 19:44:09,Appropriate_Map_1,uichicago,Tips from a Senior,"I know a bunch of you are probably nervous about your first day of class so here are some tips. 

1. Use the Rec center. It’s free and has a bunch of amenities such as showers, lounges, sauna, steam room, pool, massage chairs, Tropical Smoothie, and events. Check out their Outdoor Trips, this semester includes: Palos Hills Day Trip, Matthiessen State Park Hiking Trip, Devils Lake Camping Trip, Indiana Dunes Trip, and Spring Break in US Virgin Islands. It’s money well worth. 

2. Use the Library. There’s a coffee shop on the first floor. 3rd and 4th are quiet floors and perfect to do work. Download WEPA app to use the printers.

3. Stay Aware of surroundings. Do not walk around with headphones on full blast. There has been a bunch of groping reports over summer and last semester. Download Citizen App to see crimes around the campus. Keep UIC Police phone number ready and download UIC Safe app.

4.  Learn the Area, visit random restaurants around campus. You will get tired of campus food.

5. APPLY TO SCHOLARSHIPS. I got a free trip to Europe over the summer by applying to 3 scholarships. It’s literally just writing essays and maybe a letter of recommendation. Around 8k$ worth. I’m not even a A/B grade student. Just apply. ",,Submission,165,0.98,https://www.reddit.com/r/uichicago/comments/1vswxaz/tips_from_a_senior/,https://www.reddit.com/r/uichicago/comments/1vswxaz/tips_from_a_senior/,[],,Other
1vswhqe,2026-08-19 19:28:17,Able-War-8173,uichicago,How long are your commutes?,For me I have a 10 am class and will basically need to be ready and out the door at 8:15 am ish. (I dont have a car yet so i gotta ride the train). Is that bad 🫠 ik majority of people are commuting so LMK,,Submission,26,0.96,https://www.reddit.com/r/uichicago/comments/1vswhqe/how_long_are_your_commutes/,https://www.reddit.com/r/uichicago/comments/1vswhqe/how_long_are_your_commutes/,[],,Discussion
1vsudzo,2026-08-19 18:13:42,Select-Ad7453,uichicago,how to navigate the BSB?,"I have two classes in the BSB (133 and 250) and they’re both 15 minutes apart and i’m nervous about being late to class because of it 😭😭 how to i navigate through the building? i feel like no one has really given a clear understanding of it

edit: my classes weren’t hard to find at all! there were all in close proximity so yay \\^\\_\\^",,Submission,9,0.91,https://www.reddit.com/r/uichicago/comments/1vsudzo/how_to_navigate_the_bsb/,https://www.reddit.com/r/uichicago/comments/1vsudzo/how_to_navigate_the_bsb/,[],Psychology | 2030,Question
1vsssc2,2026-08-19 17:18:11,Angel23g,uichicago,Tech electives for ME,"During advising week we were given a survey to fill out and in that survey we were asked if we were going to take any tech electives, I chose no, but now I’m planning on taking one, would I need to fill out a form in order for the degree audit to properly register it?",,Submission,0,0.5,https://www.reddit.com/r/uichicago/comments/1vsssc2/tech_electives_for_me/,https://www.reddit.com/r/uichicago/comments/1vsssc2/tech_electives_for_me/,[],Mechanical Engineering ,Question
1vsqrkm,2026-08-19 16:07:31,KamiKrazeHQ,uichicago,Is IDS 312 online?,"Some of my friends who took it said even though it says in person it’s online, can anyone lmk?",,Submission,1,0.67,https://www.reddit.com/r/uichicago/comments/1vsqrkm/is_ids_312_online/,https://www.reddit.com/r/uichicago/comments/1vsqrkm/is_ids_312_online/,[],,Question
1vsn7ex,2026-08-19 13:57:50,Hopeful_Land_346,uichicago,CALLING ALL BIO MAJORSSS!!!!,"I just discovered this website in a rampant search for the bios 437 syllabus :) 

[https://bios.uic.edu/academics/undergraduate-studies/undergraduate-course-syllabi/](https://bios.uic.edu/academics/undergraduate-studies/undergraduate-course-syllabi/)",,Submission,7,0.71,https://www.reddit.com/r/uichicago/comments/1vsn7ex/calling_all_bio_majorsss/,https://www.reddit.com/r/uichicago/comments/1vsn7ex/calling_all_bio_majorsss/,"[""https://external-preview.redd.it/H4x2xgV7YNmFyvcuQErQUAvO2BFd8tiraezvZU0oBKo.jpeg?auto=webp&s=fc1374035fa594d59e3dadaad6fdab0eebd6a432""]",,News
1vse28u,2026-08-19 06:10:02,SorryChampionship348,uichicago,MSLC PLA job,I interviewed for the pla job a while back does anyone know when they release who gets to be a pla ,,Submission,2,0.75,https://www.reddit.com/r/uichicago/comments/1vse28u/mslc_pla_job/,https://www.reddit.com/r/uichicago/comments/1vse28u/mslc_pla_job/,[],,
1vsdl0q,2026-08-19 05:43:41,Sure_Orchid2346,uichicago,Female roommate needed ASAP,"Hey everyone! My roommates and I are looking for **1 female roommate**!  
**Rent: $725/month including utilities**  
**Lease starts August 20, 2026**  
**Address: DM me**  
**4 bedroom / 1 bathroom apartment**  
**Location:**  
About a **20-minute walk to UIC Student Center East**  
About a **15–20-minute walk to UIC Student Center West**  
Close to UIC campus  
**Apartment:**  
Fully furnished  
Private bedroom  
Shared kitchen and bathroom  
Looking for someone who is clean, respectful, and responsible.  
If interested or if you have any questions, **just DM me!**",,Submission,4,0.83,https://www.reddit.com/r/uichicago/comments/1vsdl0q/female_roommate_needed_asap/,https://www.reddit.com/r/uichicago/comments/1vsdl0q/female_roommate_needed_asap/,[],,Discussion
1vscwy1,2026-08-19 05:08:25,int_ptr,uichicago,Incoming EE Grad,"Late post.

Is anyone here in the same situation where you will be taking EE 225? I have a bachelor's in CS.

Wanted to know how your work/school/life( maybe kids; i have a kid) balance?

I'm just a little stress but it will put me at ease to find someone relatable and have someone to talk to. 

Thanks!",,Submission,2,0.75,https://www.reddit.com/r/uichicago/comments/1vscwy1/incoming_ee_grad/,https://www.reddit.com/r/uichicago/comments/1vscwy1/incoming_ee_grad/,[],,Discussion
1vscbjn,2026-08-19 04:37:53,Ok_Lemon3351,uichicago,Flock Cameras around UIC,"This is a map of the Flock cameras on/near campus, as shown on the DeFlock map.",,Submission,301,0.99,https://i.redd.it/wwt8qh57c9kh1.png,https://www.reddit.com/r/uichicago/comments/1vscbjn/flock_cameras_around_uic/,"[""https://preview.redd.it/wwt8qh57c9kh1.png?auto=webp&s=e224530925f18bcd7bced0c31dc089c5829fc036"", ""https://i.redd.it/wwt8qh57c9kh1.png""]",,
1vsb36m,2026-08-19 03:35:20,Nynodon,uichicago,"Its That Time of Year! Rate my Schedule lol (16 hrs, CHE)","https://preview.redd.it/kvlt1qb549kh1.png?width=931&format=png&auto=webp&s=d7a7218baec111c40c4c2f76ba28f0805d90638b

Some notes

\\- I have an estimated 80 hours of schoolwork, between in class time and 2-3 hrs of homework per credit hour

\\- I couldn't register for the FYF CHE seminar at all last year, so my advisor said I should do the transfer seminar

\\- Unfortunately, once again, doing band would likely make me burn out from the workload :(

Best of luck to any of y'all still fighting for registration slots! And hoping to a good school year",,Submission,1,0.6,https://www.reddit.com/r/uichicago/comments/1vsb36m/its_that_time_of_year_rate_my_schedule_lol_16_hrs/,https://www.reddit.com/r/uichicago/comments/1vsb36m/its_that_time_of_year_rate_my_schedule_lol_16_hrs/,[],Chemical Engineering | 2029,Other
1vs7gwj,2026-08-19 00:49:31,NoEstablishment9177,uichicago,Is IPAD worth it for stem? How do you take notes?,"Hi! I’m an incoming freshman majoring in biology, and I’m trying to figure out how I should take notes. I currently have a MacBook but don’t own an iPad.  
Is an iPad worth it as a STEM major? Will I be at a disadvantage without one?

I personally prefer pen and paper, but I’m worried I won’t be able to keep up with handwritten notes during lectures. That’s why I’m considering an iPad as a sort of middle ground where I could write notes digitally.

For those who use an iPad, what do you primarily use your MacBook for? And for those who don’t use an iPad, do you regularly use notebooks for notes and problem-solving?

I’m mostly trying to figure out whether  
I should invest in an iPad or just stick with my MacBook + notebooks.",,Submission,8,0.83,https://www.reddit.com/r/uichicago/comments/1vs7gwj/is_ipad_worth_it_for_stem_how_do_you_take_notes/,https://www.reddit.com/r/uichicago/comments/1vs7gwj/is_ipad_worth_it_for_stem_how_do_you_take_notes/,[],,Question
1vs6dbf,2026-08-19 00:01:59,East-Priority7292,uichicago,Anybody have experience with these guys? For MATH 218 Linear Algebra.,"https://preview.redd.it/ndx55juy28kh1.png?width=2618&format=png&auto=webp&s=ebbb29b690a74dccb7b0b8be2c38301ea4aec829

Anybody have experience with these guys? For MATH 218 Linear Algebra.",,Submission,0,0.5,https://www.reddit.com/r/uichicago/comments/1vs6dbf/anybody_have_experience_with_these_guys_for_math/,https://www.reddit.com/r/uichicago/comments/1vs6dbf/anybody_have_experience_with_these_guys_for_math/,[],,Question
1vs67r6,2026-08-18 23:56:03,East-Priority7292,uichicago,Which Prof for IE 342 Engineering?,"Taking IE 342 this semester, does anybody have experience with these two instructors?

https://preview.redd.it/rhddf5zq18kh1.png?width=2646&format=png&auto=webp&s=b6c85897471b7a62a9ba7e89d9b83611eb840d4b

Huang, Jida or Ruskey Brendan

Thanks",,Submission,0,0.5,https://www.reddit.com/r/uichicago/comments/1vs67r6/which_prof_for_ie_342_engineering/,https://www.reddit.com/r/uichicago/comments/1vs67r6/which_prof_for_ie_342_engineering/,[],,Question
1vs5ce0,2026-08-18 23:18:34,BrightWoman-581,uichicago,Transfer to UIC,"Considering transferring to UIC Spring 2027.   
Focus is Women’s and Gender Studies.   
Interested in Black/Latinx/Ethnic Studies and French foreign language.  
My current university has limited options for topics in these areas and none for French. 

I’m an Illinois resident   
Financially independent.  
My GPA is 3.95  
Plan to take 3 online classes per semester

Tell me about your experiences with these subjects at junior and senior levels. 

*Thanks for your advice!*",,Submission,0,0.5,https://www.reddit.com/r/uichicago/comments/1vs5ce0/transfer_to_uic/,https://www.reddit.com/r/uichicago/comments/1vs5ce0/transfer_to_uic/,[],,Discussion
1vs4w63,2026-08-18 22:59:57,Soft-Cobbler-7857,uichicago,UIC aspire age limit,Anybody know if there is an age limit for uic aspire like there is for uiuc illinois commitment?,,Submission,1,0.67,https://www.reddit.com/r/uichicago/comments/1vs4w63/uic_aspire_age_limit/,https://www.reddit.com/r/uichicago/comments/1vs4w63/uic_aspire_age_limit/,[],,
1vs26qv,2026-08-18 21:12:09,strawberriescherriez,uichicago,is anyone else nervous for the first day?,the first day of class is next monday and i’m honestly so terrified. i’m the most quietest anxious person ever uni is gonna eat me alive ,,Submission,55,0.92,https://www.reddit.com/r/uichicago/comments/1vs26qv/is_anyone_else_nervous_for_the_first_day/,https://www.reddit.com/r/uichicago/comments/1vs26qv/is_anyone_else_nervous_for_the_first_day/,[],,Question
1vs1n54,2026-08-18 20:51:44,Successful-Pop-5436,uichicago,Rate my Schedule 🫩,I have one online class too. I planned this schedule with student employment in mind (in the three hour gap) but atp idk if I’ll get it.,,Submission,0,0.5,https://i.redd.it/p7czoji357kh1.jpeg,https://www.reddit.com/r/uichicago/comments/1vs1n54/rate_my_schedule/,"[""https://preview.redd.it/p7czoji357kh1.jpeg?auto=webp&s=f6f811414afc0be0d85f6788cb1481b05766e17a"", ""https://i.redd.it/p7czoji357kh1.jpeg""]",,
1vs18xn,2026-08-18 20:36:56,peacefuldink,uichicago,Sublease available for move in,Looking for a Muslim roommate (the current roommate only wants to live with a Muslim)  for a shared room near IIT campus. Rent is $355+ utilities. Free street parking and in unit laundry and dishwasher. Dm for more details and pics. ,,Submission,0,0.25,https://www.reddit.com/r/uichicago/comments/1vs18xn/sublease_available_for_move_in/,https://www.reddit.com/r/uichicago/comments/1vs18xn/sublease_available_for_move_in/,[],,
1vs16al,2026-08-18 20:34:10,RevolutionaryFee6193,uichicago,Looking for a house,"Hi all, I’m looking for a private room to sublease in Little Italy or Tri Taylor area or anywhere nearby. It’s kinda urgent. If you have any leads, please dm. Thank you.",,Submission,0,0.5,https://www.reddit.com/r/uichicago/comments/1vs16al/looking_for_a_house/,https://www.reddit.com/r/uichicago/comments/1vs16al/looking_for_a_house/,[],,
1vs15lx,2026-08-18 20:33:26,TheJackasaur11,uichicago,Looking for someone who’s willing to give a spot in chem 125 class,"Long story short, a friend of mine (u/Cheesy\\_Peez) is looking for a spot in the class in order to graduate on time, specifically on either Tuesday or Friday if possible. Any time would be greatly appreciated, even 8AM. Thank you so much to anyone willing!! ",,Submission,0,0.5,https://www.reddit.com/r/uichicago/comments/1vs15lx/looking_for_someone_whos_willing_to_give_a_spot/,https://www.reddit.com/r/uichicago/comments/1vs15lx/looking_for_someone_whos_willing_to_give_a_spot/,[],Neuroscience | 2029,Discussion
1vrywy2,2026-08-18 19:12:59,kha-millaa,uichicago,1600$ bill at Uic,I originally only had to pay 600$ because of opted in costs. I had made a post previously that I was awarded 775$ through the Uic aspire grant that ended up only being 2$ once fafsa was applied. I’m able to pay 600$ but I won’t be able to pay off all 1600$ would I be able to call financial aid and ask for the full 775$ to cover costs or it won't be worth it. What can I do in this situation? ,,Submission,4,0.83,https://www.reddit.com/r/uichicago/comments/1vrywy2/1600_bill_at_uic/,https://www.reddit.com/r/uichicago/comments/1vrywy2/1600_bill_at_uic/,[],,
1vrwgpr,2026-08-18 17:47:27,Neat_Survey7141,uichicago,UIC grad school cost,"Hello! I am just wondering how much you guys are paying per sem for grad school. I am looking to go into the marketing masters program (MSM) at UIC next year, and wondering how much it will be. If i do 4 classes a sem (I would finish in 2 sems), but it’s around 14k per sem for full price. (without any scholarships)

I am not sure if this is worth it, I typically got a lot of grants for undergrad. I am assuming i won’t pay the full 14k, and they will offer some aid?

so if someone in a similar situation could help answer my question that would be great!",,Submission,0,0.5,https://www.reddit.com/r/uichicago/comments/1vrwgpr/uic_grad_school_cost/,https://www.reddit.com/r/uichicago/comments/1vrwgpr/uic_grad_school_cost/,[],,
1vrv1no,2026-08-18 16:58:00,bowieshouse,uichicago,Question about intramural sports,"Hey guys, I’m trying to sign up for intramural soccer for the fall but saw that it’s completely empty. Not only that but every other sport is too. Am I missing something here??",,Submission,0,0.5,https://www.reddit.com/r/uichicago/comments/1vrv1no/question_about_intramural_sports/,https://www.reddit.com/r/uichicago/comments/1vrv1no/question_about_intramural_sports/,[],,Question
1vruaof,2026-08-18 16:32:29,Hopeful_Land_346,uichicago,anyone take span 225 with steven marsh?,"I saw some bad ratings for him on rate my professor, but i didn't see this class being taught by him. I want to know if this class is hard",,Submission,0,0.5,https://www.reddit.com/r/uichicago/comments/1vruaof/anyone_take_span_225_with_steven_marsh/,https://www.reddit.com/r/uichicago/comments/1vruaof/anyone_take_span_225_with_steven_marsh/,[],,Question
1vru919,2026-08-18 16:30:51,Hopeful_Land_346,uichicago,is bios 437 hard? (topics in tropical ecology),I saw a few class materials online and it looked kinda scary. Is the class chill/easy A or nah? ,,Submission,0,0.5,https://www.reddit.com/r/uichicago/comments/1vru919/is_bios_437_hard_topics_in_tropical_ecology/,https://www.reddit.com/r/uichicago/comments/1vru919/is_bios_437_hard_topics_in_tropical_ecology/,[],,Question
1vrtpxb,2026-08-18 16:13:18,Odd_Reputation4638,uichicago,how long after the funds are disbursed did you see them in your account?,how long after the scholarship funds get submitted to uic from a PRIVATE ORGANIZATION were you able to see the funds reflected in your account? mostly looking for answers from international students but open to any,,Submission,1,0.67,https://www.reddit.com/r/uichicago/comments/1vrtpxb/how_long_after_the_funds_are_disbursed_did_you/,https://www.reddit.com/r/uichicago/comments/1vrtpxb/how_long_after_the_funds_are_disbursed_did_you/,[],,Question
1vrtoof,2026-08-18 16:12:13,Odd_Reputation4638,uichicago,will i get a spot into an engineering class thats full?,how likely is it that spots will open up after classes start for the classes im waitlisted for?,,Submission,2,0.75,https://www.reddit.com/r/uichicago/comments/1vrtoof/will_i_get_a_spot_into_an_engineering_class_thats/,https://www.reddit.com/r/uichicago/comments/1vrtoof/will_i_get_a_spot_into_an_engineering_class_thats/,[],,Question
1vrst4i,2026-08-18 15:43:56,Pineapple-Duck1,uichicago,Rate the schedule yall,,,Submission,5,0.89,https://i.redd.it/5rz7tgn6m5kh1.jpeg,https://www.reddit.com/r/uichicago/comments/1vrst4i/rate_the_schedule_yall/,"[""https://preview.redd.it/5rz7tgn6m5kh1.jpeg?auto=webp&s=f08d438b0eb0dcfb7c814999fec982490c02ec46"", ""https://i.redd.it/5rz7tgn6m5kh1.jpeg""]",,
1vrrgld,2026-08-18 14:53:53,Able_Meat_4497,uichicago,Looking for an apparment,"I’m looking for an apartment for two people, with a move-in date as soon as possible. We’re looking for a private unit with a separate bathroom and kitchen, with a budget of around $1,400 per month. Does anyone know of any available apartments or recommend any reliable platforms or websites I can use for my search?",,Submission,0,0.4,https://www.reddit.com/r/uichicago/comments/1vrrgld/looking_for_an_apparment/,https://www.reddit.com/r/uichicago/comments/1vrrgld/looking_for_an_apparment/,[],,Question
1vrqu0p,2026-08-18 14:30:30,Hopeful_Land_346,uichicago,anyone have the chem 234 syllabus??,title,,Submission,1,0.67,https://www.reddit.com/r/uichicago/comments/1vrqu0p/anyone_have_the_chem_234_syllabus/,https://www.reddit.com/r/uichicago/comments/1vrqu0p/anyone_have_the_chem_234_syllabus/,[],,Question
1vrqei5,2026-08-18 14:14:48,infatuatedGreen,uichicago,Financial Aid refund,"Is it just me or my financial refund is still showing up as credits usually it’s gets refund status immediately. Right now it just shows up as credits not refund, when will refunds status get applied?",,Submission,4,0.72,https://www.reddit.com/r/uichicago/comments/1vrqei5/financial_aid_refund/,https://www.reddit.com/r/uichicago/comments/1vrqei5/financial_aid_refund/,[],,
1vrkrl5,2026-08-18 09:58:46,Mysterious-Honey6340,uichicago,"where is ""2235 Educatn, Theat, Mus & Soc Work""?",is that the theater building? ,,Submission,0,0.5,https://www.reddit.com/r/uichicago/comments/1vrkrl5/where_is_2235_educatn_theat_mus_soc_work/,https://www.reddit.com/r/uichicago/comments/1vrkrl5/where_is_2235_educatn_theat_mus_soc_work/,[],,Question
1vrhr74,2026-08-18 07:00:23,froze7,uichicago,do we attend discussion sections on monday for first week,i only have discussions on monday just wondering if they still run i forgot,,Submission,0,0.25,https://www.reddit.com/r/uichicago/comments/1vrhr74/do_we_attend_discussion_sections_on_monday_for/,https://www.reddit.com/r/uichicago/comments/1vrhr74/do_we_attend_discussion_sections_on_monday_for/,[],,
1vrfei9,2026-08-18 04:51:27,AssociationObvious56,uichicago,are we actually moving to canvas?,"checked canvas and there’s no courses listed for fall but theyre all listed on blackboard, and according to the uic canvas website we’re supposed to be added to our courses 2 weeks before courses begin? ",,Submission,18,0.88,https://www.reddit.com/r/uichicago/comments/1vrfei9/are_we_actually_moving_to_canvas/,https://www.reddit.com/r/uichicago/comments/1vrfei9/are_we_actually_moving_to_canvas/,[],,Question
1vrccaa,2026-08-18 02:21:16,Mean-Ad-2004,uichicago,Transfering from community college to uic for the spring semester,"Hi, does anyone know if its possible to transfer to UIC for the spring semester and not the usual start from fall semester? ",,Submission,1,0.67,https://www.reddit.com/r/uichicago/comments/1vrccaa/transfering_from_community_college_to_uic_for_the/,https://www.reddit.com/r/uichicago/comments/1vrccaa/transfering_from_community_college_to_uic_for_the/,[],,
1vrcai3,2026-08-18 02:18:49,Issaacc_newton,uichicago,Does the subway at SCE take mobile orders from the subway app?,,,Submission,1,0.6,https://www.reddit.com/r/uichicago/comments/1vrcai3/does_the_subway_at_sce_take_mobile_orders_from/,https://www.reddit.com/r/uichicago/comments/1vrcai3/does_the_subway_at_sce_take_mobile_orders_from/,[],Mechanical Engineering | 2029,Question
1vrboc9,2026-08-18 01:50:42,Altruistic-Bat1388,uichicago,Helppp (Veryyy longgg post),,,Submission,0,0.33,,https://www.reddit.com/r/uichicago/comments/1vrboc9/helppp_veryyy_longgg_post/,[],,
1vrbmrt,2026-08-18 01:48:44,Altruistic-Bat1388,uichicago,Helppp (Veryyy longgg post),"I’m a senior in high school and I’m hella nervous I won’t get in. 

I have a 4.0 weighted GPA (it will go up this semester TRUST) and a 3.28 unweighted GPA (IDK what I was doing) 

I took the ACT and got a 23 on it  (I got fried) 

I‘ve taken honors + AP class(es) every single year. 

Freshman year: AP Bio: both sem: C. World History Honors: both sem: B. 4 elective: All a’s. English 1 Honors: Both sem: A. Geometry Honors: both sem: C . Spanish 2 H: both sem:A 

Soph year: Chem Honors: B and C. Ap Euro: B and A. Algebra w trig honors: both sem: C. 4 electives: all A’s. English 2 Honors: both sem: A. Spanish 3 H: C and A. 

Junior year: Physics Honors: Both sem C. APUSH: both sem: A. 4 electives: all a’s. Pre Calculus Honors: C and D (I really tried to cook I swear) AP Spanish: Both sem: A’s

senior year classes I’m taking rn: AP Chem, AP Stats, Dual Credit English, AP Psychology, 3 electives, AP US gov + politics 



Im super super nervous because I‘m well aware U of I ain’t gonna me so this is like my only hope. 

Please, Please, Please be brutally honest. I really need honesty. ",,Submission,0,0.18,https://www.reddit.com/r/uichicago/comments/1vrbmrt/helppp_veryyy_longgg_post/,https://www.reddit.com/r/uichicago/comments/1vrbmrt/helppp_veryyy_longgg_post/,[],,
1vralrv,2026-08-18 01:02:06,AssociationObvious56,uichicago,has anyone done intramural basketball?,has anyone played intramural basketball before? i’m interested in signing up to play for fun but i’m lowkey buns and idk what the vibe is like? like is it super competitive or more casual? and also what time do they play (women’s) ?,,Submission,2,0.67,https://www.reddit.com/r/uichicago/comments/1vralrv/has_anyone_done_intramural_basketball/,https://www.reddit.com/r/uichicago/comments/1vralrv/has_anyone_done_intramural_basketball/,[],,Question
1vralem,2026-08-18 01:01:39,lilytbh23,uichicago,Is the website down?,,,Submission,0,0.5,https://www.reddit.com/r/uichicago/comments/1vralem/is_the_website_down/,https://www.reddit.com/r/uichicago/comments/1vralem/is_the_website_down/,[],,Question
1vrafp6,2026-08-18 00:54:47,No-Employee9446,uichicago,Freshman First Week?,"For the first week of classes, is it all syllabus and events or do we jump straight into material after a day of syllabus and expectations? i thought it’d be the former but i keep hearing on the internet that some colleges do the latter ",,Submission,1,0.6,https://www.reddit.com/r/uichicago/comments/1vrafp6/freshman_first_week/,https://www.reddit.com/r/uichicago/comments/1vrafp6/freshman_first_week/,[],Pre-med & Psych | ’30,Question
1vr9b3i,2026-08-18 00:05:29,Significant-Ship5996,uichicago,rate my schedule!,"First year Data science major, already completed both academic writing courses through dual credit and received 4s on AP gov and calc AB.

 lmk if my schedule is headed in the right direction or not 😅😅",,Submission,1,0.6,https://i.redd.it/yuc5b08ry0kh1.jpeg,https://www.reddit.com/r/uichicago/comments/1vr9b3i/rate_my_schedule/,"[""https://preview.redd.it/yuc5b08ry0kh1.jpeg?auto=webp&s=ccb6a499c77f5e90254a783492c7a7e931cacdda"", ""https://i.redd.it/yuc5b08ry0kh1.jpeg""]",,
1vr7gdu,2026-08-17 22:47:32,Next-Wallaby-644,uichicago,CHEM AND STATS BOOKS,"hey guys I need to find pdfs of Chemistry, An Atoms-Focused Approach, Fourth Edition Ebook, Smartwork, and Animations, Gen Chem I Lab Manual (CHEM 123), Achieve for the Practice of Statistics in the Life Sciences (1-Term Online), Practice of Stats (Loose pages)(w/Achieve Access Card) by Baldi pls pls pls help me I don't wanna spend one mil on books",,Submission,0,0.5,https://www.reddit.com/r/uichicago/comments/1vr7gdu/chem_and_stats_books/,https://www.reddit.com/r/uichicago/comments/1vr7gdu/chem_and_stats_books/,[],,
1vr5o05,2026-08-17 21:36:20,therealhamza38,uichicago,Rate My Schedule | 3rd year transfer CS,"I know its a decent amount of classes and I'm gonna be busy all week with school but hey, I've had worse.",,Submission,1,0.67,https://i.redd.it/pj2cyqao70kh1.png,https://www.reddit.com/r/uichicago/comments/1vr5o05/rate_my_schedule_3rd_year_transfer_cs/,"[""https://preview.redd.it/pj2cyqao70kh1.png?auto=webp&s=ff6002c1626ab2df5c4391cb9eb0df81be08953b"", ""https://i.redd.it/pj2cyqao70kh1.png""]",Comp Sci | 2028,Other
1vr54ho,2026-08-17 21:15:21,Neat_Survey7141,uichicago,UIC Graduate student assistantships,"Does anyone have any information on doing an assistantship for the college of business? This is for grad students! I relied heavily on grants for my undergrad and I am nervous what my cost for grad school will be. 

I heard assistantships will fully pay your tuition, but it shows that business students don’t get offered them, and we can only do something called “graduate hourly” which is just a job that doesn’t cover tuition. Does anyone have any experience??",,Submission,0,0.25,https://www.reddit.com/r/uichicago/comments/1vr54ho/uic_graduate_student_assistantships/,https://www.reddit.com/r/uichicago/comments/1vr54ho/uic_graduate_student_assistantships/,[],,
1vr1rg6,2026-08-17 19:12:10,SaltIndividual6094,uichicago,When Does Try It Free Week Registration Open?,"I got an automated email this morning from the rec center talking about ""try it free week"" for the premium classes there. It says to register early for the class, but when I go to register for one it's not open yet. There are only 10 spots open in the class I want - does anyone know when registration opens? I want to make sure I don't lose my spot 🥲",,Submission,0,0.5,https://www.reddit.com/r/uichicago/comments/1vr1rg6/when_does_try_it_free_week_registration_open/,https://www.reddit.com/r/uichicago/comments/1vr1rg6/when_does_try_it_free_week_registration_open/,[],BIOS MCOB | 2027,Question
1vqyzx2,2026-08-17 17:35:54,Pix_Boss,uichicago,Writing and Resume Help at Writing Center?,"Hi there, I'm an incoming freshman and I was wondering if the Writing workshop in Grant Hall is open for students as of right now, and if they can help me with my resume and with making it and refining it and etc.

  
Thanks!",,Submission,1,0.67,https://www.reddit.com/r/uichicago/comments/1vqyzx2/writing_and_resume_help_at_writing_center/,https://www.reddit.com/r/uichicago/comments/1vqyzx2/writing_and_resume_help_at_writing_center/,[],,Question
1vqvrgt,2026-08-17 15:36:49,None,uichicago,Looking for old Papadantonakis CHEM 123 Lab Manual (will pick up on campus!),"Hey everyone, I'm taking CHEM 123 this semester and the bookstore is completely out of stock of the Papadantonakis lab manual.If you took the class recently and still have your old physical copy laying around, I will happily take it off your hands for free! I can meet you anywhere on campus (SCE, ARC, Library, etc.) whenever you are free to pick it up.Let me know if you have one gathering dust. Thanks!

Edit: My private chat isn't working since this is a new account, so please reply directly to this post if you have a copy!",,Submission,1,0.67,https://www.reddit.com/r/uichicago/comments/1vqvrgt/looking_for_old_papadantonakis_chem_123_lab/,https://www.reddit.com/r/uichicago/comments/1vqvrgt/looking_for_old_papadantonakis_chem_123_lab/,[],,
1vqvmue,2026-08-17 15:31:51,Sensitive_Aspect3963,uichicago,Orgo Chem 232 drop,"i took the prereq for chem 232 over the summer but forgot to submit my transcript in time and they ended up taking my seat is anyone planning on dropping chem 232 or willing to drop/switch sections for something in exchange? pls lmk, i really need this class. ",,Submission,0,0.5,https://www.reddit.com/r/uichicago/comments/1vqvmue/orgo_chem_232_drop/,https://www.reddit.com/r/uichicago/comments/1vqvmue/orgo_chem_232_drop/,[],,Question
1vqmzyb,2026-08-17 09:01:31,Abu_allzoz,uichicago,Rate my schedule plz. First year student,"I’m also taking three online classes, MUS127, MUS100, HN202.  
Do u guys think I should switch one of my online class to an in-person one?",,Submission,1,0.6,https://i.redd.it/ny77ri6hhwjh1.jpeg,https://www.reddit.com/r/uichicago/comments/1vqmzyb/rate_my_schedule_plz_first_year_student/,"[""https://preview.redd.it/ny77ri6hhwjh1.jpeg?auto=webp&s=5da894a8e84699867aae4128e0ec0d3fe6ef9b9a"", ""https://i.redd.it/ny77ri6hhwjh1.jpeg""]",,
1vqhptb,2026-08-17 04:01:23,Thin_Ad868,uichicago,"New Student Advising, Virtual?","So I just signed up for New Student Advising ( i know it's so late, im sorry!) and it says CDT Virtual, does this mean it's virtual, as in I don't have to go? So all I have to do is click the link and that's it? 

Sorry for the very dumb question, I just want to make sure.

Also, it seems there no more dates available for orientation, is that a bad thing for me? Is it actually required? Am I doomed now? It's the last check I need to fill for my progress. 

And I am having trouble with my netid, once that is resolve, is that how I can choose my classes?

Please don't judge, I know I am very late to all this :(",,Submission,1,0.67,https://www.reddit.com/r/uichicago/comments/1vqhptb/new_student_advising_virtual/,https://www.reddit.com/r/uichicago/comments/1vqhptb/new_student_advising_virtual/,[],,Question
1vqgt2i,2026-08-17 03:16:04,EconomistTraining600,uichicago,Repost!! I’d love advice if possible,,,Submission,1,0.67,https://i.redd.it/kv7jsabvfsjh1.jpeg,https://www.reddit.com/r/uichicago/comments/1vqgt2i/repost_id_love_advice_if_possible/,"[""https://preview.redd.it/kv7jsabvfsjh1.jpeg?auto=webp&s=cbd6dc1f8608c6740f6efe49f03269f93840f598"", ""https://i.redd.it/kv7jsabvfsjh1.jpeg""]",,
1vqfos6,2026-08-17 02:22:19,Dangerous_Metal_2408,uichicago,Fall internship + school,"Hello everyone! I had a summer internship at a swe company and I ended up getting a return offer for part time this fall (20 hrs a week). I'm a senior computer engineering student and Im worried about balancing course load and my work, my manager is pretty strict as well and I dont want to risk failing any classes or being a bad intern. I would appreciate any advise or similar experiences any of you guys have faced balancing an internship and school! 🥹",,Submission,7,0.78,https://www.reddit.com/r/uichicago/comments/1vqfos6/fall_internship_school/,https://www.reddit.com/r/uichicago/comments/1vqfos6/fall_internship_school/,[],,
1vqfeel,2026-08-17 02:08:38,realjmoney123,uichicago,How hard is it to get into uic medical school,"My friend and I want to attend the same school and after researching uic works the best for both of us. He wants to get into nursing and I was wondering how hard would it be for him to get into the medical school. I’m aware it’s pretty hard to get into, and I want to know what kind of grades/test scores of student that are in the medical school ",,Submission,3,0.56,https://www.reddit.com/r/uichicago/comments/1vqfeel/how_hard_is_it_to_get_into_uic_medical_school/,https://www.reddit.com/r/uichicago/comments/1vqfeel/how_hard_is_it_to_get_into_uic_medical_school/,[],,Question
1vqblhi,2026-08-16 23:11:23,Financial_Flan9722,uichicago,Summer Semester Balance,"I have a large balance due from the summer semester that I simply cannot pay. I thought my financial aid for the Fall would cover it but that does not seem to be the case. Anybody know how to navigate this? This is my first time having a financial hold, going through some tough personal things.",,Submission,2,0.75,https://www.reddit.com/r/uichicago/comments/1vqblhi/summer_semester_balance/,https://www.reddit.com/r/uichicago/comments/1vqblhi/summer_semester_balance/,[],,
1vq9l9a,2026-08-16 21:45:12,Satisfied_Sushi,uichicago,First Sem Second Year Schedule,pls lmk if this schedule is too much,,Submission,1,0.67,https://i.redd.it/rh1vobdt4tjh1.jpeg,https://www.reddit.com/r/uichicago/comments/1vq9l9a/first_sem_second_year_schedule/,"[""https://preview.redd.it/rh1vobdt4tjh1.jpeg?auto=webp&s=bd86f2a09e57605158959738783adc06f6cf710c"", ""https://i.redd.it/rh1vobdt4tjh1.jpeg""]",,
1vq63tz,2026-08-16 19:25:23,EconomistTraining600,uichicago,Rate My 1st Year Fall Schdeule,"Context:  
I’m a commuter student (Metra) coming from the South Suburbs and are studying Integrated Health Studies on a Pre-Med track.  
I want to work after 3pm and sleep at 11-12am.  
Thursday is open cuz I’ll be doing the UChicago crosstown AFROTC program from 6-11am.  
The schedule is set in stone but I just wanna see what others think!  
Lmk about profs, hw, or any other tips",,Submission,6,0.88,https://i.redd.it/kv7jsabvfsjh1.jpeg,https://www.reddit.com/r/uichicago/comments/1vq63tz/rate_my_1st_year_fall_schdeule/,"[""https://preview.redd.it/kv7jsabvfsjh1.jpeg?auto=webp&s=cbd6dc1f8608c6740f6efe49f03269f93840f598"", ""https://i.redd.it/kv7jsabvfsjh1.jpeg""]",,Discussion
1vq2zz9,2026-08-16 17:26:31,UsefulTurnip2368,uichicago,IDS 401 and IDS 410 are making me nervous,,,Submission,4,0.72,https://www.reddit.com/gallery/1vq2zz9,https://www.reddit.com/r/uichicago/comments/1vq2zz9/ids_401_and_ids_410_are_making_me_nervous/,"[""https://preview.redd.it/zf1zd1wnurjh1.jpg?width=1080&format=pjpg&auto=webp&s=074fd4baad9fd6018b93a6a2ee0442a499f6de17"", ""https://preview.redd.it/cnyf6bxnurjh1.jpg?width=834&format=pjpg&auto=webp&s=ef32200454b083600d46339a7b31ede5e0e8599c""]",,Image
1vq2lzf,2026-08-16 17:11:41,Old_Leg_3057,uichicago,Best clubs to join as a business major.,I am an incoming business major at UIC I was just wondering what are some of the best clubs to join as a business major. ,,Submission,4,0.75,https://www.reddit.com/r/uichicago/comments/1vq2lzf/best_clubs_to_join_as_a_business_major/,https://www.reddit.com/r/uichicago/comments/1vq2lzf/best_clubs_to_join_as_a_business_major/,[],,Question
1vq0rtn,2026-08-16 16:00:04,Ok-Preparation6351,uichicago,Rate my schedule as an incoming freshman,"For context, I plan on transferring to UIUC after freshman year. I am a supply chain management major as well.",,Submission,0,0.5,https://i.redd.it/jozetkk8frjh1.jpeg,https://www.reddit.com/r/uichicago/comments/1vq0rtn/rate_my_schedule_as_an_incoming_freshman/,"[""https://preview.redd.it/jozetkk8frjh1.jpeg?auto=webp&s=d6b2734b8098465a6a44eb4100ec2cb7ff2f28d4"", ""https://i.redd.it/jozetkk8frjh1.jpeg""]",,
1vq0kmh,2026-08-16 15:52:09,Chi-Guy--,uichicago,How to waive campus care health insurance,A detailed guide would be awesome,,Submission,0,0.5,https://www.reddit.com/r/uichicago/comments/1vq0kmh/how_to_waive_campus_care_health_insurance/,https://www.reddit.com/r/uichicago/comments/1vq0kmh/how_to_waive_campus_care_health_insurance/,[],,
1vpqjug,2026-08-16 07:26:22,Realistic-Ad-3833,uichicago,Any consequences of not attending orientation?,"As a transfer student, will I still be able to attend classes if I miss orientation? I have been registered for classes since June and spoke with advisors in July. I plan on picking up my student ID soon as well.

",,Submission,2,0.63,https://www.reddit.com/r/uichicago/comments/1vpqjug/any_consequences_of_not_attending_orientation/,https://www.reddit.com/r/uichicago/comments/1vpqjug/any_consequences_of_not_attending_orientation/,[],,Question
1vpo31n,2026-08-16 05:07:04,Key_Neat_6169,uichicago,physics 131 class,"The description says it’s online and in person, does anyone know if I have to go to the 8am lecture in person??",,Submission,0,0.5,https://www.reddit.com/r/uichicago/comments/1vpo31n/physics_131_class/,https://www.reddit.com/r/uichicago/comments/1vpo31n/physics_131_class/,[],,Question
1vpmhgo,2026-08-16 03:42:57,Budget_Blacksmith559,uichicago,chem 232 material,"hi! i’m taking chem 232 this fall and was wondering if anyone might have some previous semester material they’d be willing to share with me? also any additional information would be great like how to study, what videos to watch (chads prep, etc) ",,Submission,1,0.67,https://www.reddit.com/r/uichicago/comments/1vpmhgo/chem_232_material/,https://www.reddit.com/r/uichicago/comments/1vpmhgo/chem_232_material/,[],,
1vpjlb2,2026-08-16 01:16:10,StrikingSkill573,uichicago,Can you get hired on bad academic standing?,"My overall gpa last semester was below a certain number so I'm on term notice. I worked on-campus for the cs department last semester (not a TA-ship). Would I be able to get re-hired on term notice? I know you can't get hired as a TA if you're not on good academic standing but was wondering if that's the same for just regular jobs on-campus for the cs department. 

  
I'm asking cause the person that hired me last semester is asking me to come back and I would rather tell her no instead of her trying to get me hired and then CoE HR tells her no cause I had a horrible gpa last semester. I would rather save myself the embarrassment. 

I would appreciate any help. Thanks in advance!  
",,Submission,0,0.5,https://www.reddit.com/r/uichicago/comments/1vpjlb2/can_you_get_hired_on_bad_academic_standing/,https://www.reddit.com/r/uichicago/comments/1vpjlb2/can_you_get_hired_on_bad_academic_standing/,[],,Question
1vpgvwy,2026-08-15 23:07:47,The_Forgotten_King,uichicago,Reminder: you can set your own user flair on this subreddit,"Your user flair is the text next to your username. Mine says `MD 29 | ECON 24` in red. This is unique to each subreddit.

You can set your user flair on this subreddit to your major and graduation year (or anything else you want, just keep it reasonable). This is not required, but it helps other people know what your major is if you're asking about courses. You can also set the color to red, blue, or gray.

Follow these instructions on how to set your flair:

https://support.reddithelp.com/hc/en-us/articles/205242695-How-do-I-get-user-flair",,Submission,8,0.82,https://www.reddit.com/r/uichicago/comments/1vpgvwy/reminder_you_can_set_your_own_user_flair_on_this/,https://www.reddit.com/r/uichicago/comments/1vpgvwy/reminder_you_can_set_your_own_user_flair_on_this/,[],MD 29 | ECON 24,Mod Post
1vpd7h0,2026-08-15 20:26:54,MuffinSpecialist7900,uichicago,When do u think they’ll issue refunds?,Do u think it’ll be delayed? I’m just happy my financial aid was credited to my account.,,Submission,7,0.89,https://www.reddit.com/r/uichicago/comments/1vpd7h0/when_do_u_think_theyll_issue_refunds/,https://www.reddit.com/r/uichicago/comments/1vpd7h0/when_do_u_think_theyll_issue_refunds/,[],,Question
1vpa65e,2026-08-15 18:24:55,Luchieman,uichicago,Federal loans not applied yet?,"Hey guys

Has anyone else accepted loans (sub & unsub) but not showing up in my UIPay but it showed in my pending aid couple days ago? I’m a business senior and graduate in December, my loan amount was also pro-rated and previous times my loans and grants were applied on the same day they were disbursed on the fin aid calendar. Has anyone else experienced this issue? Any tips or solutions would be much appreciated!",,Submission,2,0.63,https://www.reddit.com/r/uichicago/comments/1vpa65e/federal_loans_not_applied_yet/,https://www.reddit.com/r/uichicago/comments/1vpa65e/federal_loans_not_applied_yet/,[],,Question
1vp669x,2026-08-15 15:46:42,Prestigious_Cod_958,uichicago,How’s my schedule?,"Coming as a transfer student, the green box is introduction to thermodynamics. Any advice as a transfer to be staying on top of my classes? ",,Submission,2,0.75,https://i.redd.it/irgquezx7kjh1.jpeg,https://www.reddit.com/r/uichicago/comments/1vp669x/hows_my_schedule/,"[""https://preview.redd.it/irgquezx7kjh1.jpeg?auto=webp&s=37ce06af7adeaafe38d66765d5a17cada2221756"", ""https://i.redd.it/irgquezx7kjh1.jpeg""]",,
1vp2wim,2026-08-15 13:28:21,Cute_Transition_5810,uichicago,ISO Sublet/room December - March,"Hi! I know this is early, but just putting out feelers to see what may be available. 

Looking for: 

a place located close to a red, blue, or brown line stop. Very interested in west town, wicker park, west loop and river north/ river west!  Would like my commute to be under 45 minutes to the loop so prefer not to be above north ave, don’t love lincoln park either

budget of 1700/mo, ideally it’d be a studio or 1 bed but i am open to having female roommates as long as i have my own bathroom. Furnished would be cool but not a necessity. If this is wishful thinking lol please tell me

Exact dates are flexible but im planning for mid December to mid March (spring internship)",,Submission,0,0.5,https://www.reddit.com/r/uichicago/comments/1vp2wim/iso_subletroom_december_march/,https://www.reddit.com/r/uichicago/comments/1vp2wim/iso_subletroom_december_march/,[],,
1vox3y2,2026-08-15 08:12:01,No-Garage-4621,uichicago,Am I cooked?,"I’m taking Biology 222, Chem 232 (orgo), and Physics 131. At the same time. I’m really nervous, but I’m mentally prepared to be cooked. If I stay locked in all day everyday, will it be so bad? Let me know.

Also, if you guys have any tips and tricks or ratings on how hard these classes are, let me know. I really really appreciate any feedback. 🩷",,Submission,2,0.75,https://www.reddit.com/r/uichicago/comments/1vox3y2/am_i_cooked/,https://www.reddit.com/r/uichicago/comments/1vox3y2/am_i_cooked/,[],,Question
1votd1d,2026-08-15 04:39:03,Nynodon,uichicago,Taft Hall is (almost) Done! (feat. my amateur photo touchups),"I had to catch a train so I didn't get a chance to photograph the inside. It's open though, and it looks like construction is almost done. 

The sidewalks outside are FINALLY open too!!!!! Getting to Addams last semester felt so annoying lol

Also sears tower at just under 1200mm equivalent from Taft hall on the last slide",,Submission,163,0.99,https://www.reddit.com/gallery/1votd1d,https://www.reddit.com/r/uichicago/comments/1votd1d/taft_hall_is_almost_done_feat_my_amateur_photo/,"[""https://preview.redd.it/tl4tnmh8wgjh1.jpg?width=4479&format=pjpg&auto=webp&s=197ec3da91b2068bf744ec36f9f9d8a21bafa044"", ""https://preview.redd.it/qygfvuq8wgjh1.jpg?width=3811&format=pjpg&auto=webp&s=5a5b0518bffbab65f1c40ed385ffc17c7a269e75"", ""https://preview.redd.it/gy8woty8wgjh1.jpg?width=5184&format=pjpg&auto=webp&s=5e9d3b4cdc4e0299a0c23ca07b879d0e90a097a7"", ""https://preview.redd.it/tl2ji3e9wgjh1.jpg?width=5062&format=pjpg&auto=webp&s=304a50b3d72697ded0f2775d143e5ab225553070"", ""https://preview.redd.it/9kfd7l89wgjh1.jpg?width=5184&format=pjpg&auto=webp&s=eae97f1b86022ea1c419ee3b76e944df43f6d96a"", ""https://preview.redd.it/hthco2v9wgjh1.jpg?width=3888&format=pjpg&auto=webp&s=4949b12cae5b74a5d25b88bdb34c1336d17d7569""]",Chemical Engineering | 2029,Image
1vorqme,2026-08-15 03:15:35,Mvnkie,uichicago,Active enrollment status.,"I applied for Fall as a transfer. I was unable to secure the classes I needed and they're available at my community college.

What repercussions will there be if I don't attend UIC this fall, and aim for Spring instead? Is it possible?",,Submission,1,0.6,https://www.reddit.com/r/uichicago/comments/1vorqme/active_enrollment_status/,https://www.reddit.com/r/uichicago/comments/1vorqme/active_enrollment_status/,[],,Question
1voo84n,2026-08-15 00:26:13,These-Elevator-7,uichicago,Did anyone lose RISE for 2026–27 because of the court ruling?,"On the official RISE website, it says that RISE/MAP aid may be removed for undocumented students for the 2026–27 year because of the recent federal court ruling. Has anyone received an updated award letter yet?

https://preview.redd.it/kf8phn7gnfjh1.png?width=630&format=png&auto=webp&s=0a2071cf5d317055f75c7fa440d1f32716c8030f

",,Submission,13,0.93,https://www.isac.org/Alternative-Application,https://www.reddit.com/r/uichicago/comments/1voo84n/did_anyone_lose_rise_for_202627_because_of_the/,"[""https://external-preview.redd.it/kf8phn7gnfjh1.png?auto=webp&s=051c921d8fbb650e556d07d0bbe5737f74a72711""]",,
1vofpv1,2026-08-14 18:42:09,Jumpy_Watercress_704,uichicago,Thoughts on my schedule as a transfer?,"I’m really looking forward to my classes but am a tad anxious about my schedule. I’m planning on doing my two online classes during my gap and T/Th I have a 1.5hr commute to my job.   
Has anyone taken these classes and have thoughts? Thank you :)",,Submission,2,0.75,https://i.redd.it/09b51ypbydjh1.jpeg,https://www.reddit.com/r/uichicago/comments/1vofpv1/thoughts_on_my_schedule_as_a_transfer/,"[""https://preview.redd.it/09b51ypbydjh1.jpeg?auto=webp&s=9c8ddc30a26bb1aa3f82a1bf17ac06d4f5238bcd"", ""https://i.redd.it/09b51ypbydjh1.jpeg""]",,Image
1vobvir,2026-08-14 16:22:34,kha-millaa,uichicago,Uic aspire grant,"I originally had 775$ from the Uic aspire grant, now that financial aid is disbursed they only gave me 2$ 🫩🫩🫩 could the # change or will I actually have to owe money because my tuition was fully covered with that 775$ and then I'd even have a refund 😭 so I’m not understanding how it goes from 775$ to 2$. ",,Submission,12,0.88,https://www.reddit.com/r/uichicago/comments/1vobvir/uic_aspire_grant/,https://www.reddit.com/r/uichicago/comments/1vobvir/uic_aspire_grant/,[],,
1voalnh,2026-08-14 15:35:57,cravingsolace,uichicago,Financial Aid Disbursement,"Hey! Anyone else in the College of Engineering have their financial aid disbursed to your student account? Also, I am a transfer student so apologies if this is a dumb question, but how long should it take for a refund to generate if you have a credit on the account? I'm assuming within the next week or so. 

Thanks y'all ",,Submission,1,0.67,https://www.reddit.com/r/uichicago/comments/1voalnh/financial_aid_disbursement/,https://www.reddit.com/r/uichicago/comments/1voalnh/financial_aid_disbursement/,[],,
1voaba1,2026-08-14 15:25:22,UIC-HistoryDept,uichicago,Fall 2026 - More Seats Opened in HIST 103,"Hi. Due to popular demand, 50 more seats have opened up in HIST 103 - Early American History with the one and only Prof. Bao Bui, last year's recipient of the UIC Silver Circle Award for Excellence in Teaching. HIST 103 this semester is online asynchronous with Prof. Bui for lectures and a TA for discussions. It can count for Understanding the Past or US Society geneds. ",,Submission,6,0.88,https://www.reddit.com/r/uichicago/comments/1voaba1/fall_2026_more_seats_opened_in_hist_103/,https://www.reddit.com/r/uichicago/comments/1voaba1/fall_2026_more_seats_opened_in_hist_103/,[],,
1vo94pq,2026-08-14 14:40:27,Outrageous_Bad_661,uichicago,Rate my schedule. Also taking nutrition 196 online and IDS 270 at a cc online,,,Submission,0,0.5,https://i.redd.it/tdtmt2m7rcjh1.jpeg,https://www.reddit.com/r/uichicago/comments/1vo94pq/rate_my_schedule_also_taking_nutrition_196_online/,"[""https://preview.redd.it/tdtmt2m7rcjh1.jpeg?auto=webp&s=b65908e5c6c6dc7f012b84b7adc04f0a457ac7cf"", ""https://i.redd.it/tdtmt2m7rcjh1.jpeg""]",,
1vny83l,2026-08-14 05:20:50,CC_9876,uichicago,Locking bikes overnight?,I'm planning to bring my bike (im from out of state so i dont know chicago well either) and im wondering how bad is bike theft **on campus**. Its a nice looking bike but like old/classic looking kinda not like race bikey or expensive looking. Im going to be using it for going between classes and groceries mostly. Maybe trips into the city im not sure yet. I have two heavy duty chain locks although im probably going to only use 1 and a wire lock for the back wheel. I know its kinda late to ask about this but i just wanna make sure from people who actually go to the school. Thanks!,,Submission,1,0.6,https://www.reddit.com/r/uichicago/comments/1vny83l/locking_bikes_overnight/,https://www.reddit.com/r/uichicago/comments/1vny83l/locking_bikes_overnight/,[],,Question
1vnxksg,2026-08-14 04:46:30,Select-Ad7453,uichicago,how to stay on a cut with dining hall food?,"I plan on going back to the gym and staying fit and i’m a bit concerned on how i’m gonna stay on a cut with the dining hall food since i won’t have much to have my own groceries 😢 

any gym sharks can help me out and share some tips?",,Submission,5,0.86,https://www.reddit.com/r/uichicago/comments/1vnxksg/how_to_stay_on_a_cut_with_dining_hall_food/,https://www.reddit.com/r/uichicago/comments/1vnxksg/how_to_stay_on_a_cut_with_dining_hall_food/,[],Psychology | 2030,Question
1vnvmqb,2026-08-14 03:08:14,Mvnkie,uichicago,Why is advising so bad?,"Genuinely horrible experience. General wouldn't take me due to orientation checklist error. Then wouldn't take me because advising was reserved to first-year even though I'm a transfer.

Now she's out of town and my major-specific advisor is also out of town. Wtf???",,Submission,37,0.97,https://www.reddit.com/r/uichicago/comments/1vnvmqb/why_is_advising_so_bad/,https://www.reddit.com/r/uichicago/comments/1vnvmqb/why_is_advising_so_bad/,[],,Discussion
1vnpsmo,2026-08-13 22:43:35,Mean-Ad-2004,uichicago,How to get an A in calc 1,"I am in a situation where I need to get an A in this class. I took pre calc and got a c. Like realistically I think I could get a B, but I want that A to happen. Anyone have tips? ",,Submission,0,0.25,https://www.reddit.com/r/uichicago/comments/1vnpsmo/how_to_get_an_a_in_calc_1/,https://www.reddit.com/r/uichicago/comments/1vnpsmo/how_to_get_an_a_in_calc_1/,[],,
1vnogao,2026-08-13 21:49:45,Mat_the_rat_1117,uichicago,How is my schedule?,,,Submission,2,0.75,https://i.redd.it/c2iteotvq7jh1.png,https://www.reddit.com/r/uichicago/comments/1vnogao/how_is_my_schedule/,"[""https://preview.redd.it/c2iteotvq7jh1.png?auto=webp&s=ccab3c5487f54df43edf3429488a269ceefe5e24"", ""https://i.redd.it/c2iteotvq7jh1.png""]",,
1vnkzm0,2026-08-13 19:38:00,JudaBalgany,uichicago,Is my schedule that bad?,"How difficult are Math 210, CME 201, IE 201 and ECE 210? I got an A in Calc 2/ Math 181 and Physics 141 which are prerequisites to these classes & my friend who is also a mechanical engineering major says that I’m “cooked”. I do also work part-time at a retail store and my commute is about 45 minutes.",,Submission,7,0.69,https://i.redd.it/1h84plwd37jh1.jpeg,https://www.reddit.com/r/uichicago/comments/1vnkzm0/is_my_schedule_that_bad/,"[""https://preview.redd.it/1h84plwd37jh1.jpeg?auto=webp&s=7b5ec7f7baa7a0cf73b9246de630345009fe5d7a"", ""https://i.redd.it/1h84plwd37jh1.jpeg""]",,Question
1vnjrqn,2026-08-13 18:54:47,Only-Search5133,uichicago,UIC Econ 220 John Tauras Slides for each chapter,"Hello, does anyone have notes or chapter slides for John Tauras’s course for Econ 220?",,Submission,0,0.33,https://www.reddit.com/r/uichicago/comments/1vnjrqn/uic_econ_220_john_tauras_slides_for_each_chapter/,https://www.reddit.com/r/uichicago/comments/1vnjrqn/uic_econ_220_john_tauras_slides_for_each_chapter/,[],,
1vne75t,2026-08-13 15:37:55,Working-CityFoodie,uichicago,Mid-August/Aug 31st Move: Room Wanted ~ $1300,,,Submission,0,0.5,,https://www.reddit.com/r/uichicago/comments/1vne75t/midaugustaug_31st_move_room_wanted_1300/,[],,Question
1vnbdb0,2026-08-13 13:53:37,Individual_Yam9984,uichicago,Carmel Chem 124 Final Curve,Guys I genuinely thought I'd at least pass the class with a C but somehow my final grade is showing up as a D. I'm just so confused because when I'm calculating my grade it looks like I'm passing the class but idk maybe I'm doing something wrong.,,Submission,0,0.33,https://www.reddit.com/r/uichicago/comments/1vnbdb0/carmel_chem_124_final_curve/,https://www.reddit.com/r/uichicago/comments/1vnbdb0/carmel_chem_124_final_curve/,[],,
1vn4fnf,2026-08-13 08:02:08,0205AA,uichicago,Hi everyone! I'm looking for someone to take over my studio apartment at Lake Meadows in Chicago.,,,Submission,0,0.5,,https://www.reddit.com/r/uichicago/comments/1vn4fnf/hi_everyone_im_looking_for_someone_to_take_over/,[],,Offer
1vmu5kb,2026-08-12 23:27:48,Loser_Kat_Rumi,uichicago,"Aspire/MAP grant pulled after RISE Act ruling, anyone else dealing with this?","Hey everyone, hoping to get some guidance. I'm an undocumented student, and I had the Aspire Grant and MAP Grant through the RISE Act. After the recent court ruling, both were pulled from my financial aid award. Classes start in 2 weeks, and I'm trying to figure out my options. I've already emailed the Undocumented Student Resource Center and called Financial Aid, but haven't gotten much traction yet. Has anyone else has been affected by this or has been through something similar? I'm trying to stay enrolled and start on time, so any help is appreciated. Thanks.

Update: I'm still waiting to see if I can find some form of financial for UIC, but considering the options are a extremely tight I've looked into City Colleges of Chicago, they offer the STAR scholarship for if you had a specific GPA in high school and if you cannot fill out the FAFSA they have their own alternative form to fill out, which is incredibly promising as it would provide 100% tuition, I still really want to stay at UIC but if I cannot find a solution that's my current plan. The major I want to do is Nursing, so I could later on do a RN to BSN program. I'm not sure what the road would look like for any other area of study but, from my understanding, CCC is incredibly flexible.",,Submission,18,0.85,https://www.reddit.com/r/uichicago/comments/1vmu5kb/aspiremap_grant_pulled_after_rise_act_ruling/,https://www.reddit.com/r/uichicago/comments/1vmu5kb/aspiremap_grant_pulled_after_rise_act_ruling/,[],,Question
1vmpk4c,2026-08-12 20:24:36,Suitable-for-u,uichicago,Looking for sublease ASAP / Sep– anytime 2027 in Chicago!,"

My budget is around **$2,000/month**, plus parking  ( could be one/ two months free on a place closer to 2400) 

I am currently considering apartments in:

* dt
* Streeterville
* Near North Side / Gold Coast
* Lincoln Park
* Uptown
* Loyola University Chicago area
* hyde park
* oak park
* anywhere

if you have an available apartment to subleases / lease take over , please feel free to reach out to me! (I'm a female who don't party/smoke, in medical school,",,Submission,0,0.5,https://www.reddit.com/r/uichicago/comments/1vmpk4c/looking_for_sublease_asap_sep_anytime_2027_in/,https://www.reddit.com/r/uichicago/comments/1vmpk4c/looking_for_sublease_asap_sep_anytime_2027_in/,[],,
1vmozhe,2026-08-12 20:02:50,Background-Sorbet185,uichicago,Looking for a room to rent out,"Hello! I'm an incoming freshman looking for a place to rent out. I lazed around during the summer and got myself into this position (literally 12 days before the semester starts). Commuting would be rough for me since it'd be about 4hrs total. If you're interested or know anything, please let me know. The budget that's been set for me would be around $1500 max I believe.",,Submission,0,0.5,https://www.reddit.com/r/uichicago/comments/1vmozhe/looking_for_a_room_to_rent_out/,https://www.reddit.com/r/uichicago/comments/1vmozhe/looking_for_a_room_to_rent_out/,[],,
1vmoje3,2026-08-12 19:46:30,ejfagan4,uichicago,POLS 195: Politics of Science and Technology,"I am teaching a new course this Fall, POLS 195: The Politics of Science and Technology. We have some open seats, so I figured that I would pump the course up here.

  
The idea behind the course is to explore contemporary issues in American politics related to conflicts over science and technology. On the science side, subjects include federal funding for science, the polarization of science, vaccine politics and climate change, among others. On the technology side, topics include AI, cell phones in schools, social media, free speech and the internet and industrial policy, among others. 

  
The course is designed at the 100 level (assumes no prerequisite knowledge) and counts for the General Education U.S. Society requirement. My goal when designing the course was to make it most useful for non-political science majors who will increasingly encounter political issues when pursuing STEM careers. If you want to understand how, for example, the Trump Administration's executive orders regarding federal scientific grant making or the childhood vaccination schedule, this class is for you.

The course just kind of rocks. It's fun and relevant. We piloted it under a different course number last semester and it was a blast.

  
It meets in person MWF at 11:00am. Attendance is required but with wiggle room. The draft syllabus is here: https://www.ejfagan.com/s/2026\\_Fall\\_195\\_Syllabus.pdf. Four in person quizzes and three take home writing assignments. Relatively light reading load, no textbook.

Happy to answer any questions, here or via email. 

  
\\-EJ Fagan, Associate Professor of Political Science",,Submission,13,0.88,https://www.reddit.com/r/uichicago/comments/1vmoje3/pols_195_politics_of_science_and_technology/,https://www.reddit.com/r/uichicago/comments/1vmoje3/pols_195_politics_of_science_and_technology/,[],,
1vmfitm,2026-08-12 14:20:57,SterblueKP,uichicago,Outlook periodically signing me out,"I’ll be new to UIC this fall and I don’t know if this is a UIC thing or an outlook thing. When I log into my email and simply close the tab without signing out, it signs me out and then makes me sign back in. It’s pretty annoying when this happens as I want to check an important email and have to go through this process each time. Is this normal for everyone? My undergrad used gmail so I never had an issue with this. ",,Submission,6,0.8,https://www.reddit.com/r/uichicago/comments/1vmfitm/outlook_periodically_signing_me_out/,https://www.reddit.com/r/uichicago/comments/1vmfitm/outlook_periodically_signing_me_out/,[],,Question
1vmfc9x,2026-08-12 14:14:30,Spirited_Ant_2287,uichicago,Review my schedule please!!!,"About to start my first year and extremely nervous.  
ANY advice that you can give would be gladly appreciated!!!!!  
CS major btw",,Submission,2,0.75,https://i.redd.it/3g5fsqercyih1.jpeg,https://www.reddit.com/r/uichicago/comments/1vmfc9x/review_my_schedule_please/,"[""https://preview.redd.it/3g5fsqercyih1.jpeg?auto=webp&s=b38b98f3f7d7ee26bd03896bc35d5690bffd3dc1"", ""https://i.redd.it/3g5fsqercyih1.jpeg""]",,
1vlxel9,2026-08-11 23:20:06,dark-king_Ray,uichicago,Did anyone else get this?,"Just got this email, don't know if its real or not, the email (google-campus-engagement@google.com) doesn't come up anywhere in a google search",,Submission,9,0.92,https://i.redd.it/xtdr51tvwtih1.jpeg,https://www.reddit.com/r/uichicago/comments/1vlxel9/did_anyone_else_get_this/,"[""https://preview.redd.it/xtdr51tvwtih1.jpeg?auto=webp&s=befc484b4c36c334c5f0b56f4122cc2b5894faae"", ""https://i.redd.it/xtdr51tvwtih1.jpeg""]",,Question
1vlrs2a,2026-08-11 19:42:41,Capital-Junket-4379,uichicago,MATH 215 with Professor Nathan Jones?,I am taking MATH 215 with Professor Nathan Jones this upcoming fall semester. I could not find much of his teaching for this class in the past. How is he and how is the class overall? Does he take attendance and does he use gradescope? (I know some professors for these kind of proofs class use paper and in-class submission rather than gradescope). Thanks!,,Submission,0,0.33,https://www.reddit.com/r/uichicago/comments/1vlrs2a/math_215_with_professor_nathan_jones/,https://www.reddit.com/r/uichicago/comments/1vlrs2a/math_215_with_professor_nathan_jones/,[],,Question
1vlo2kg,2026-08-11 17:30:30,ExoticMuffin13,uichicago,Are my proffs okay?,"I checked both blackboard and canvas and im not seeing my classes or their times even though im enrolled and pretty sure classes start in like a week. I havent gotten an email or anything about what books/ materials i should get let alone a syllabus.

Am I doing something wrong or am I expected to reach out to each proff individually for basic information about the class im already paying them for? This seems unprofessional.",,Submission,19,0.74,https://www.reddit.com/r/uichicago/comments/1vlo2kg/are_my_proffs_okay/,https://www.reddit.com/r/uichicago/comments/1vlo2kg/are_my_proffs_okay/,[],,Question
1vlmqws,2026-08-11 16:43:33,Disastrous_Tune5384,uichicago,Selling Spanish 101 Spanish 102 Book,Selling these two books. The Lola Lago is the Spanish 102 novel and Aula 1 can be use for Spanish 101 and Spanish 102 I believe. ,,Submission,0,0.5,https://i.redd.it/6va9t91fyrih1.jpeg,https://www.reddit.com/r/uichicago/comments/1vlmqws/selling_spanish_101_spanish_102_book/,"[""https://preview.redd.it/6va9t91fyrih1.jpeg?auto=webp&s=0c3bc92f596d77e6dcb0ac12f8547a7aa352616a"", ""https://i.redd.it/6va9t91fyrih1.jpeg""]",,
1vlb137,2026-08-11 07:54:43,Pineapple-Duck1,uichicago,How do I still get that “college experience” as a commuter?,Hi guys! I’m an incoming freshman for MechE at Uic. I was wondering if y’all have any advice as to how I can get that sort of college experience (think parties n such) while still being a commuter from out of town. Any advice appreciated!,,Submission,7,0.78,https://www.reddit.com/r/uichicago/comments/1vlb137/how_do_i_still_get_that_college_experience_as_a/,https://www.reddit.com/r/uichicago/comments/1vlb137/how_do_i_still_get_that_college_experience_as_a/,[],,Question
1vl43d8,2026-08-11 01:49:41,Next-Wallaby-644,uichicago,HELP HELP HELP why is it showing me department approval needed,I tried to switch into a different chem 122 and chem 123 classes and dropped out of original chem 122 and chem 123 but it says I need department approval. I have no chem classes currently and I cannot add back my old ones because it keeps saying I need department approval guys plssss help what do I do,,Submission,2,0.75,https://www.reddit.com/r/uichicago/comments/1vl43d8/help_help_help_why_is_it_showing_me_department/,https://www.reddit.com/r/uichicago/comments/1vl43d8/help_help_help_why_is_it_showing_me_department/,[],,Question
1vl2oia,2026-08-11 00:45:59,Budget_Blacksmith559,uichicago,easy science classes,"what are some easy science classes that can boost my GPA? I've already taken chem 122 (B but i was 0.7 away from an A), chem 124 (C), bios 220 (B), bios 230 (B), phys 131 (B), I'm going to be taking chem 232, 233, 234, bios 350/351, and 352, and phys 132 in the next few semesters. I'm honestly pretty bad at biology classes, for some reason the material just doesnt stick :((",,Submission,0,0.5,https://www.reddit.com/r/uichicago/comments/1vl2oia/easy_science_classes/,https://www.reddit.com/r/uichicago/comments/1vl2oia/easy_science_classes/,[],,
1vl2irg,2026-08-11 00:38:45,midwestprincess27,uichicago,Single Dorm Advice,"Hello! I’m a senior in hs and I’m seriously considering UIC for next fall. Having my own dorm is at the top of my priority list, so I guess I’m here to see if that is a realistic hope for freshmen at UIC? I can use the anxiety card if needed (I have a prescription to back me up lmao) but even then, what are my REALISTIC chances?

If nothing else… what are some tips?",,Submission,0,0.14,https://www.reddit.com/r/uichicago/comments/1vl2irg/single_dorm_advice/,https://www.reddit.com/r/uichicago/comments/1vl2irg/single_dorm_advice/,[],,
1vkydy7,2026-08-10 21:45:13,AmazingTeach6210,uichicago,Rate my schedule,,,Submission,4,0.83,https://i.redd.it/lbg469gcbmih1.jpeg,https://www.reddit.com/r/uichicago/comments/1vkydy7/rate_my_schedule/,"[""https://preview.redd.it/lbg469gcbmih1.jpeg?auto=webp&s=5042d7200dd73cafe5721ce884643689f966a0e1"", ""https://i.redd.it/lbg469gcbmih1.jpeg""]",,
1vkxfm4,2026-08-10 21:08:30,animatebuzz,uichicago,Is it too late for dorms?,I just lost my apt at the very last moment so I was wondering if dorms are even an option anymore or if it’s too late…,,Submission,5,0.73,https://www.reddit.com/r/uichicago/comments/1vkxfm4/is_it_too_late_for_dorms/,https://www.reddit.com/r/uichicago/comments/1vkxfm4/is_it_too_late_for_dorms/,[],,Question
1vkvkkx,2026-08-10 19:59:51,WeeklyLayer3001,uichicago,Registering for BA320??,"Hi everyone,

I’m a rising senior and this upcoming semester will be my final semester here at UIC (finally.) But, I still need to finish up BA320 and still unable to register despite my efforts to do so since the beginning of this summer.  **Has anyone had any luck in signing up for BA320 for the upcoming semester? IF SO, I would love to hear your advices on how to do so.**

For more context, I didn’t sign up for the class earlier on because I wanted easier classes towards my senior year. Turns out, I don’t think I would’ve been able to anyways because of how hard it is to sign up for it to begin with.

I’ll have a conversation with my academic advisor the following week about this matter. Hopefully, this gets resolved.",,Submission,2,0.75,https://www.reddit.com/r/uichicago/comments/1vkvkkx/registering_for_ba320/,https://www.reddit.com/r/uichicago/comments/1vkvkkx/registering_for_ba320/,[],,Question
1vks67h,2026-08-10 17:56:15,bigbruhusername,uichicago,I need some advice regarding my schedule,I'm thinking about taking these 5 classes and I'm wondering if this is unrealistic? Would MATH 218/210 and CHEM 101 be pretty easy classes? I am dorming at UIC if that helps.,,Submission,3,0.8,https://i.redd.it/de4epqg76lih1.png,https://www.reddit.com/r/uichicago/comments/1vks67h/i_need_some_advice_regarding_my_schedule/,"[""https://preview.redd.it/de4epqg76lih1.png?auto=webp&s=374becefbf66afc2e5aa1e92aa2995f1389e8e7b"", ""https://i.redd.it/de4epqg76lih1.png""]",,Question
1vknb6m,2026-08-10 15:01:30,Ok-Preparation6351,uichicago,ARC bed assignment,"I’m an incoming freshman residing at the ARC, my roommate was given 1 and I was given 2. Are there bed assignments or do we just choose which bed we want? And is 2 the left or right bed if it is an assignment.",,Submission,5,0.75,https://www.reddit.com/r/uichicago/comments/1vknb6m/arc_bed_assignment/,https://www.reddit.com/r/uichicago/comments/1vknb6m/arc_bed_assignment/,[],,
1vk6ilu,2026-08-10 00:54:31,Mundane_Constant_530,uichicago,Need advice regarding my schedule,"Hi! I’m a transfer student joining UIC this year and I’ll be commuting. How do you guys make the most of the gaps between classes? Do you study on campus, hang out, join clubs, or go home? Looking for tips! Also is my schedule good? ",,Submission,1,0.67,https://i.redd.it/ej7i6ll74gih1.png,https://www.reddit.com/r/uichicago/comments/1vk6ilu/need_advice_regarding_my_schedule/,"[""https://preview.redd.it/ej7i6ll74gih1.png?auto=webp&s=c40c2d44b90631d7f2a14a04e1733f2ab7c2fdb7"", ""https://i.redd.it/ej7i6ll74gih1.png""]",,Discussion
1vk69y0,2026-08-10 00:43:10,execc2,uichicago,Preparing for Physics Placement Test (PHYS 141),"Hello everyone. In order to register for PHYS 141 (required for my major), I have to take the placement exam, which I have no problem in doing. 

My question is, what should I be studying? I've seen online that this placement is more math/trig oriented rather than physics, but I can't fully confirm this. Has anyone taken this placement test in the past, and has helpful recommendations to look into for preparing for this placement exam?

Thank you in advance.",,Submission,0,0.5,https://www.reddit.com/r/uichicago/comments/1vk69y0/preparing_for_physics_placement_test_phys_141/,https://www.reddit.com/r/uichicago/comments/1vk69y0/preparing_for_physics_placement_test_phys_141/,[],,Question
1vk4cdj,2026-08-09 23:15:08,whoiszzz3,uichicago,Health science or biology as pre med?,,,Submission,1,0.67,,https://www.reddit.com/r/uichicago/comments/1vk4cdj/health_science_or_biology_as_pre_med/,[],,Discussion
1vk2sht,2026-08-09 22:08:06,TheGweenDeku905,uichicago,Does financial aid apply towards the UPASS charge?,I got more than enough aid to cover the school year and was curious.,,Submission,1,0.67,https://www.reddit.com/r/uichicago/comments/1vk2sht/does_financial_aid_apply_towards_the_upass_charge/,https://www.reddit.com/r/uichicago/comments/1vk2sht/does_financial_aid_apply_towards_the_upass_charge/,[],,Question
1vk0z0o,2026-08-09 20:52:06,whoiszzz3,uichicago,Will I get into UIC?,"Hi! I’m planning to transfer to UIC for a B.S. in Biology. I’ve completed my first 2 years of undergrad at a Canadian university and currently have 51 earned credits with a 66.33% cumulative average. I have 2 failed courses (Cell Biology and Statistics), although I retook Statistics and passed it. I will be applying as a U.S. permanent resident **(I am from Illinois)**  
Do you think I have a realistic chance of being accepted as a transfer student?",,Submission,0,0.33,https://www.reddit.com/r/uichicago/comments/1vk0z0o/will_i_get_into_uic/,https://www.reddit.com/r/uichicago/comments/1vk0z0o/will_i_get_into_uic/,[],,Discussion
1vk0s0s,2026-08-09 20:44:16,Medium-Classic-2487,uichicago,Chem 123 discussion,"I do have a question about chemistry 123 discussion session. How long is it gonna take for people to drop it because I do not want to take Chem lab next semester without the class, and I could've sworn that more TA's were teaching this discussion session, not it's online now lol",,Submission,0,0.5,https://www.reddit.com/r/uichicago/comments/1vk0s0s/chem_123_discussion/,https://www.reddit.com/r/uichicago/comments/1vk0s0s/chem_123_discussion/,[],,
1vjycwm,2026-08-09 19:07:41,HatItchy1056,uichicago,UIC MSF or DePaul MSF,"Hey everyone, I’m trying to make a decision between the UIC MSF and DePaul MSF programs and would really appreciate some honest opinions, especially from current students/alumni.  
I’ve been accepted to both programs. DePaul offered me a $6,000 scholarship, while UIC would be significantly cheaper overall. I’m basically trying to figure out whether DePaul’s advantages in terms of networking, recruiting, location, etc. are worth paying more for.",,Submission,1,0.67,https://www.reddit.com/r/uichicago/comments/1vjycwm/uic_msf_or_depaul_msf/,https://www.reddit.com/r/uichicago/comments/1vjycwm/uic_msf_or_depaul_msf/,[],,Question
1vjy01k,2026-08-09 18:54:03,Ros8h,uichicago,Is the Golf Club Dead?,"Incoming Freshman here, I saw the UIC Golf club Instagram, but they haven't posted since 2025, and I can't find anything about it anywhere else. they also have not responded to my DM.",,Submission,0,0.5,https://www.reddit.com/r/uichicago/comments/1vjy01k/is_the_golf_club_dead/,https://www.reddit.com/r/uichicago/comments/1vjy01k/is_the_golf_club_dead/,[],MCOB | 2026,Question
1vjikhs,2026-08-09 06:39:35,AdventurousTax5825,uichicago,What is Sammy’s,,,Submission,0,0.33,https://www.reddit.com/r/uichicago/comments/1vjikhs/what_is_sammys/,https://www.reddit.com/r/uichicago/comments/1vjikhs/what_is_sammys/,[],,
1vjc2yi,2026-08-09 00:55:21,froze7,uichicago,is PPOL230 online easy?,"I am taking an otherwise hard semester during the Fall and I wanted to squeeze in an extra gen ed, and the only fully online one open was PPOL230. Just wondering if anyone knows if the class is a lot of work or anything about it.",,Submission,1,0.66,https://www.reddit.com/r/uichicago/comments/1vjc2yi/is_ppol230_online_easy/,https://www.reddit.com/r/uichicago/comments/1vjc2yi/is_ppol230_online_easy/,[],,Question
1vjanol,2026-08-08 23:47:17,fanomg69,uichicago,Registering issue for classes,"Hey so i had registered for a email when this class would be open, once i found out i trued to do it but kept telling me “web registered” but i check later it disappeared and didnt go on my schedule? Anyone know what i did wrong? Sorry for the large photo..",,Submission,0,0.5,https://i.redd.it/isyp1bx7n8ih1.jpeg,https://www.reddit.com/r/uichicago/comments/1vjanol/registering_issue_for_classes/,"[""https://preview.redd.it/isyp1bx7n8ih1.jpeg?auto=webp&s=5197a54c4bf7e64dc17a460dfaa8dfff7e43deaf"", ""https://i.redd.it/isyp1bx7n8ih1.jpeg""]",,Question
1vj1tud,2026-08-08 17:28:34,Prudent_Lifeguard_12,uichicago,org chem with yermolina or mohr?,"i'm signed up to take chem 232 with mohr for fall, but should i try to get the class yermolina teaches instead? i heard theyre both bad, but can anyone give insight on who would be the better pick?d",,Submission,0,0.5,https://www.reddit.com/r/uichicago/comments/1vj1tud/org_chem_with_yermolina_or_mohr/,https://www.reddit.com/r/uichicago/comments/1vj1tud/org_chem_with_yermolina_or_mohr/,[],,Question
1vj1t59,2026-08-08 17:27:49,sillysneaky_mouse,uichicago,What does a financial hold mean?,"When trying to figure out on the website it really only mentions keeping me from registration, but i’ve already registered for classes for fall semester (i’m a returning sophomore) does registration also mean actually being able to attend classes? ",,Submission,0,0.5,https://www.reddit.com/r/uichicago/comments/1vj1t59/what_does_a_financial_hold_mean/,https://www.reddit.com/r/uichicago/comments/1vj1t59/what_does_a_financial_hold_mean/,[],,Question
1vixp4s,2026-08-08 14:39:37,lil_strawberry__,uichicago,rate my freshman schedule!!,"a lot of people claim that having 8am classes are bad and it’d be nothing like high school. i’m well aware of that, and i consider myself to be an early bird, so i don’t rlly see any issues w my schedule. what are your thoughts?",,Submission,5,0.86,https://i.redd.it/zqm5d1dlx5ih1.jpeg,https://www.reddit.com/r/uichicago/comments/1vixp4s/rate_my_freshman_schedule/,"[""https://preview.redd.it/zqm5d1dlx5ih1.jpeg?auto=webp&s=fd4e46dfd29a8d0176e4e7524ed1db3e31151d49"", ""https://i.redd.it/zqm5d1dlx5ih1.jpeg""]",BA | ‘30,Discussion
1viwa96,2026-08-08 13:38:34,Capable-Lab-3469,uichicago,Rate my schedule as a Freshman 😛,,,Submission,2,0.67,https://i.redd.it/wnau1obpm5ih1.jpeg,https://www.reddit.com/r/uichicago/comments/1viwa96/rate_my_schedule_as_a_freshman/,"[""https://preview.redd.it/wnau1obpm5ih1.jpeg?auto=webp&s=5ec73724ea87ccf9fc67d81f583e3ba3e7eea0e9"", ""https://i.redd.it/wnau1obpm5ih1.jpeg""]",Applied Psych | ‘30,Discussion
1vip2ga,2026-08-08 06:59:48,KobeniSoupy,uichicago,Rate my schedule (incoming accounting major freshman),Is it fine that I’m not taking an accounting course 1st sem? My academic advisor recommended these classes but accounting hmm…,,Submission,2,0.75,https://i.redd.it/h5myxg2kn3ih1.jpeg,https://www.reddit.com/r/uichicago/comments/1vip2ga/rate_my_schedule_incoming_accounting_major/,"[""https://preview.redd.it/h5myxg2kn3ih1.jpeg?auto=webp&s=4752632a74720c53da9ef114736fd90570437cc3"", ""https://i.redd.it/h5myxg2kn3ih1.jpeg""]",,Discussion
1vilito,2026-08-08 03:46:25,zKrix26,uichicago,Anyone got advice on any of these classes I'm taking this semester?,"Was looking to get advice on my classes & professors this semester, I've heard CS 341 and 342 are decent but just wanted to make sure before the semester starts",,Submission,3,1.0,https://i.redd.it/qiv0xxnpo2ih1.png,https://www.reddit.com/r/uichicago/comments/1vilito/anyone_got_advice_on_any_of_these_classes_im/,"[""https://preview.redd.it/qiv0xxnpo2ih1.png?auto=webp&s=c6d76c7890c57b5b513e97e1ac2960a3dc616d39"", ""https://i.redd.it/qiv0xxnpo2ih1.png""]",,
1vijp64,2026-08-08 02:16:02,Quick_Position_2381,uichicago,"Can anyone share Mullers Bio 110 slides, past exams, or any resources they have?","I had a terrible biology teacher in highschool and I am worried I will do bad in this class. If you've taken this class before or have any resources I could use, I would appreciate if you could share it.",,Submission,1,1.0,https://www.reddit.com/r/uichicago/comments/1vijp64/can_anyone_share_mullers_bio_110_slides_past/,https://www.reddit.com/r/uichicago/comments/1vijp64/can_anyone_share_mullers_bio_110_slides_past/,[],,Question
1vije8h,2026-08-08 02:00:51,Common-Soft-4195,uichicago,UIC ChemE + Pre-Med… is this actually doable?,"Hey! I’m a high school senior in Illinois and I’m trying to figure out if **Chemical Engineering + Pre-Med at UIC** is actually a good idea for me.

I want to go to med school eventually, but I also like having a solid degree/career option in case I want or need to work for a year before med school.

For context:

* 3.25 UW / 3.62W GPA
* Taking AP Chem, AP Physics, AP bio, and a bunch of other humanities APs 
* Really interested in medicine, research, and neuroscience
* 1500 SAT 
* Also considering Northwestern ChemE and UChicago Neuroscience

I looked at the UIC ChemE requirements and some of those 17–18 credit semesters look kinda terrifying 😭

For anyone who’s actually done UIC ChemE or ChemE + pre-med:

* How hard is it REALLY?
* Is it possible to keep a good GPA? (like 3.9+)
* How much extra work does pre-med add?
* Can you still do research/clinical hours/MCAT prep without completely losing your mind?
* How are internships and job opportunities after ChemE?
* If you could go back, would you still choose ChemE for pre-med?
* Do you think it’s worth doing ChemE instead of something like Neuroscience/Bio for the career backup?
* And realistically, do you think someone with my stats has a shot at getting into UIC ChemE?

I’d really appreciate honest opinions/experiences from current or former students!",,Submission,2,1.0,https://www.reddit.com/r/uichicago/comments/1vije8h/uic_cheme_premed_is_this_actually_doable/,https://www.reddit.com/r/uichicago/comments/1vije8h/uic_cheme_premed_is_this_actually_doable/,[],,Question
1vija3h,2026-08-08 01:55:18,jmom39,uichicago,Can I just take the AP credit instead of the grade?,"Does anyone know?

I already have AP credit for Physics but kind of want to take it again anyway. Let’s say I don’t get the grade I was hoping for—can I just opt to take the AP credit instead of the grade so it doesn’t affect my gpa, or am I stuck with the grade even though I could have just taken the credit had I not taken the class?",,Submission,0,0.29,https://www.reddit.com/r/uichicago/comments/1vija3h/can_i_just_take_the_ap_credit_instead_of_the_grade/,https://www.reddit.com/r/uichicago/comments/1vija3h/can_i_just_take_the_ap_credit_instead_of_the_grade/,[],,Question
1viip0l,2026-08-08 01:26:24,jmom39,uichicago,Should I take Phys 141 if I already have AP credit?,I got credit for Phys 141 through my AP exam but am thinking of taking it again just to get a strong foundation in preparing to become a mechanical engineer. Is this a good or bad idea?  Would I be wise just to take the AP credit and just start with Phys 142 next semester?  Or will I be unprepared with just the AP credit?,,Submission,1,1.0,https://www.reddit.com/r/uichicago/comments/1viip0l/should_i_take_phys_141_if_i_already_have_ap_credit/,https://www.reddit.com/r/uichicago/comments/1viip0l/should_i_take_phys_141_if_i_already_have_ap_credit/,[],,Question
1vii5uz,2026-08-08 01:00:28,jmom39,uichicago,Is this schedule too much?,"Is it feasible for a freshman to take both Physics 141 and Chemistry 122/123 their first semester? Already have AP credit for 141 but wanted to maybe take it again for the labs. Is that a mistake? Will I be able to handle both or should I just focus on Chemistry? Also, will be commuting.

Full schedule:

CHEM 122/123  
PHYS 141  
ME 250  
ENGR 100  
ENGL 161

Would love your feedback. Thx",,Submission,5,1.0,https://www.reddit.com/r/uichicago/comments/1vii5uz/is_this_schedule_too_much/,https://www.reddit.com/r/uichicago/comments/1vii5uz/is_this_schedule_too_much/,[],,Question
1vigp7g,2026-08-07 23:52:28,Budget_Blacksmith559,uichicago,how do yall make friends,how are yall making friends??? i swear it’s so hard to make friends here everyone seems so rude or i find someone to talk to and then i never speak to after the semester ends. someone said join clubs but how are yall finding them?? what kind of clubs?? idk im genuinely just so lost and im literally in my senior year🫩,,Submission,28,0.94,https://www.reddit.com/r/uichicago/comments/1vigp7g/how_do_yall_make_friends/,https://www.reddit.com/r/uichicago/comments/1vigp7g/how_do_yall_make_friends/,[],,
1vif6o2,2026-08-07 22:44:24,geebuttersnaps9,uichicago,Prevalence of bike theft,I'm considering getting a bike to ride to campus. The catch is that I don't want it to get stolen. Does anyone have any knowledge on how often bikes get stolen on campus?,,Submission,4,0.75,https://www.reddit.com/r/uichicago/comments/1vif6o2/prevalence_of_bike_theft/,https://www.reddit.com/r/uichicago/comments/1vif6o2/prevalence_of_bike_theft/,[],EE | 2029,Question
1vi3qkr,2026-08-07 15:27:34,Dense-Guest9048,uichicago,UIC MSN-GE — How much are you actually paying for summer tuition?,"Hi everyone! I’m an incoming UIC Graduate Entry MSN student for Fall 2026 and I’m trying to understand the actual cost of the program, especially as an out-of-state student.  
My financial aid/COA estimate was based on Fall and Spring, and I recently found out from Financial Aid that **summer is NOT included in that COA**, even though summer courses are a required part of the program. They told me that once I register for 5+ summer credits, they manually calculate a separate summer COA and that I would need an additional loan if I want to finance summer.  
Based on the number of summer credits required, this could potentially add another **$30–40k across the two summers** on top of what I originally thought I would need for tuition, which honestly caught me off guard.  
For any current or former GEM students, especially anyone who was out-of-state: **How much did your summer semesters actually cost? And approximately how much did you end up paying in tuition and fees for the entire program?**  
I’d really appreciate hearing from anyone who has gone through it because I’m trying to get a realistic picture of the total program cost.",,Submission,1,1.0,https://www.reddit.com/r/uichicago/comments/1vi3qkr/uic_msnge_how_much_are_you_actually_paying_for/,https://www.reddit.com/r/uichicago/comments/1vi3qkr/uic_msnge_how_much_are_you_actually_paying_for/,[],,Question
1vhvnr5,2026-08-07 09:19:20,Spirited_Ant_2287,uichicago,I’m so confused,,,Submission,1,1.0,,https://www.reddit.com/r/uichicago/comments/1vhvnr5/im_so_confused/,[],,
1vhqpyy,2026-08-07 04:34:32,kha-millaa,uichicago,Any fees able to be waived?,"Right now I owe almost 9k in tuition, is there anything in the fees which I can waive? I've already sent in a waiver for the medical insurance, what else could I waive?",,Submission,7,1.0,https://www.reddit.com/r/uichicago/comments/1vhqpyy/any_fees_able_to_be_waived/,https://www.reddit.com/r/uichicago/comments/1vhqpyy/any_fees_able_to_be_waived/,[],,Question
